2026-06-19T03:43:01.232224+00:00 WARNING 'ansible_navigator.image_manager.puller._log_message' Image inspection failed, image assumed to be corrupted or missing
2026-06-19T03:43:01.232590+00:00 WARNING 'ansible_navigator.image_manager.puller._log_message' stdout: []

2026-06-19T03:43:01.232654+00:00 WARNING 'ansible_navigator.image_manager.puller._log_message' stderr: Error: registry.redhat.io/ansible-automation-platform-25/ee-supported-rhel8:latest: image not known

2026-06-19T03:43:02.787887+00:00 ERROR 'ansible_navigator.image_manager.puller._log_message' Execution environment pull failed
2026-06-22T02:55:05.141251+00:00 INFO 'ansible_navigator.setup_logger' New ansible-navigator instance, logging initialized
2026-06-22T02:55:05.142720+00:00 INFO 'ansible_navigator.setup_logger' New ansible-runner instance, logging initialized
2026-06-22T02:55:05.142837+00:00 DEBUG 'ansible_navigator.main' Django==4.2.25 
2026-06-22T02:55:05.142895+00:00 DEBUG 'ansible_navigator.main' MarkupSafe==2.1.5 
2026-06-22T02:55:05.142940+00:00 DEBUG 'ansible_navigator.main' Parsley==1.3 
2026-06-22T02:55:05.142980+00:00 DEBUG 'ansible_navigator.main' PyYAML==6.0 
2026-06-22T02:55:05.143016+00:00 DEBUG 'ansible_navigator.main' ansible-builder==3.1.0 
2026-06-22T02:55:05.143061+00:00 DEBUG 'ansible_navigator.main' ansible-compat==25.8.1 
2026-06-22T02:55:05.143116+00:00 DEBUG 'ansible_navigator.main' ansible-core==2.16.14 
2026-06-22T02:55:05.143160+00:00 DEBUG 'ansible_navigator.main' ansible-creator==25.8.0 
2026-06-22T02:55:05.143191+00:00 DEBUG 'ansible_navigator.main' ansible-dev-environment==25.8.0 
2026-06-22T02:55:05.143219+00:00 DEBUG 'ansible_navigator.main' ansible-dev-tools==25.8.3 
2026-06-22T02:55:05.143246+00:00 DEBUG 'ansible_navigator.main' ansible-lint==25.8.2 
2026-06-22T02:55:05.143269+00:00 DEBUG 'ansible_navigator.main' ansible-navigator==25.8.0 
2026-06-22T02:55:05.143296+00:00 DEBUG 'ansible_navigator.main' ansible-pylibssh==1.2.2 
2026-06-22T02:55:05.143315+00:00 DEBUG 'ansible_navigator.main' ansible-runner==2.4.1 
2026-06-22T02:55:05.143332+00:00 DEBUG 'ansible_navigator.main' ansible-sign==0.1.2 
2026-06-22T02:55:05.143348+00:00 DEBUG 'ansible_navigator.main' asgiref==3.7.2 /usr/lib/python3.11/site-packages/asgiref/__init__.py
2026-06-22T02:55:05.143364+00:00 DEBUG 'ansible_navigator.main' attrs==22.2.0 /usr/lib/python3.11/site-packages/attrs/__init__.py
2026-06-22T02:55:05.143381+00:00 DEBUG 'ansible_navigator.main' bindep==2.11.0 /usr/lib/python3.11/site-packages/bindep/__init__.py
2026-06-22T02:55:05.143398+00:00 DEBUG 'ansible_navigator.main' cachetools==5.3.2 /usr/lib/python3.11/site-packages/cachetools/__init__.py
2026-06-22T02:55:05.143414+00:00 DEBUG 'ansible_navigator.main' certifi==2023.5.7 /usr/lib/python3.11/site-packages/certifi/__init__.py
2026-06-22T02:55:05.143430+00:00 DEBUG 'ansible_navigator.main' cffi==1.15.1 /usr/lib64/python3.11/site-packages/cffi/__init__.py
2026-06-22T02:55:05.143455+00:00 DEBUG 'ansible_navigator.main' chardet==5.2.0 /usr/lib/python3.11/site-packages/chardet/__init__.py
2026-06-22T02:55:05.143471+00:00 DEBUG 'ansible_navigator.main' charset-normalizer==2.1.0 
2026-06-22T02:55:05.143487+00:00 DEBUG 'ansible_navigator.main' click-help-colors==0.9.4 
2026-06-22T02:55:05.143503+00:00 DEBUG 'ansible_navigator.main' click==8.1.7 /usr/lib/python3.11/site-packages/click/__init__.py
2026-06-22T02:55:05.143519+00:00 DEBUG 'ansible_navigator.main' commonmark==0.9.1 /usr/lib/python3.11/site-packages/commonmark/__init__.py
2026-06-22T02:55:05.143537+00:00 DEBUG 'ansible_navigator.main' cryptography==42.0.5 /usr/lib64/python3.11/site-packages/cryptography/__init__.py
2026-06-22T02:55:05.143553+00:00 DEBUG 'ansible_navigator.main' distlib==0.3.8 /usr/lib/python3.11/site-packages/distlib/__init__.py
2026-06-22T02:55:05.143569+00:00 DEBUG 'ansible_navigator.main' distro==1.9.0 /usr/lib/python3.11/site-packages/distro/__init__.py
2026-06-22T02:55:05.143585+00:00 DEBUG 'ansible_navigator.main' docutils==0.20.1 /usr/lib/python3.11/site-packages/docutils/__init__.py
2026-06-22T02:55:05.143601+00:00 DEBUG 'ansible_navigator.main' enrich==1.2.7 /usr/lib/python3.11/site-packages/enrich/__init__.py
2026-06-22T02:55:05.143632+00:00 DEBUG 'ansible_navigator.main' grpcio==1.58.3 
2026-06-22T02:55:05.143650+00:00 DEBUG 'ansible_navigator.main' gunicorn==22.0.0 /usr/lib/python3.11/site-packages/gunicorn/__init__.py
2026-06-22T02:55:05.143667+00:00 DEBUG 'ansible_navigator.main' idna==3.4 /usr/lib/python3.11/site-packages/idna/__init__.py
2026-06-22T02:55:05.143682+00:00 DEBUG 'ansible_navigator.main' importlib-metadata==6.0.1 
2026-06-22T02:55:05.143699+00:00 DEBUG 'ansible_navigator.main' isodate==0.6.1 /usr/lib/python3.11/site-packages/isodate/__init__.py
2026-06-22T02:55:05.143733+00:00 DEBUG 'ansible_navigator.main' lazy-object-proxy==1.10.0 
2026-06-22T02:55:05.143750+00:00 DEBUG 'ansible_navigator.main' lockfile==0.12.2 /usr/lib/python3.11/site-packages/lockfile/__init__.py
2026-06-22T02:55:05.143766+00:00 DEBUG 'ansible_navigator.main' lxml==4.9.2 /usr/lib64/python3.11/site-packages/lxml/__init__.py
2026-06-22T02:55:05.143782+00:00 DEBUG 'ansible_navigator.main' molecule==25.7.0 /usr/lib/python3.11/site-packages/molecule/__init__.py
2026-06-22T02:55:05.143798+00:00 DEBUG 'ansible_navigator.main' mypy-extensions==1.0.0 
2026-06-22T02:55:05.143813+00:00 DEBUG 'ansible_navigator.main' onigurumacffi==1.3.0 /usr/lib64/python3.11/site-packages/onigurumacffi.py
2026-06-22T02:55:05.143829+00:00 DEBUG 'ansible_navigator.main' parse==1.20.1 /usr/lib/python3.11/site-packages/parse.py
2026-06-22T02:55:05.143845+00:00 DEBUG 'ansible_navigator.main' pbr==6.0.0 /usr/lib/python3.11/site-packages/pbr/__init__.py
2026-06-22T02:55:05.143861+00:00 DEBUG 'ansible_navigator.main' pexpect==4.9.0 /usr/lib/python3.11/site-packages/pexpect/__init__.py
2026-06-22T02:55:05.143876+00:00 DEBUG 'ansible_navigator.main' pip==22.3.1 /usr/lib/python3.11/site-packages/pip/__init__.py
2026-06-22T02:55:05.143892+00:00 DEBUG 'ansible_navigator.main' pluggy==1.4.0 /usr/lib/python3.11/site-packages/pluggy/__init__.py
2026-06-22T02:55:05.143907+00:00 DEBUG 'ansible_navigator.main' ply==3.11 /usr/lib/python3.11/site-packages/ply/__init__.py
2026-06-22T02:55:05.143923+00:00 DEBUG 'ansible_navigator.main' protobuf==4.21.12 
2026-06-22T02:55:05.143939+00:00 DEBUG 'ansible_navigator.main' pycparser==2.20 /usr/lib/python3.11/site-packages/pycparser/__init__.py
2026-06-22T02:55:05.143954+00:00 DEBUG 'ansible_navigator.main' pytest-ansible==25.8.0 
2026-06-22T02:55:05.143969+00:00 DEBUG 'ansible_navigator.main' pytest-plus==0.8.1 
2026-06-22T02:55:05.143985+00:00 DEBUG 'ansible_navigator.main' pytest-sugar==1.1.1 
2026-06-22T02:55:05.144000+00:00 DEBUG 'ansible_navigator.main' pytest-xdist==3.5.0 
2026-06-22T02:55:05.144016+00:00 DEBUG 'ansible_navigator.main' pytest==8.0.1 /usr/lib/python3.11/site-packages/pytest/__init__.py
2026-06-22T02:55:05.144032+00:00 DEBUG 'ansible_navigator.main' python-daemon==2.3.2 
2026-06-22T02:55:05.144047+00:00 DEBUG 'ansible_navigator.main' python-gnupg==0.5.2 
2026-06-22T02:55:05.144063+00:00 DEBUG 'ansible_navigator.main' requests==2.31.0 /usr/lib/python3.11/site-packages/requests/__init__.py
2026-06-22T02:55:05.144078+00:00 DEBUG 'ansible_navigator.main' resolvelib==1.0.1 /usr/lib/python3.11/site-packages/resolvelib/__init__.py
2026-06-22T02:55:05.144094+00:00 DEBUG 'ansible_navigator.main' rfc3339-validator==0.1.4 
2026-06-22T02:55:05.144109+00:00 DEBUG 'ansible_navigator.main' ruamel.yaml.clib==0.2.8 
2026-06-22T02:55:05.144125+00:00 DEBUG 'ansible_navigator.main' ruamel.yaml==0.18.15 /usr/lib/python3.11/site-packages/ruamel/yaml/__init__.py
2026-06-22T02:55:05.144141+00:00 DEBUG 'ansible_navigator.main' setuptools==65.5.1 /usr/lib/python3.11/site-packages/setuptools/__init__.py
2026-06-22T02:55:05.144157+00:00 DEBUG 'ansible_navigator.main' six==1.16.0 /usr/lib/python3.11/site-packages/six.py
2026-06-22T02:55:05.144173+00:00 DEBUG 'ansible_navigator.main' subprocess-tee==0.4.1 
2026-06-22T02:55:05.144188+00:00 DEBUG 'ansible_navigator.main' tox-ansible==25.8.0 
2026-06-22T02:55:05.144204+00:00 DEBUG 'ansible_navigator.main' urllib3==1.26.20 /usr/lib/python3.11/site-packages/urllib3/__init__.py
2026-06-22T02:55:05.144223+00:00 DEBUG 'ansible_navigator.main' yamllint==1.35.1 /usr/lib/python3.11/site-packages/yamllint/__init__.py
2026-06-22T02:55:05.144239+00:00 DEBUG 'ansible_navigator.main' zipp==3.19.2 /usr/lib/python3.11/site-packages/zipp/__init__.py
2026-06-22T02:55:05.144255+00:00 DEBUG 'ansible_navigator.main' Default collection_doc_cache_path set to: /root/.cache/ansible-navigator/collection_doc_cache.db
2026-06-22T02:55:05.144271+00:00 DEBUG 'ansible_navigator.main' EDITOR environment variable not set
2026-06-22T02:55:05.144287+00:00 DEBUG 'ansible_navigator.main' Default editor_command set to: vi +{line_number} {filename}
2026-06-22T02:55:05.144303+00:00 DEBUG 'ansible_navigator.main' No config file set by ANSIBLE_NAVIGATOR_CONFIG
2026-06-22T02:55:05.144318+00:00 DEBUG 'ansible_navigator.main' Looking in /root/.ansible-navigator
2026-06-22T02:55:05.144334+00:00 DEBUG 'ansible_navigator.main' Looking for '/root/.ansible-navigator.yml', '/root/.ansible-navigator.yaml' and '/root/.ansible-navigator.json'
2026-06-22T02:55:05.144349+00:00 DEBUG 'ansible_navigator.main' Found 0: 
2026-06-22T02:55:05.144365+00:00 DEBUG 'ansible_navigator.main' Looking in /workspaces/ansible/ansible-navigator
2026-06-22T02:55:05.144381+00:00 DEBUG 'ansible_navigator.main' Looking for '/workspaces/ansible/ansible-navigator.yml', '/workspaces/ansible/ansible-navigator.yaml' and '/workspaces/ansible/ansible-navigator.json'
2026-06-22T02:55:05.144397+00:00 DEBUG 'ansible_navigator.main' Found 1: '/workspaces/ansible/ansible-navigator.yaml'
2026-06-22T02:55:05.144412+00:00 DEBUG 'ansible_navigator.main' All found 1: '/workspaces/ansible/ansible-navigator.yaml'
2026-06-22T02:55:05.144446+00:00 DEBUG 'ansible_navigator.main' Using: /workspaces/ansible/ansible-navigator.yaml
2026-06-22T02:55:05.144461+00:00 DEBUG 'ansible_navigator.main' Using settings file at /workspaces/ansible/ansible-navigator.yaml in search path
2026-06-22T02:55:05.144476+00:00 DEBUG 'ansible_navigator.main' Command provided: 'config'
2026-06-22T02:55:05.144496+00:00 WARNING 'ansible_navigator.main' Configuration errors encountered, rolling back to previous configuration.
2026-06-22T02:55:05.144512+00:00 DEBUG 'ansible_navigator.main' Prior to rollback: ansible_runner_artifact_dir = 'Not set' (Constants/Not set)
2026-06-22T02:55:05.144527+00:00 DEBUG 'ansible_navigator.main' Prior to rollback: ansible_runner_rotate_artifacts_count = 'Not set' (Constants/Not set)
2026-06-22T02:55:05.144542+00:00 DEBUG 'ansible_navigator.main' Prior to rollback: ansible_runner_timeout = 'Not set' (Constants/Not set)
2026-06-22T02:55:05.144557+00:00 DEBUG 'ansible_navigator.main' Prior to rollback: ansible_runner_write_job_events = 'False' (bool/Defaults)
2026-06-22T02:55:05.144571+00:00 DEBUG 'ansible_navigator.main' Prior to rollback: app = 'config' (str/Command line)
2026-06-22T02:55:05.144585+00:00 DEBUG 'ansible_navigator.main' Prior to rollback: cmdline = 'Not set' (Constants/Not set)
2026-06-22T02:55:05.144601+00:00 DEBUG 'ansible_navigator.main' Prior to rollback: collection_doc_cache_path = '/root/.cache/ansible-navigator/collection_doc_cache.db' (str/Defaults)
2026-06-22T02:55:05.144615+00:00 DEBUG 'ansible_navigator.main' Prior to rollback: config = 'Not set' (Constants/Not set)
2026-06-22T02:55:05.144630+00:00 DEBUG 'ansible_navigator.main' Prior to rollback: container_engine = 'auto' (str/Defaults)
2026-06-22T02:55:05.144644+00:00 DEBUG 'ansible_navigator.main' Prior to rollback: container_options = 'Not set' (Constants/Not set)
2026-06-22T02:55:05.144659+00:00 DEBUG 'ansible_navigator.main' Prior to rollback: display_color = 'True' (bool/Defaults)
2026-06-22T02:55:05.144674+00:00 DEBUG 'ansible_navigator.main' Prior to rollback: editor_command = 'vi +{line_number} {filename}' (str/Defaults)
2026-06-22T02:55:05.144688+00:00 DEBUG 'ansible_navigator.main' Prior to rollback: editor_console = 'True' (bool/Defaults)
2026-06-22T02:55:05.144703+00:00 DEBUG 'ansible_navigator.main' Prior to rollback: enable_prompts = 'False' (bool/Defaults)
2026-06-22T02:55:05.144732+00:00 DEBUG 'ansible_navigator.main' Prior to rollback: exec_command = '/bin/bash' (str/Defaults)
2026-06-22T02:55:05.144748+00:00 DEBUG 'ansible_navigator.main' Prior to rollback: exec_shell = 'True' (bool/Defaults)
2026-06-22T02:55:05.144763+00:00 DEBUG 'ansible_navigator.main' Prior to rollback: execution_environment = 'True' (bool/Defaults)
2026-06-22T02:55:05.144778+00:00 DEBUG 'ansible_navigator.main' Prior to rollback: execution_environment_image = 'registry.redhat.io/ansible-automation-platform-25/ee-supported-rhel8:latest' (str/Defaults)
2026-06-22T02:55:05.144792+00:00 DEBUG 'ansible_navigator.main' Prior to rollback: execution_environment_volume_mounts = 'Not set' (Constants/Not set)
2026-06-22T02:55:05.144807+00:00 DEBUG 'ansible_navigator.main' Prior to rollback: format = 'yaml' (str/Defaults)
2026-06-22T02:55:05.144821+00:00 DEBUG 'ansible_navigator.main' Prior to rollback: help_builder = 'False' (bool/Defaults)
2026-06-22T02:55:05.144837+00:00 DEBUG 'ansible_navigator.main' Prior to rollback: help_config = 'False' (bool/Defaults)
2026-06-22T02:55:05.144851+00:00 DEBUG 'ansible_navigator.main' Prior to rollback: help_doc = 'False' (bool/Defaults)
2026-06-22T02:55:05.144866+00:00 DEBUG 'ansible_navigator.main' Prior to rollback: help_inventory = 'False' (bool/Defaults)
2026-06-22T02:55:05.144897+00:00 DEBUG 'ansible_navigator.main' Prior to rollback: help_playbook = 'False' (bool/Defaults)
2026-06-22T02:55:05.144912+00:00 DEBUG 'ansible_navigator.main' Prior to rollback: images_details = '['everything']' (list/Defaults)
2026-06-22T02:55:05.144927+00:00 DEBUG 'ansible_navigator.main' Prior to rollback: inventory = 'Not set' (Constants/Not set)
2026-06-22T02:55:05.144942+00:00 DEBUG 'ansible_navigator.main' Prior to rollback: inventory_column = 'Not set' (Constants/Not set)
2026-06-22T02:55:05.144958+00:00 DEBUG 'ansible_navigator.main' Prior to rollback: lint_config = 'Not set' (Constants/Not set)
2026-06-22T02:55:05.144984+00:00 DEBUG 'ansible_navigator.main' Prior to rollback: lintables = 'Not set' (Constants/Not set)
2026-06-22T02:55:05.144999+00:00 DEBUG 'ansible_navigator.main' Prior to rollback: log_append = 'True' (bool/Defaults)
2026-06-22T02:55:05.145013+00:00 DEBUG 'ansible_navigator.main' Prior to rollback: log_file = '/workspaces/ansible/ansible-navigator.log' (str/Defaults)
2026-06-22T02:55:05.145028+00:00 DEBUG 'ansible_navigator.main' Prior to rollback: log_level = 'warning' (str/Defaults)
2026-06-22T02:55:05.145059+00:00 DEBUG 'ansible_navigator.main' Prior to rollback: mode = 'interactive' (str/Defaults)
2026-06-22T02:55:05.145074+00:00 DEBUG 'ansible_navigator.main' Prior to rollback: osc4 = 'True' (bool/Defaults)
2026-06-22T02:55:05.145089+00:00 DEBUG 'ansible_navigator.main' Prior to rollback: pass_environment_variable = 'Not set' (Constants/Not set)
2026-06-22T02:55:05.145104+00:00 DEBUG 'ansible_navigator.main' Prior to rollback: playbook = 'Not set' (Constants/Not set)
2026-06-22T02:55:05.145119+00:00 DEBUG 'ansible_navigator.main' Prior to rollback: playbook_artifact_enable = 'True' (bool/Defaults)
2026-06-22T02:55:05.145136+00:00 DEBUG 'ansible_navigator.main' Prior to rollback: playbook_artifact_replay = 'Not set' (Constants/Not set)
2026-06-22T02:55:05.145161+00:00 DEBUG 'ansible_navigator.main' Prior to rollback: playbook_artifact_save_as = '{playbook_dir}/{playbook_name}-artifact-{time_stamp}.json' (str/Defaults)
2026-06-22T02:55:05.145182+00:00 DEBUG 'ansible_navigator.main' Prior to rollback: plugin_name = 'Not set' (Constants/Not set)
2026-06-22T02:55:05.145204+00:00 DEBUG 'ansible_navigator.main' Prior to rollback: plugin_type = 'module' (str/Defaults)
2026-06-22T02:55:05.145228+00:00 DEBUG 'ansible_navigator.main' Prior to rollback: pull_arguments = 'Not set' (Constants/Not set)
2026-06-22T02:55:05.145249+00:00 DEBUG 'ansible_navigator.main' Prior to rollback: pull_policy = 'tag' (str/Defaults)
2026-06-22T02:55:05.145269+00:00 DEBUG 'ansible_navigator.main' Prior to rollback: set_environment_variable = 'Not set' (Constants/Not set)
2026-06-22T02:55:05.145301+00:00 DEBUG 'ansible_navigator.main' Prior to rollback: settings_effective = 'False' (bool/Defaults)
2026-06-22T02:55:05.145329+00:00 DEBUG 'ansible_navigator.main' Prior to rollback: settings_sample = 'False' (bool/Defaults)
2026-06-22T02:55:05.145351+00:00 DEBUG 'ansible_navigator.main' Prior to rollback: settings_schema = 'json' (str/Defaults)
2026-06-22T02:55:05.145373+00:00 DEBUG 'ansible_navigator.main' Prior to rollback: settings_sources = 'False' (bool/Defaults)
2026-06-22T02:55:05.145393+00:00 DEBUG 'ansible_navigator.main' Prior to rollback: time_zone = 'UTC' (str/Defaults)
2026-06-22T02:55:05.145421+00:00 DEBUG 'ansible_navigator.main' Prior to rollback: workdir = '/workspaces/ansible' (str/Defaults)
2026-06-22T02:55:05.145454+00:00 DEBUG 'ansible_navigator.main' After rollback: ansible_runner_artifact_dir = 'Not set' (Constants/Not set)
2026-06-22T02:55:05.145476+00:00 DEBUG 'ansible_navigator.main' After rollback: ansible_runner_rotate_artifacts_count = 'Not set' (Constants/Not set)
2026-06-22T02:55:05.145497+00:00 DEBUG 'ansible_navigator.main' After rollback: ansible_runner_timeout = 'Not set' (Constants/Not set)
2026-06-22T02:55:05.145520+00:00 DEBUG 'ansible_navigator.main' After rollback: ansible_runner_write_job_events = 'Not set' (Constants/Not set)
2026-06-22T02:55:05.145543+00:00 DEBUG 'ansible_navigator.main' After rollback: app = 'Not set' (Constants/Not set)
2026-06-22T02:55:05.145560+00:00 DEBUG 'ansible_navigator.main' After rollback: cmdline = 'Not set' (Constants/Not set)
2026-06-22T02:55:05.145576+00:00 DEBUG 'ansible_navigator.main' After rollback: collection_doc_cache_path = 'Not set' (Constants/Not set)
2026-06-22T02:55:05.145591+00:00 DEBUG 'ansible_navigator.main' After rollback: config = 'Not set' (Constants/Not set)
2026-06-22T02:55:05.145607+00:00 DEBUG 'ansible_navigator.main' After rollback: container_engine = 'Not set' (Constants/Not set)
2026-06-22T02:55:05.145622+00:00 DEBUG 'ansible_navigator.main' After rollback: container_options = 'Not set' (Constants/Not set)
2026-06-22T02:55:05.145638+00:00 DEBUG 'ansible_navigator.main' After rollback: display_color = 'Not set' (Constants/Not set)
2026-06-22T02:55:05.145653+00:00 DEBUG 'ansible_navigator.main' After rollback: editor_command = 'Not set' (Constants/Not set)
2026-06-22T02:55:05.145668+00:00 DEBUG 'ansible_navigator.main' After rollback: editor_console = 'Not set' (Constants/Not set)
2026-06-22T02:55:05.145687+00:00 DEBUG 'ansible_navigator.main' After rollback: enable_prompts = 'Not set' (Constants/Not set)
2026-06-22T02:55:05.145702+00:00 DEBUG 'ansible_navigator.main' After rollback: exec_command = 'Not set' (Constants/Not set)
2026-06-22T02:55:05.145738+00:00 DEBUG 'ansible_navigator.main' After rollback: exec_shell = 'Not set' (Constants/Not set)
2026-06-22T02:55:05.145754+00:00 DEBUG 'ansible_navigator.main' After rollback: execution_environment = 'Not set' (Constants/Not set)
2026-06-22T02:55:05.145769+00:00 DEBUG 'ansible_navigator.main' After rollback: execution_environment_image = 'Not set' (Constants/Not set)
2026-06-22T02:55:05.145785+00:00 DEBUG 'ansible_navigator.main' After rollback: execution_environment_volume_mounts = 'Not set' (Constants/Not set)
2026-06-22T02:55:05.145800+00:00 DEBUG 'ansible_navigator.main' After rollback: format = 'Not set' (Constants/Not set)
2026-06-22T02:55:05.145815+00:00 DEBUG 'ansible_navigator.main' After rollback: help_builder = 'Not set' (Constants/Not set)
2026-06-22T02:55:05.145830+00:00 DEBUG 'ansible_navigator.main' After rollback: help_config = 'Not set' (Constants/Not set)
2026-06-22T02:55:05.145845+00:00 DEBUG 'ansible_navigator.main' After rollback: help_doc = 'Not set' (Constants/Not set)
2026-06-22T02:55:05.145860+00:00 DEBUG 'ansible_navigator.main' After rollback: help_inventory = 'Not set' (Constants/Not set)
2026-06-22T02:55:05.145875+00:00 DEBUG 'ansible_navigator.main' After rollback: help_playbook = 'Not set' (Constants/Not set)
2026-06-22T02:55:05.145890+00:00 DEBUG 'ansible_navigator.main' After rollback: images_details = 'Not set' (Constants/Not set)
2026-06-22T02:55:05.145910+00:00 DEBUG 'ansible_navigator.main' After rollback: inventory = 'Not set' (Constants/Not set)
2026-06-22T02:55:05.145925+00:00 DEBUG 'ansible_navigator.main' After rollback: inventory_column = 'Not set' (Constants/Not set)
2026-06-22T02:55:05.145940+00:00 DEBUG 'ansible_navigator.main' After rollback: lint_config = 'Not set' (Constants/Not set)
2026-06-22T02:55:05.145956+00:00 DEBUG 'ansible_navigator.main' After rollback: lintables = 'Not set' (Constants/Not set)
2026-06-22T02:55:05.145970+00:00 DEBUG 'ansible_navigator.main' After rollback: log_append = 'Not set' (Constants/Not set)
2026-06-22T02:55:05.145986+00:00 DEBUG 'ansible_navigator.main' After rollback: log_file = 'Not set' (Constants/Not set)
2026-06-22T02:55:05.146001+00:00 DEBUG 'ansible_navigator.main' After rollback: log_level = 'Not set' (Constants/Not set)
2026-06-22T02:55:05.146016+00:00 DEBUG 'ansible_navigator.main' After rollback: mode = 'Not set' (Constants/Not set)
2026-06-22T02:55:05.146031+00:00 DEBUG 'ansible_navigator.main' After rollback: osc4 = 'Not set' (Constants/Not set)
2026-06-22T02:55:05.146046+00:00 DEBUG 'ansible_navigator.main' After rollback: pass_environment_variable = 'Not set' (Constants/Not set)
2026-06-22T02:55:05.146061+00:00 DEBUG 'ansible_navigator.main' After rollback: playbook = 'Not set' (Constants/Not set)
2026-06-22T02:55:05.146076+00:00 DEBUG 'ansible_navigator.main' After rollback: playbook_artifact_enable = 'Not set' (Constants/Not set)
2026-06-22T02:55:05.146091+00:00 DEBUG 'ansible_navigator.main' After rollback: playbook_artifact_replay = 'Not set' (Constants/Not set)
2026-06-22T02:55:05.146107+00:00 DEBUG 'ansible_navigator.main' After rollback: playbook_artifact_save_as = 'Not set' (Constants/Not set)
2026-06-22T02:55:05.146122+00:00 DEBUG 'ansible_navigator.main' After rollback: plugin_name = 'Not set' (Constants/Not set)
2026-06-22T02:55:05.146137+00:00 DEBUG 'ansible_navigator.main' After rollback: plugin_type = 'Not set' (Constants/Not set)
2026-06-22T02:55:05.146152+00:00 DEBUG 'ansible_navigator.main' After rollback: pull_arguments = 'Not set' (Constants/Not set)
2026-06-22T02:55:05.146167+00:00 DEBUG 'ansible_navigator.main' After rollback: pull_policy = 'Not set' (Constants/Not set)
2026-06-22T02:55:05.146183+00:00 DEBUG 'ansible_navigator.main' After rollback: set_environment_variable = 'Not set' (Constants/Not set)
2026-06-22T02:55:05.146198+00:00 DEBUG 'ansible_navigator.main' After rollback: settings_effective = 'Not set' (Constants/Not set)
2026-06-22T02:55:05.146213+00:00 DEBUG 'ansible_navigator.main' After rollback: settings_sample = 'Not set' (Constants/Not set)
2026-06-22T02:55:05.146228+00:00 DEBUG 'ansible_navigator.main' After rollback: settings_schema = 'Not set' (Constants/Not set)
2026-06-22T02:55:05.146243+00:00 DEBUG 'ansible_navigator.main' After rollback: settings_sources = 'Not set' (Constants/Not set)
2026-06-22T02:55:05.146258+00:00 DEBUG 'ansible_navigator.main' After rollback: time_zone = 'Not set' (Constants/Not set)
2026-06-22T02:55:05.146274+00:00 DEBUG 'ansible_navigator.main' After rollback: workdir = 'Not set' (Constants/Not set)
2026-06-22T02:55:05.146289+00:00 DEBUG 'ansible_navigator.main' Configuration rollback complete.
2026-06-22T02:55:05.146305+00:00 DEBUG 'ansible_navigator.main' Collection doc cache not mounted
2026-06-22T02:55:05.146333+00:00 WARNING 'ansible_navigator.main' Issues were found while applying the settings.
2026-06-22T02:55:05.146354+00:00 INFO 'ansible_navigator.main' Command provided: 'config'
2026-06-22T02:55:05.146376+00:00 ERROR 'ansible_navigator.main' The following errors were found in the settings file (/workspaces/ansible/ansible-navigator.yaml):
2026-06-22T02:55:05.146395+00:00 ERROR 'ansible_navigator.main' In 'ansible-navigator': Additional properties are not allowed ('execution-evironment' was unexpected).
2026-06-22T02:55:05.146413+00:00 INFO 'ansible_navigator.main' Check the settings file and compare it to the current version.
2026-06-22T02:55:05.146430+00:00 INFO 'ansible_navigator.main' The current version can be found here: (https://ansible-navigator.readthedocs.io/en/latest/settings/#ansible-navigator-settings)
2026-06-22T02:55:05.146463+00:00 INFO 'ansible_navigator.main' The schema used for validation can be seen with 'ansible-navigator settings --schema'
2026-06-22T02:55:05.146482+00:00 INFO 'ansible_navigator.main' A sample settings file can be created with 'ansible-navigator settings --sample'
2026-06-22T02:55:05.146500+00:00 INFO 'ansible_navigator.main' Configuration failed, using default log file location. (/workspaces/ansible/ansible-navigator.log) Log level set to debug
2026-06-22T02:55:05.146517+00:00 INFO 'ansible_navigator.main' Review the hints and log file to see what went wrong.
2026-06-22T02:55:52.813309+00:00 WARNING 'ansible_navigator.image_manager.puller._log_message' Image inspection failed, image assumed to be corrupted or missing
2026-06-22T02:55:52.813660+00:00 WARNING 'ansible_navigator.image_manager.puller._log_message' stdout: []

2026-06-22T02:55:52.813733+00:00 WARNING 'ansible_navigator.image_manager.puller._log_message' stderr: Error: utility.lab.example.com:5000/ansible-automation-platform-25/ee-supported-rhel8:latest: image not known

2026-06-22T02:59:35.350259+00:00 ERROR 'ansible_navigator.actions.collections._parse' /usr/share/ansible/collections/ansible_collections/cloud/terraform/roles/git_plan/meta/main.yml Failed to find main.yml for role in cloud.terraform.
2026-06-22T02:59:35.350834+00:00 ERROR 'ansible_navigator.actions.collections._parse' /usr/share/ansible/collections/ansible_collections/cloud/terraform/roles/inventory_from_outputs/meta/main.yml Failed to find main.yml for role in cloud.terraform.
2026-06-22T02:59:35.350942+00:00 ERROR 'ansible_navigator.actions.collections._parse' /usr/share/ansible/collections/ansible_collections/redhat/sap_install/roles/sap_ha_install_hana_hsr/meta/argument_specs.yml Failed to find argument_specs.yml for role in redhat.sap_install.
2026-06-22T02:59:35.351010+00:00 ERROR 'ansible_navigator.actions.collections._parse' /usr/share/ansible/collections/ansible_collections/redhat/sap_install/roles/sap_swpm/meta/argument_specs.yml Failed to find argument_specs.yml for role in redhat.sap_install.
2026-06-22T02:59:35.351074+00:00 ERROR 'ansible_navigator.actions.collections._parse' /usr/share/ansible/collections/ansible_collections/redhat/sap_install/roles/sap_hana_preconfigure/meta/argument_specs.yml Failed to find argument_specs.yml for role in redhat.sap_install.
2026-06-22T02:59:35.351134+00:00 ERROR 'ansible_navigator.actions.collections._parse' /usr/share/ansible/collections/ansible_collections/redhat/sap_install/roles/sap_netweaver_preconfigure/meta/argument_specs.yml Failed to find argument_specs.yml for role in redhat.sap_install.
2026-06-22T02:59:35.351186+00:00 ERROR 'ansible_navigator.actions.collections._parse' /usr/share/ansible/collections/ansible_collections/redhat/sap_install/roles/sap_general_preconfigure/meta/argument_specs.yml Failed to find argument_specs.yml for role in redhat.sap_install.
2026-06-22T02:59:35.351223+00:00 ERROR 'ansible_navigator.actions.collections._parse' /usr/share/ansible/collections/ansible_collections/redhat/redhat_csp_download/roles/redhat_csp_download/meta/argument_specs.yml Failed to find argument_specs.yml for role in redhat.redhat_csp_download.
2026-06-22T02:59:35.351287+00:00 ERROR 'ansible_navigator.actions.collections._parse' /usr/share/ansible/collections/ansible_collections/redhat/redhat_csp_download/roles/redhat_csp_download/meta/main.yml Failed to find main.yml for role in redhat.redhat_csp_download.
2026-06-22T02:59:35.351310+00:00 ERROR 'ansible_navigator.actions.collections._parse' /usr/share/ansible/collections/ansible_collections/redhat/rhv/roles/vm_infra/meta/argument_specs.yml Failed to find argument_specs.yml for role in redhat.rhv.
2026-06-22T02:59:35.351330+00:00 ERROR 'ansible_navigator.actions.collections._parse' /usr/share/ansible/collections/ansible_collections/redhat/rhv/roles/vm_infra/meta/main.yml Failed to find main.yml for role in redhat.rhv.
2026-06-22T02:59:35.351357+00:00 ERROR 'ansible_navigator.actions.collections._parse' /usr/share/ansible/collections/ansible_collections/redhat/rhv/roles/image_template/meta/argument_specs.yml Failed to find argument_specs.yml for role in redhat.rhv.
2026-06-22T02:59:35.351376+00:00 ERROR 'ansible_navigator.actions.collections._parse' /usr/share/ansible/collections/ansible_collections/redhat/rhv/roles/image_template/meta/main.yml Failed to find main.yml for role in redhat.rhv.
2026-06-22T02:59:35.351393+00:00 ERROR 'ansible_navigator.actions.collections._parse' /usr/share/ansible/collections/ansible_collections/redhat/rhv/roles/repositories/meta/argument_specs.yml Failed to find argument_specs.yml for role in redhat.rhv.
2026-06-22T02:59:35.351409+00:00 ERROR 'ansible_navigator.actions.collections._parse' /usr/share/ansible/collections/ansible_collections/redhat/rhv/roles/repositories/meta/main.yml Failed to find main.yml for role in redhat.rhv.
2026-06-22T02:59:35.351424+00:00 ERROR 'ansible_navigator.actions.collections._parse' /usr/share/ansible/collections/ansible_collections/redhat/rhv/roles/engine_setup/meta/argument_specs.yml Failed to find argument_specs.yml for role in redhat.rhv.
2026-06-22T02:59:35.351440+00:00 ERROR 'ansible_navigator.actions.collections._parse' /usr/share/ansible/collections/ansible_collections/redhat/rhv/roles/engine_setup/meta/main.yml Failed to find main.yml for role in redhat.rhv.
2026-06-22T02:59:35.351455+00:00 ERROR 'ansible_navigator.actions.collections._parse' /usr/share/ansible/collections/ansible_collections/redhat/rhv/roles/cluster_upgrade/meta/argument_specs.yml Failed to find argument_specs.yml for role in redhat.rhv.
2026-06-22T02:59:35.351471+00:00 ERROR 'ansible_navigator.actions.collections._parse' /usr/share/ansible/collections/ansible_collections/redhat/rhv/roles/cluster_upgrade/meta/main.yml Failed to find main.yml for role in redhat.rhv.
2026-06-22T02:59:35.351487+00:00 ERROR 'ansible_navigator.actions.collections._parse' /usr/share/ansible/collections/ansible_collections/redhat/rhv/roles/shutdown_env/meta/argument_specs.yml Failed to find argument_specs.yml for role in redhat.rhv.
2026-06-22T02:59:35.351502+00:00 ERROR 'ansible_navigator.actions.collections._parse' /usr/share/ansible/collections/ansible_collections/redhat/rhv/roles/shutdown_env/meta/main.yml Failed to find main.yml for role in redhat.rhv.
2026-06-22T02:59:35.351517+00:00 ERROR 'ansible_navigator.actions.collections._parse' /usr/share/ansible/collections/ansible_collections/redhat/rhv/roles/hosted_engine_setup/meta/argument_specs.yml Failed to find argument_specs.yml for role in redhat.rhv.
2026-06-22T02:59:35.351532+00:00 ERROR 'ansible_navigator.actions.collections._parse' /usr/share/ansible/collections/ansible_collections/redhat/rhv/roles/hosted_engine_setup/meta/main.yml Failed to find main.yml for role in redhat.rhv.
2026-06-22T02:59:35.351548+00:00 ERROR 'ansible_navigator.actions.collections._parse' /usr/share/ansible/collections/ansible_collections/redhat/rhv/roles/remove_stale_lun/meta/argument_specs.yml Failed to find argument_specs.yml for role in redhat.rhv.
2026-06-22T02:59:35.351573+00:00 ERROR 'ansible_navigator.actions.collections._parse' /usr/share/ansible/collections/ansible_collections/redhat/rhv/roles/remove_stale_lun/meta/main.yml Failed to find main.yml for role in redhat.rhv.
2026-06-22T02:59:35.351587+00:00 ERROR 'ansible_navigator.actions.collections._parse' /usr/share/ansible/collections/ansible_collections/redhat/rhv/roles/infra/meta/argument_specs.yml Failed to find argument_specs.yml for role in redhat.rhv.
2026-06-22T02:59:35.351602+00:00 ERROR 'ansible_navigator.actions.collections._parse' /usr/share/ansible/collections/ansible_collections/redhat/rhv/roles/infra/meta/main.yml Failed to find main.yml for role in redhat.rhv.
2026-06-22T02:59:35.351617+00:00 ERROR 'ansible_navigator.actions.collections._parse' /usr/share/ansible/collections/ansible_collections/redhat/rhv/roles/disaster_recovery/meta/argument_specs.yml Failed to find argument_specs.yml for role in redhat.rhv.
2026-06-22T02:59:35.351637+00:00 ERROR 'ansible_navigator.actions.collections._parse' /usr/share/ansible/collections/ansible_collections/redhat/rhv/roles/disaster_recovery/meta/main.yml Failed to find main.yml for role in redhat.rhv.
2026-06-22T02:59:35.351652+00:00 ERROR 'ansible_navigator.actions.collections._parse' /usr/share/ansible/collections/ansible_collections/redhat/rhel_idm/roles/ipasmartcard_server/meta/argument_specs.yml Failed to find argument_specs.yml for role in redhat.rhel_idm.
2026-06-22T02:59:35.351667+00:00 ERROR 'ansible_navigator.actions.collections._parse' /usr/share/ansible/collections/ansible_collections/redhat/rhel_idm/roles/ipabackup/meta/argument_specs.yml Failed to find argument_specs.yml for role in redhat.rhel_idm.
2026-06-22T02:59:35.351682+00:00 ERROR 'ansible_navigator.actions.collections._parse' /usr/share/ansible/collections/ansible_collections/redhat/rhel_idm/roles/ipareplica/meta/argument_specs.yml Failed to find argument_specs.yml for role in redhat.rhel_idm.
2026-06-22T02:59:35.351697+00:00 ERROR 'ansible_navigator.actions.collections._parse' /usr/share/ansible/collections/ansible_collections/redhat/rhel_idm/roles/ipasmartcard_client/meta/argument_specs.yml Failed to find argument_specs.yml for role in redhat.rhel_idm.
2026-06-22T02:59:35.351734+00:00 ERROR 'ansible_navigator.actions.collections._parse' /usr/share/ansible/collections/ansible_collections/redhat/rhel_idm/roles/ipaserver/meta/argument_specs.yml Failed to find argument_specs.yml for role in redhat.rhel_idm.
2026-06-22T02:59:35.351753+00:00 ERROR 'ansible_navigator.actions.collections._parse' /usr/share/ansible/collections/ansible_collections/redhat/rhel_idm/roles/ipaclient/meta/argument_specs.yml Failed to find argument_specs.yml for role in redhat.rhel_idm.
2026-06-22T02:59:35.351768+00:00 ERROR 'ansible_navigator.actions.collections._parse' /usr/share/ansible/collections/ansible_collections/redhat/satellite_operations/roles/capsule_certs_generate/meta/argument_specs.yml Failed to find argument_specs.yml for role in redhat.satellite_operations.
2026-06-22T02:59:35.351784+00:00 ERROR 'ansible_navigator.actions.collections._parse' /usr/share/ansible/collections/ansible_collections/redhat/satellite_operations/roles/capsule_certs_generate/meta/main.yml Failed to find main.yml for role in redhat.satellite_operations.
2026-06-22T02:59:35.351799+00:00 ERROR 'ansible_navigator.actions.collections._parse' /usr/share/ansible/collections/ansible_collections/redhat/satellite_operations/roles/backup/meta/argument_specs.yml Failed to find argument_specs.yml for role in redhat.satellite_operations.
2026-06-22T02:59:35.351814+00:00 ERROR 'ansible_navigator.actions.collections._parse' /usr/share/ansible/collections/ansible_collections/redhat/satellite_operations/roles/backup/meta/main.yml Failed to find main.yml for role in redhat.satellite_operations.
2026-06-22T02:59:35.351829+00:00 ERROR 'ansible_navigator.actions.collections._parse' /usr/share/ansible/collections/ansible_collections/redhat/satellite_operations/roles/installer/meta/argument_specs.yml Failed to find argument_specs.yml for role in redhat.satellite_operations.
2026-06-22T02:59:35.351845+00:00 ERROR 'ansible_navigator.actions.collections._parse' /usr/share/ansible/collections/ansible_collections/redhat/satellite_operations/roles/installer/meta/main.yml Failed to find main.yml for role in redhat.satellite_operations.
2026-06-22T02:59:35.351860+00:00 ERROR 'ansible_navigator.actions.collections._parse' /usr/share/ansible/collections/ansible_collections/redhat/satellite_operations/roles/cloud_connector/meta/argument_specs.yml Failed to find argument_specs.yml for role in redhat.satellite_operations.
2026-06-22T02:59:35.351875+00:00 ERROR 'ansible_navigator.actions.collections._parse' /usr/share/ansible/collections/ansible_collections/redhat/satellite_operations/roles/cloud_connector/meta/main.yml Failed to find main.yml for role in redhat.satellite_operations.
2026-06-22T02:59:35.351890+00:00 ERROR 'ansible_navigator.actions.collections._parse' /usr/share/ansible/collections/ansible_collections/redhat/rhel_system_roles/roles/private_metrics_subrole_grafana/meta/argument_specs.yml Failed to find argument_specs.yml for role in redhat.rhel_system_roles.
2026-06-22T02:59:35.351909+00:00 ERROR 'ansible_navigator.actions.collections._parse' /usr/share/ansible/collections/ansible_collections/redhat/rhel_system_roles/roles/private_metrics_subrole_keyserver/meta/argument_specs.yml Failed to find argument_specs.yml for role in redhat.rhel_system_roles.
2026-06-22T02:59:35.351924+00:00 ERROR 'ansible_navigator.actions.collections._parse' /usr/share/ansible/collections/ansible_collections/redhat/rhel_system_roles/roles/storage/meta/argument_specs.yml Failed to find argument_specs.yml for role in redhat.rhel_system_roles.
2026-06-22T02:59:35.351939+00:00 ERROR 'ansible_navigator.actions.collections._parse' /usr/share/ansible/collections/ansible_collections/redhat/rhel_system_roles/roles/rhc/meta/argument_specs.yml Failed to find argument_specs.yml for role in redhat.rhel_system_roles.
2026-06-22T02:59:35.351954+00:00 ERROR 'ansible_navigator.actions.collections._parse' /usr/share/ansible/collections/ansible_collections/redhat/rhel_system_roles/roles/podman/meta/argument_specs.yml Failed to find argument_specs.yml for role in redhat.rhel_system_roles.
2026-06-22T02:59:35.351969+00:00 ERROR 'ansible_navigator.actions.collections._parse' /usr/share/ansible/collections/ansible_collections/redhat/rhel_system_roles/roles/nbde_server/meta/argument_specs.yml Failed to find argument_specs.yml for role in redhat.rhel_system_roles.
2026-06-22T02:59:35.351984+00:00 ERROR 'ansible_navigator.actions.collections._parse' /usr/share/ansible/collections/ansible_collections/redhat/rhel_system_roles/roles/private_metrics_subrole_mssql/meta/argument_specs.yml Failed to find argument_specs.yml for role in redhat.rhel_system_roles.
2026-06-22T02:59:35.351999+00:00 ERROR 'ansible_navigator.actions.collections._parse' /usr/share/ansible/collections/ansible_collections/redhat/rhel_system_roles/roles/cockpit/meta/argument_specs.yml Failed to find argument_specs.yml for role in redhat.rhel_system_roles.
2026-06-22T02:59:35.352014+00:00 ERROR 'ansible_navigator.actions.collections._parse' /usr/share/ansible/collections/ansible_collections/redhat/rhel_system_roles/roles/postfix/meta/argument_specs.yml Failed to find argument_specs.yml for role in redhat.rhel_system_roles.
2026-06-22T02:59:35.352029+00:00 ERROR 'ansible_navigator.actions.collections._parse' /usr/share/ansible/collections/ansible_collections/redhat/rhel_system_roles/roles/tlog/meta/argument_specs.yml Failed to find argument_specs.yml for role in redhat.rhel_system_roles.
2026-06-22T02:59:35.352044+00:00 ERROR 'ansible_navigator.actions.collections._parse' /usr/share/ansible/collections/ansible_collections/redhat/rhel_system_roles/roles/ssh/meta/argument_specs.yml Failed to find argument_specs.yml for role in redhat.rhel_system_roles.
2026-06-22T02:59:35.352058+00:00 ERROR 'ansible_navigator.actions.collections._parse' /usr/share/ansible/collections/ansible_collections/redhat/rhel_system_roles/roles/bootloader/meta/argument_specs.yml Failed to find argument_specs.yml for role in redhat.rhel_system_roles.
2026-06-22T02:59:35.352073+00:00 ERROR 'ansible_navigator.actions.collections._parse' /usr/share/ansible/collections/ansible_collections/redhat/rhel_system_roles/roles/keylime_server/meta/argument_specs.yml Failed to find argument_specs.yml for role in redhat.rhel_system_roles.
2026-06-22T02:59:35.352088+00:00 ERROR 'ansible_navigator.actions.collections._parse' /usr/share/ansible/collections/ansible_collections/redhat/rhel_system_roles/roles/certificate/meta/argument_specs.yml Failed to find argument_specs.yml for role in redhat.rhel_system_roles.
2026-06-22T02:59:35.352105+00:00 ERROR 'ansible_navigator.actions.collections._parse' /usr/share/ansible/collections/ansible_collections/redhat/rhel_system_roles/roles/nbde_client/meta/argument_specs.yml Failed to find argument_specs.yml for role in redhat.rhel_system_roles.
2026-06-22T02:59:35.352120+00:00 ERROR 'ansible_navigator.actions.collections._parse' /usr/share/ansible/collections/ansible_collections/redhat/rhel_system_roles/roles/sudo/meta/argument_specs.yml Failed to find argument_specs.yml for role in redhat.rhel_system_roles.
2026-06-22T02:59:35.352138+00:00 ERROR 'ansible_navigator.actions.collections._parse' /usr/share/ansible/collections/ansible_collections/redhat/rhel_system_roles/roles/sshd/meta/argument_specs.yml Failed to find argument_specs.yml for role in redhat.rhel_system_roles.
2026-06-22T02:59:35.352153+00:00 ERROR 'ansible_navigator.actions.collections._parse' /usr/share/ansible/collections/ansible_collections/redhat/rhel_system_roles/roles/private_metrics_subrole_repository/meta/argument_specs.yml Failed to find argument_specs.yml for role in redhat.rhel_system_roles.
2026-06-22T02:59:35.352169+00:00 ERROR 'ansible_navigator.actions.collections._parse' /usr/share/ansible/collections/ansible_collections/redhat/rhel_system_roles/roles/private_metrics_subrole_elasticsearch/meta/argument_specs.yml Failed to find argument_specs.yml for role in redhat.rhel_system_roles.
2026-06-22T02:59:35.352184+00:00 ERROR 'ansible_navigator.actions.collections._parse' /usr/share/ansible/collections/ansible_collections/redhat/rhel_system_roles/roles/systemd/meta/argument_specs.yml Failed to find argument_specs.yml for role in redhat.rhel_system_roles.
2026-06-22T02:59:35.352199+00:00 ERROR 'ansible_navigator.actions.collections._parse' /usr/share/ansible/collections/ansible_collections/redhat/rhel_system_roles/roles/private_metrics_subrole_bpftrace/meta/argument_specs.yml Failed to find argument_specs.yml for role in redhat.rhel_system_roles.
2026-06-22T02:59:35.352214+00:00 ERROR 'ansible_navigator.actions.collections._parse' /usr/share/ansible/collections/ansible_collections/redhat/rhel_system_roles/roles/firewall/meta/argument_specs.yml Failed to find argument_specs.yml for role in redhat.rhel_system_roles.
2026-06-22T02:59:35.352231+00:00 ERROR 'ansible_navigator.actions.collections._parse' /usr/share/ansible/collections/ansible_collections/redhat/rhel_system_roles/roles/vpn/meta/argument_specs.yml Failed to find argument_specs.yml for role in redhat.rhel_system_roles.
2026-06-22T02:59:35.352246+00:00 ERROR 'ansible_navigator.actions.collections._parse' /usr/share/ansible/collections/ansible_collections/redhat/rhel_system_roles/roles/network/meta/argument_specs.yml Failed to find argument_specs.yml for role in redhat.rhel_system_roles.
2026-06-22T02:59:35.352262+00:00 ERROR 'ansible_navigator.actions.collections._parse' /usr/share/ansible/collections/ansible_collections/redhat/rhel_system_roles/roles/private_metrics_subrole_spark/meta/argument_specs.yml Failed to find argument_specs.yml for role in redhat.rhel_system_roles.
2026-06-22T02:59:35.352277+00:00 ERROR 'ansible_navigator.actions.collections._parse' /usr/share/ansible/collections/ansible_collections/redhat/rhel_system_roles/roles/private_metrics_subrole_pcp/meta/argument_specs.yml Failed to find argument_specs.yml for role in redhat.rhel_system_roles.
2026-06-22T02:59:35.352292+00:00 ERROR 'ansible_navigator.actions.collections._parse' /usr/share/ansible/collections/ansible_collections/redhat/rhel_system_roles/roles/metrics/meta/argument_specs.yml Failed to find argument_specs.yml for role in redhat.rhel_system_roles.
2026-06-22T02:59:35.352307+00:00 ERROR 'ansible_navigator.actions.collections._parse' /usr/share/ansible/collections/ansible_collections/redhat/rhel_system_roles/roles/crypto_policies/meta/argument_specs.yml Failed to find argument_specs.yml for role in redhat.rhel_system_roles.
2026-06-22T02:59:35.352322+00:00 ERROR 'ansible_navigator.actions.collections._parse' /usr/share/ansible/collections/ansible_collections/redhat/rhel_system_roles/roles/journald/meta/argument_specs.yml Failed to find argument_specs.yml for role in redhat.rhel_system_roles.
2026-06-22T02:59:35.352336+00:00 ERROR 'ansible_navigator.actions.collections._parse' /usr/share/ansible/collections/ansible_collections/redhat/rhel_system_roles/roles/postgresql/meta/argument_specs.yml Failed to find argument_specs.yml for role in redhat.rhel_system_roles.
2026-06-22T02:59:35.352354+00:00 ERROR 'ansible_navigator.actions.collections._parse' /usr/share/ansible/collections/ansible_collections/redhat/rhel_system_roles/roles/logging/meta/argument_specs.yml Failed to find argument_specs.yml for role in redhat.rhel_system_roles.
2026-06-22T02:59:35.352369+00:00 ERROR 'ansible_navigator.actions.collections._parse' /usr/share/ansible/collections/ansible_collections/redhat/rhel_system_roles/roles/selinux/meta/argument_specs.yml Failed to find argument_specs.yml for role in redhat.rhel_system_roles.
2026-06-22T02:59:35.352383+00:00 ERROR 'ansible_navigator.actions.collections._parse' /usr/share/ansible/collections/ansible_collections/redhat/rhel_system_roles/roles/aide/meta/argument_specs.yml Failed to find argument_specs.yml for role in redhat.rhel_system_roles.
2026-06-22T02:59:35.352398+00:00 ERROR 'ansible_navigator.actions.collections._parse' /usr/share/ansible/collections/ansible_collections/redhat/rhel_system_roles/roles/timesync/meta/argument_specs.yml Failed to find argument_specs.yml for role in redhat.rhel_system_roles.
2026-06-22T02:59:35.352414+00:00 ERROR 'ansible_navigator.actions.collections._parse' /usr/share/ansible/collections/ansible_collections/redhat/rhel_system_roles/roles/private_metrics_subrole_postfix/meta/argument_specs.yml Failed to find argument_specs.yml for role in redhat.rhel_system_roles.
2026-06-22T02:59:35.352429+00:00 ERROR 'ansible_navigator.actions.collections._parse' /usr/share/ansible/collections/ansible_collections/redhat/rhel_system_roles/roles/ha_cluster/meta/argument_specs.yml Failed to find argument_specs.yml for role in redhat.rhel_system_roles.
2026-06-22T02:59:35.352444+00:00 ERROR 'ansible_navigator.actions.collections._parse' /usr/share/ansible/collections/ansible_collections/redhat/rhel_system_roles/roles/kdump/meta/argument_specs.yml Failed to find argument_specs.yml for role in redhat.rhel_system_roles.
2026-06-22T02:59:35.352459+00:00 ERROR 'ansible_navigator.actions.collections._parse' /usr/share/ansible/collections/ansible_collections/redhat/rhel_system_roles/roles/kernel_settings/meta/argument_specs.yml Failed to find argument_specs.yml for role in redhat.rhel_system_roles.
2026-06-22T02:59:35.352473+00:00 ERROR 'ansible_navigator.actions.collections._parse' /usr/share/ansible/collections/ansible_collections/redhat/rhel_system_roles/roles/ad_integration/meta/argument_specs.yml Failed to find argument_specs.yml for role in redhat.rhel_system_roles.
2026-06-22T02:59:35.352489+00:00 ERROR 'ansible_navigator.actions.collections._parse' /usr/share/ansible/collections/ansible_collections/redhat/rhel_system_roles/roles/private_logging_subrole_rsyslog/meta/argument_specs.yml Failed to find argument_specs.yml for role in redhat.rhel_system_roles.
2026-06-22T02:59:35.352504+00:00 ERROR 'ansible_navigator.actions.collections._parse' /usr/share/ansible/collections/ansible_collections/redhat/rhel_system_roles/roles/snapshot/meta/argument_specs.yml Failed to find argument_specs.yml for role in redhat.rhel_system_roles.
2026-06-22T02:59:35.352519+00:00 ERROR 'ansible_navigator.actions.collections._parse' /usr/share/ansible/collections/ansible_collections/redhat/rhel_system_roles/roles/fapolicyd/meta/argument_specs.yml Failed to find argument_specs.yml for role in redhat.rhel_system_roles.
2026-06-22T02:59:35.352534+00:00 ERROR 'ansible_navigator.actions.collections._parse' /usr/share/ansible/collections/ansible_collections/redhat/insights/roles/compliance/meta/argument_specs.yml Failed to find argument_specs.yml for role in redhat.insights.
2026-06-22T02:59:35.352548+00:00 ERROR 'ansible_navigator.actions.collections._parse' /usr/share/ansible/collections/ansible_collections/redhat/insights/roles/insights_client/meta/argument_specs.yml Failed to find argument_specs.yml for role in redhat.insights.
2026-06-22T02:59:35.352570+00:00 ERROR 'ansible_navigator.actions.collections._parse' /usr/share/ansible/collections/ansible_collections/redhat/satellite/roles/compute_profiles/meta/argument_specs.yml Failed to find argument_specs.yml for role in redhat.satellite.
2026-06-22T02:59:35.352587+00:00 ERROR 'ansible_navigator.actions.collections._parse' /usr/share/ansible/collections/ansible_collections/redhat/satellite/roles/compute_profiles/meta/main.yml Failed to find main.yml for role in redhat.satellite.
2026-06-22T02:59:35.352603+00:00 ERROR 'ansible_navigator.actions.collections._parse' /usr/share/ansible/collections/ansible_collections/redhat/satellite/roles/content_views/meta/argument_specs.yml Failed to find argument_specs.yml for role in redhat.satellite.
2026-06-22T02:59:35.352618+00:00 ERROR 'ansible_navigator.actions.collections._parse' /usr/share/ansible/collections/ansible_collections/redhat/satellite/roles/content_views/meta/main.yml Failed to find main.yml for role in redhat.satellite.
2026-06-22T02:59:35.352633+00:00 ERROR 'ansible_navigator.actions.collections._parse' /usr/share/ansible/collections/ansible_collections/redhat/satellite/roles/activation_keys/meta/argument_specs.yml Failed to find argument_specs.yml for role in redhat.satellite.
2026-06-22T02:59:35.352648+00:00 ERROR 'ansible_navigator.actions.collections._parse' /usr/share/ansible/collections/ansible_collections/redhat/satellite/roles/activation_keys/meta/main.yml Failed to find main.yml for role in redhat.satellite.
2026-06-22T02:59:35.352663+00:00 ERROR 'ansible_navigator.actions.collections._parse' /usr/share/ansible/collections/ansible_collections/redhat/satellite/roles/sync_plans/meta/argument_specs.yml Failed to find argument_specs.yml for role in redhat.satellite.
2026-06-22T02:59:35.352679+00:00 ERROR 'ansible_navigator.actions.collections._parse' /usr/share/ansible/collections/ansible_collections/redhat/satellite/roles/sync_plans/meta/main.yml Failed to find main.yml for role in redhat.satellite.
2026-06-22T02:59:35.352694+00:00 ERROR 'ansible_navigator.actions.collections._parse' /usr/share/ansible/collections/ansible_collections/redhat/satellite/roles/content_rhel/meta/argument_specs.yml Failed to find argument_specs.yml for role in redhat.satellite.
2026-06-22T02:59:35.352718+00:00 ERROR 'ansible_navigator.actions.collections._parse' /usr/share/ansible/collections/ansible_collections/redhat/satellite/roles/content_rhel/meta/main.yml Failed to find main.yml for role in redhat.satellite.
2026-06-22T02:59:35.352736+00:00 ERROR 'ansible_navigator.actions.collections._parse' /usr/share/ansible/collections/ansible_collections/redhat/satellite/roles/convert2rhel/meta/argument_specs.yml Failed to find argument_specs.yml for role in redhat.satellite.
2026-06-22T02:59:35.352751+00:00 ERROR 'ansible_navigator.actions.collections._parse' /usr/share/ansible/collections/ansible_collections/redhat/satellite/roles/convert2rhel/meta/main.yml Failed to find main.yml for role in redhat.satellite.
2026-06-22T02:59:35.352766+00:00 ERROR 'ansible_navigator.actions.collections._parse' /usr/share/ansible/collections/ansible_collections/redhat/satellite/roles/repositories/meta/argument_specs.yml Failed to find argument_specs.yml for role in redhat.satellite.
2026-06-22T02:59:35.352780+00:00 ERROR 'ansible_navigator.actions.collections._parse' /usr/share/ansible/collections/ansible_collections/redhat/satellite/roles/repositories/meta/main.yml Failed to find main.yml for role in redhat.satellite.
2026-06-22T02:59:35.352795+00:00 ERROR 'ansible_navigator.actions.collections._parse' /usr/share/ansible/collections/ansible_collections/redhat/satellite/roles/manifest/meta/argument_specs.yml Failed to find argument_specs.yml for role in redhat.satellite.
2026-06-22T02:59:35.352809+00:00 ERROR 'ansible_navigator.actions.collections._parse' /usr/share/ansible/collections/ansible_collections/redhat/satellite/roles/manifest/meta/main.yml Failed to find main.yml for role in redhat.satellite.
2026-06-22T02:59:35.352824+00:00 ERROR 'ansible_navigator.actions.collections._parse' /usr/share/ansible/collections/ansible_collections/redhat/satellite/roles/auth_sources_ldap/meta/argument_specs.yml Failed to find argument_specs.yml for role in redhat.satellite.
2026-06-22T02:59:35.352842+00:00 ERROR 'ansible_navigator.actions.collections._parse' /usr/share/ansible/collections/ansible_collections/redhat/satellite/roles/auth_sources_ldap/meta/main.yml Failed to find main.yml for role in redhat.satellite.
2026-06-22T02:59:35.352857+00:00 ERROR 'ansible_navigator.actions.collections._parse' /usr/share/ansible/collections/ansible_collections/redhat/satellite/roles/content_credentials/meta/argument_specs.yml Failed to find argument_specs.yml for role in redhat.satellite.
2026-06-22T02:59:35.352872+00:00 ERROR 'ansible_navigator.actions.collections._parse' /usr/share/ansible/collections/ansible_collections/redhat/satellite/roles/content_credentials/meta/main.yml Failed to find main.yml for role in redhat.satellite.
2026-06-22T02:59:35.352887+00:00 ERROR 'ansible_navigator.actions.collections._parse' /usr/share/ansible/collections/ansible_collections/redhat/satellite/roles/content_view_version_cleanup/meta/argument_specs.yml Failed to find argument_specs.yml for role in redhat.satellite.
2026-06-22T02:59:35.352902+00:00 ERROR 'ansible_navigator.actions.collections._parse' /usr/share/ansible/collections/ansible_collections/redhat/satellite/roles/content_view_version_cleanup/meta/main.yml Failed to find main.yml for role in redhat.satellite.
2026-06-22T02:59:35.352917+00:00 ERROR 'ansible_navigator.actions.collections._parse' /usr/share/ansible/collections/ansible_collections/redhat/satellite/roles/hostgroups/meta/argument_specs.yml Failed to find argument_specs.yml for role in redhat.satellite.
2026-06-22T02:59:35.352931+00:00 ERROR 'ansible_navigator.actions.collections._parse' /usr/share/ansible/collections/ansible_collections/redhat/satellite/roles/hostgroups/meta/main.yml Failed to find main.yml for role in redhat.satellite.
2026-06-22T02:59:35.352946+00:00 ERROR 'ansible_navigator.actions.collections._parse' /usr/share/ansible/collections/ansible_collections/redhat/satellite/roles/settings/meta/argument_specs.yml Failed to find argument_specs.yml for role in redhat.satellite.
2026-06-22T02:59:35.352961+00:00 ERROR 'ansible_navigator.actions.collections._parse' /usr/share/ansible/collections/ansible_collections/redhat/satellite/roles/settings/meta/main.yml Failed to find main.yml for role in redhat.satellite.
2026-06-22T02:59:35.352975+00:00 ERROR 'ansible_navigator.actions.collections._parse' /usr/share/ansible/collections/ansible_collections/redhat/satellite/roles/compute_resources/meta/argument_specs.yml Failed to find argument_specs.yml for role in redhat.satellite.
2026-06-22T02:59:35.352990+00:00 ERROR 'ansible_navigator.actions.collections._parse' /usr/share/ansible/collections/ansible_collections/redhat/satellite/roles/compute_resources/meta/main.yml Failed to find main.yml for role in redhat.satellite.
2026-06-22T02:59:35.353005+00:00 ERROR 'ansible_navigator.actions.collections._parse' /usr/share/ansible/collections/ansible_collections/redhat/satellite/roles/provisioning_templates/meta/argument_specs.yml Failed to find argument_specs.yml for role in redhat.satellite.
2026-06-22T02:59:35.353020+00:00 ERROR 'ansible_navigator.actions.collections._parse' /usr/share/ansible/collections/ansible_collections/redhat/satellite/roles/provisioning_templates/meta/main.yml Failed to find main.yml for role in redhat.satellite.
2026-06-22T02:59:35.353034+00:00 ERROR 'ansible_navigator.actions.collections._parse' /usr/share/ansible/collections/ansible_collections/redhat/satellite/roles/content_view_publish/meta/argument_specs.yml Failed to find argument_specs.yml for role in redhat.satellite.
2026-06-22T02:59:35.353049+00:00 ERROR 'ansible_navigator.actions.collections._parse' /usr/share/ansible/collections/ansible_collections/redhat/satellite/roles/content_view_publish/meta/main.yml Failed to find main.yml for role in redhat.satellite.
2026-06-22T02:59:35.353064+00:00 ERROR 'ansible_navigator.actions.collections._parse' /usr/share/ansible/collections/ansible_collections/redhat/satellite/roles/operatingsystems/meta/argument_specs.yml Failed to find argument_specs.yml for role in redhat.satellite.
2026-06-22T02:59:35.353082+00:00 ERROR 'ansible_navigator.actions.collections._parse' /usr/share/ansible/collections/ansible_collections/redhat/satellite/roles/operatingsystems/meta/main.yml Failed to find main.yml for role in redhat.satellite.
2026-06-22T02:59:35.353097+00:00 ERROR 'ansible_navigator.actions.collections._parse' /usr/share/ansible/collections/ansible_collections/redhat/satellite/roles/subnets/meta/argument_specs.yml Failed to find argument_specs.yml for role in redhat.satellite.
2026-06-22T02:59:35.353112+00:00 ERROR 'ansible_navigator.actions.collections._parse' /usr/share/ansible/collections/ansible_collections/redhat/satellite/roles/subnets/meta/main.yml Failed to find main.yml for role in redhat.satellite.
2026-06-22T02:59:35.353127+00:00 ERROR 'ansible_navigator.actions.collections._parse' /usr/share/ansible/collections/ansible_collections/redhat/satellite/roles/organizations/meta/argument_specs.yml Failed to find argument_specs.yml for role in redhat.satellite.
2026-06-22T02:59:35.353142+00:00 ERROR 'ansible_navigator.actions.collections._parse' /usr/share/ansible/collections/ansible_collections/redhat/satellite/roles/organizations/meta/main.yml Failed to find main.yml for role in redhat.satellite.
2026-06-22T02:59:35.353156+00:00 ERROR 'ansible_navigator.actions.collections._parse' /usr/share/ansible/collections/ansible_collections/redhat/satellite/roles/lifecycle_environments/meta/argument_specs.yml Failed to find argument_specs.yml for role in redhat.satellite.
2026-06-22T02:59:35.353171+00:00 ERROR 'ansible_navigator.actions.collections._parse' /usr/share/ansible/collections/ansible_collections/redhat/satellite/roles/lifecycle_environments/meta/main.yml Failed to find main.yml for role in redhat.satellite.
2026-06-22T02:59:35.353187+00:00 ERROR 'ansible_navigator.actions.collections._parse' /usr/share/ansible/collections/ansible_collections/redhat/satellite/roles/domains/meta/argument_specs.yml Failed to find argument_specs.yml for role in redhat.satellite.
2026-06-22T02:59:35.353203+00:00 ERROR 'ansible_navigator.actions.collections._parse' /usr/share/ansible/collections/ansible_collections/redhat/satellite/roles/domains/meta/main.yml Failed to find main.yml for role in redhat.satellite.
2026-06-22T02:59:35.353218+00:00 ERROR 'ansible_navigator.actions.collections._parse' /usr/share/ansible/collections/ansible_collections/servicenow/itsm/plugins/modules/attachment_info.py ScannerError (get_docstring): mapping values are not allowed here
  in "<unicode string>", line 2, column 31:
        servicenow.itsm.attachment:
                                  ^
2026-06-22T02:59:35.353239+00:00 ERROR 'ansible_navigator.actions.collections._parse' /usr/share/ansible/collections/ansible_collections/redhat/sso/plugins/modules/sso_user_federation.py ScannerError (get_docstring): mapping values are not allowed here
  in "<unicode string>", line 2, column 35:
        redhat.sso.sso_user_federation:
                                      ^
2026-06-22T02:59:35.353254+00:00 ERROR 'ansible_navigator.actions.collections._parse' /usr/share/ansible/collections/ansible_collections/redhat/rhel_idm/plugins/modules/ipaautomountlocation.py ScannerError (get_docstring): mapping values are not allowed here
  in "<unicode string>", line 2, column 41:
     ... at.rhel_idm.ipaautomountlocation:
                                         ^
2026-06-22T02:59:35.353270+00:00 ERROR 'ansible_navigator.actions.collections._parse' /usr/share/ansible/collections/ansible_collections/redhat/rhel_idm/plugins/modules/ipaautomountmap.py ScannerError (get_docstring): mapping values are not allowed here
  in "<unicode string>", line 2, column 36:
        redhat.rhel_idm.ipaautomountmap:
                                       ^
2026-06-22T02:59:35.353285+00:00 ERROR 'ansible_navigator.actions.collections._parse' /usr/share/ansible/collections/ansible_collections/redhat/rhel_idm/plugins/modules/ipaautomountkey.py ScannerError (get_docstring): mapping values are not allowed here
  in "<unicode string>", line 2, column 36:
        redhat.rhel_idm.ipaautomountkey:
                                       ^
2026-06-22T02:59:35.353302+00:00 ERROR 'ansible_navigator.actions.collections._parse' /usr/share/ansible/collections/ansible_collections/amazon/aws/plugins/inventory/aws_ec2.py ComposerError (get_docstring): expected a single document in the stream
  in "<unicode string>", line 3, column 1:
    plugin: amazon.aws.aws_ec2
    ^
but found another document
  in "<unicode string>", line 7, column 1:
    ---
    ^
2026-06-22T02:59:35.353320+00:00 ERROR 'ansible_navigator.actions.collections._parse' /usr/share/ansible/collections/ansible_collections/microsoft/ad/plugins/modules/offline_join.yml SyntaxError (get_docstring): invalid decimal literal (<unknown>, line 73)
2026-06-22T02:59:35.353336+00:00 ERROR 'ansible_navigator.actions.collections._parse' /usr/share/ansible/collections/ansible_collections/microsoft/ad/plugins/modules/domain_controller.yml SyntaxError (get_docstring): invalid syntax (<unknown>, line 4)
2026-06-22T02:59:35.353351+00:00 ERROR 'ansible_navigator.actions.collections._parse' /usr/share/ansible/collections/ansible_collections/microsoft/ad/plugins/modules/object.yml SyntaxError (get_docstring): invalid decimal literal (<unknown>, line 146)
2026-06-22T02:59:35.353365+00:00 ERROR 'ansible_navigator.actions.collections._parse' /usr/share/ansible/collections/ansible_collections/microsoft/ad/plugins/modules/debug_ldap_client.yml SyntaxError (get_docstring): unterminated string literal (detected at line 40) (<unknown>, line 40)
2026-06-22T02:59:35.353381+00:00 ERROR 'ansible_navigator.actions.collections._parse' /usr/share/ansible/collections/ansible_collections/microsoft/ad/plugins/modules/membership.yml SyntaxError (get_docstring): invalid syntax (<unknown>, line 4)
2026-06-22T02:59:35.353395+00:00 ERROR 'ansible_navigator.actions.collections._parse' /usr/share/ansible/collections/ansible_collections/microsoft/ad/plugins/modules/domain.yml SyntaxError (get_docstring): invalid syntax (<unknown>, line 4)
2026-06-22T02:59:35.353410+00:00 ERROR 'ansible_navigator.actions.collections._parse' /usr/share/ansible/collections/ansible_collections/microsoft/ad/plugins/modules/ou.yml SyntaxError (get_docstring): unterminated string literal (detected at line 12) (<unknown>, line 12)
2026-06-22T02:59:35.353425+00:00 ERROR 'ansible_navigator.actions.collections._parse' /usr/share/ansible/collections/ansible_collections/microsoft/ad/plugins/modules/object_info.yml SyntaxError (get_docstring): unterminated string literal (detected at line 15) (<unknown>, line 15)
2026-06-22T02:59:35.353440+00:00 ERROR 'ansible_navigator.actions.collections._parse' /usr/share/ansible/collections/ansible_collections/microsoft/ad/plugins/modules/group.yml SyntaxError (get_docstring): invalid decimal literal (<unknown>, line 96)
2026-06-22T02:59:35.353455+00:00 ERROR 'ansible_navigator.actions.collections._parse' /usr/share/ansible/collections/ansible_collections/microsoft/ad/plugins/modules/user.yml SyntaxError (get_docstring): unterminated string literal (detected at line 23) (<unknown>, line 23)
2026-06-22T02:59:35.353470+00:00 ERROR 'ansible_navigator.actions.collections._parse' /usr/share/ansible/collections/ansible_collections/microsoft/ad/plugins/modules/computer.yml SyntaxError (get_docstring): invalid decimal literal (<unknown>, line 305)
2026-06-22T02:59:35.353485+00:00 ERROR 'ansible_navigator.actions.collections._parse' /usr/share/ansible/collections/ansible_collections/microsoft/ad/plugins/modules/domain_child.yml SyntaxError (get_docstring): invalid syntax (<unknown>, line 4)
2026-06-22T02:59:35.353499+00:00 ERROR 'ansible_navigator.actions.collections._parse' /usr/share/ansible/collections/ansible_collections/microsoft/ad/plugins/modules/service_account.yml SyntaxError (get_docstring): invalid decimal literal (<unknown>, line 382)
2026-06-23T03:09:04.150042+00:00 CRITICAL 'ansible_navigator.actions.run_4e2b._handle_message' Unhandled message from runner queue, discarded: {'event': 'verbose', 'uuid': 'c60410a2-41a3-4e6b-9286-aabc95e92522', 'counter': 1, 'stdout': "\x1b[0;31mERROR! couldn't resolve module/action 'collection.modules'. This often indicates a misspelling, missing collection, or incorrect module path.\x1b[0m", 'start_line': 0, 'end_line': 1, 'runner_ident': '2a2eb9ba-4e56-4211-a551-d1497dcaacad', 'created': '2026-06-23T03:09:04.149675+00:00'}
2026-06-23T03:09:04.151781+00:00 CRITICAL 'ansible_navigator.actions.run_4e2b._handle_message' Unhandled message from runner queue, discarded: {'event': 'verbose', 'uuid': '9a98110d-19bf-42bc-88a5-bef3686128d9', 'counter': 2, 'stdout': '\x1b[0;31m\x1b[0m', 'start_line': 1, 'end_line': 2, 'runner_ident': '2a2eb9ba-4e56-4211-a551-d1497dcaacad', 'created': '2026-06-23T03:09:04.150350+00:00'}
2026-06-23T03:09:04.151912+00:00 CRITICAL 'ansible_navigator.actions.run_4e2b._handle_message' Unhandled message from runner queue, discarded: {'event': 'verbose', 'uuid': '57e224de-e486-4b7a-809b-e33c59b4f509', 'counter': 3, 'stdout': "\x1b[0;31mThe error appears to be in '/workspaces/ansible/first-play.yaml': line 25, column 9, but may\x1b[0m", 'start_line': 2, 'end_line': 3, 'runner_ident': '2a2eb9ba-4e56-4211-a551-d1497dcaacad', 'created': '2026-06-23T03:09:04.150491+00:00'}
2026-06-23T03:09:04.151999+00:00 CRITICAL 'ansible_navigator.actions.run_4e2b._handle_message' Unhandled message from runner queue, discarded: {'event': 'verbose', 'uuid': 'e9a53d2e-2ca2-4c4a-86d4-c525cec6a1cc', 'counter': 4, 'stdout': '\x1b[0;31mbe elsewhere in the file depending on the exact syntax problem.\x1b[0m', 'start_line': 3, 'end_line': 4, 'runner_ident': '2a2eb9ba-4e56-4211-a551-d1497dcaacad', 'created': '2026-06-23T03:09:04.150670+00:00'}
2026-06-23T03:09:04.152056+00:00 CRITICAL 'ansible_navigator.actions.run_4e2b._handle_message' Unhandled message from runner queue, discarded: {'event': 'verbose', 'uuid': 'e9562d18-b1d5-4507-98e3-306bde065880', 'counter': 5, 'stdout': '\x1b[0;31m\x1b[0m', 'start_line': 4, 'end_line': 5, 'runner_ident': '2a2eb9ba-4e56-4211-a551-d1497dcaacad', 'created': '2026-06-23T03:09:04.150859+00:00'}
2026-06-23T03:09:04.152108+00:00 CRITICAL 'ansible_navigator.actions.run_4e2b._handle_message' Unhandled message from runner queue, discarded: {'event': 'verbose', 'uuid': 'c405fa2d-f97e-4349-a12f-b4df37ae1667', 'counter': 6, 'stdout': '\x1b[0;31mThe offending line appears to be:\x1b[0m', 'start_line': 5, 'end_line': 6, 'runner_ident': '2a2eb9ba-4e56-4211-a551-d1497dcaacad', 'created': '2026-06-23T03:09:04.150937+00:00'}
2026-06-23T03:09:04.152152+00:00 CRITICAL 'ansible_navigator.actions.run_4e2b._handle_message' Unhandled message from runner queue, discarded: {'event': 'verbose', 'uuid': '3ecc10a1-41c5-475e-968a-53a4fb7a5b61', 'counter': 7, 'stdout': '\x1b[0;31m\x1b[0m', 'start_line': 6, 'end_line': 7, 'runner_ident': '2a2eb9ba-4e56-4211-a551-d1497dcaacad', 'created': '2026-06-23T03:09:04.151002+00:00'}
2026-06-23T03:09:04.152216+00:00 CRITICAL 'ansible_navigator.actions.run_4e2b._handle_message' Unhandled message from runner queue, discarded: {'event': 'verbose', 'uuid': '17ce284f-b07c-4e61-bf34-22583f7a1254', 'counter': 8, 'stdout': '\x1b[0;31m    tasks:\x1b[0m', 'start_line': 7, 'end_line': 8, 'runner_ident': '2a2eb9ba-4e56-4211-a551-d1497dcaacad', 'created': '2026-06-23T03:09:04.151060+00:00'}
2026-06-23T03:09:04.152285+00:00 CRITICAL 'ansible_navigator.actions.run_4e2b._handle_message' Unhandled message from runner queue, discarded: {'event': 'verbose', 'uuid': '2c1fcda2-aaaf-4961-a7a6-a34333da7dfa', 'counter': 9, 'stdout': '\x1b[0;31m      - name: task1\x1b[0m', 'start_line': 8, 'end_line': 9, 'runner_ident': '2a2eb9ba-4e56-4211-a551-d1497dcaacad', 'created': '2026-06-23T03:09:04.151113+00:00'}
2026-06-23T03:09:04.152331+00:00 CRITICAL 'ansible_navigator.actions.run_4e2b._handle_message' Unhandled message from runner queue, discarded: {'event': 'verbose', 'uuid': 'a5830d98-9a90-4511-9804-f73cd592d37c', 'counter': 10, 'stdout': '\x1b[0;31m        ^ here\x1b[0m', 'start_line': 9, 'end_line': 10, 'runner_ident': '2a2eb9ba-4e56-4211-a551-d1497dcaacad', 'created': '2026-06-23T03:09:04.151157+00:00'}
2026-06-23T03:33:19.685894+00:00 WARNING 'ansible_navigator.run' Dirty exit, killing the pid
2026-06-26T02:42:15.585840+00:00 INFO 'ansible_navigator.setup_logger' New ansible-navigator instance, logging initialized
2026-06-26T02:42:15.587562+00:00 INFO 'ansible_navigator.setup_logger' New ansible-runner instance, logging initialized
2026-06-26T02:42:15.587704+00:00 DEBUG 'ansible_navigator.main' Django==4.2.25 
2026-06-26T02:42:15.587747+00:00 DEBUG 'ansible_navigator.main' MarkupSafe==2.1.5 
2026-06-26T02:42:15.587776+00:00 DEBUG 'ansible_navigator.main' Parsley==1.3 
2026-06-26T02:42:15.587803+00:00 DEBUG 'ansible_navigator.main' PyYAML==6.0 
2026-06-26T02:42:15.587825+00:00 DEBUG 'ansible_navigator.main' ansible-builder==3.1.0 
2026-06-26T02:42:15.587862+00:00 DEBUG 'ansible_navigator.main' ansible-compat==25.8.1 
2026-06-26T02:42:15.587906+00:00 DEBUG 'ansible_navigator.main' ansible-core==2.16.14 
2026-06-26T02:42:15.587937+00:00 DEBUG 'ansible_navigator.main' ansible-creator==25.8.0 
2026-06-26T02:42:15.587967+00:00 DEBUG 'ansible_navigator.main' ansible-dev-environment==25.8.0 
2026-06-26T02:42:15.587999+00:00 DEBUG 'ansible_navigator.main' ansible-dev-tools==25.8.3 
2026-06-26T02:42:15.588023+00:00 DEBUG 'ansible_navigator.main' ansible-lint==25.8.2 
2026-06-26T02:42:15.588040+00:00 DEBUG 'ansible_navigator.main' ansible-navigator==25.8.0 
2026-06-26T02:42:15.588058+00:00 DEBUG 'ansible_navigator.main' ansible-pylibssh==1.2.2 
2026-06-26T02:42:15.588076+00:00 DEBUG 'ansible_navigator.main' ansible-runner==2.4.1 
2026-06-26T02:42:15.588092+00:00 DEBUG 'ansible_navigator.main' ansible-sign==0.1.2 
2026-06-26T02:42:15.588109+00:00 DEBUG 'ansible_navigator.main' asgiref==3.7.2 /usr/lib/python3.11/site-packages/asgiref/__init__.py
2026-06-26T02:42:15.588125+00:00 DEBUG 'ansible_navigator.main' attrs==22.2.0 /usr/lib/python3.11/site-packages/attrs/__init__.py
2026-06-26T02:42:15.588154+00:00 DEBUG 'ansible_navigator.main' bindep==2.11.0 /usr/lib/python3.11/site-packages/bindep/__init__.py
2026-06-26T02:42:15.588172+00:00 DEBUG 'ansible_navigator.main' cachetools==5.3.2 /usr/lib/python3.11/site-packages/cachetools/__init__.py
2026-06-26T02:42:15.588202+00:00 DEBUG 'ansible_navigator.main' certifi==2023.5.7 /usr/lib/python3.11/site-packages/certifi/__init__.py
2026-06-26T02:42:15.588219+00:00 DEBUG 'ansible_navigator.main' cffi==1.15.1 /usr/lib64/python3.11/site-packages/cffi/__init__.py
2026-06-26T02:42:15.588238+00:00 DEBUG 'ansible_navigator.main' chardet==5.2.0 /usr/lib/python3.11/site-packages/chardet/__init__.py
2026-06-26T02:42:15.588256+00:00 DEBUG 'ansible_navigator.main' charset-normalizer==2.1.0 
2026-06-26T02:42:15.588272+00:00 DEBUG 'ansible_navigator.main' click-help-colors==0.9.4 
2026-06-26T02:42:15.588289+00:00 DEBUG 'ansible_navigator.main' click==8.1.7 /usr/lib/python3.11/site-packages/click/__init__.py
2026-06-26T02:42:15.588306+00:00 DEBUG 'ansible_navigator.main' commonmark==0.9.1 /usr/lib/python3.11/site-packages/commonmark/__init__.py
2026-06-26T02:42:15.588324+00:00 DEBUG 'ansible_navigator.main' cryptography==42.0.5 /usr/lib64/python3.11/site-packages/cryptography/__init__.py
2026-06-26T02:42:15.588366+00:00 DEBUG 'ansible_navigator.main' distlib==0.3.8 /usr/lib/python3.11/site-packages/distlib/__init__.py
2026-06-26T02:42:15.588384+00:00 DEBUG 'ansible_navigator.main' distro==1.9.0 /usr/lib/python3.11/site-packages/distro/__init__.py
2026-06-26T02:42:15.588400+00:00 DEBUG 'ansible_navigator.main' docutils==0.20.1 /usr/lib/python3.11/site-packages/docutils/__init__.py
2026-06-26T02:42:15.588417+00:00 DEBUG 'ansible_navigator.main' enrich==1.2.7 /usr/lib/python3.11/site-packages/enrich/__init__.py
2026-06-26T02:42:15.588434+00:00 DEBUG 'ansible_navigator.main' grpcio==1.58.3 
2026-06-26T02:42:15.588453+00:00 DEBUG 'ansible_navigator.main' gunicorn==22.0.0 /usr/lib/python3.11/site-packages/gunicorn/__init__.py
2026-06-26T02:42:15.588469+00:00 DEBUG 'ansible_navigator.main' idna==3.4 /usr/lib/python3.11/site-packages/idna/__init__.py
2026-06-26T02:42:15.588487+00:00 DEBUG 'ansible_navigator.main' importlib-metadata==6.0.1 
2026-06-26T02:42:15.588503+00:00 DEBUG 'ansible_navigator.main' isodate==0.6.1 /usr/lib/python3.11/site-packages/isodate/__init__.py
2026-06-26T02:42:15.588549+00:00 DEBUG 'ansible_navigator.main' lazy-object-proxy==1.10.0 
2026-06-26T02:42:15.588585+00:00 DEBUG 'ansible_navigator.main' lockfile==0.12.2 /usr/lib/python3.11/site-packages/lockfile/__init__.py
2026-06-26T02:42:15.588603+00:00 DEBUG 'ansible_navigator.main' lxml==4.9.2 /usr/lib64/python3.11/site-packages/lxml/__init__.py
2026-06-26T02:42:15.588621+00:00 DEBUG 'ansible_navigator.main' molecule==25.7.0 /usr/lib/python3.11/site-packages/molecule/__init__.py
2026-06-26T02:42:15.588637+00:00 DEBUG 'ansible_navigator.main' mypy-extensions==1.0.0 
2026-06-26T02:42:15.588655+00:00 DEBUG 'ansible_navigator.main' onigurumacffi==1.3.0 /usr/lib64/python3.11/site-packages/onigurumacffi.py
2026-06-26T02:42:15.588672+00:00 DEBUG 'ansible_navigator.main' parse==1.20.1 /usr/lib/python3.11/site-packages/parse.py
2026-06-26T02:42:15.588694+00:00 DEBUG 'ansible_navigator.main' pbr==6.0.0 /usr/lib/python3.11/site-packages/pbr/__init__.py
2026-06-26T02:42:15.588719+00:00 DEBUG 'ansible_navigator.main' pexpect==4.9.0 /usr/lib/python3.11/site-packages/pexpect/__init__.py
2026-06-26T02:42:15.588738+00:00 DEBUG 'ansible_navigator.main' pip==22.3.1 /usr/lib/python3.11/site-packages/pip/__init__.py
2026-06-26T02:42:15.588756+00:00 DEBUG 'ansible_navigator.main' pluggy==1.4.0 /usr/lib/python3.11/site-packages/pluggy/__init__.py
2026-06-26T02:42:15.588773+00:00 DEBUG 'ansible_navigator.main' ply==3.11 /usr/lib/python3.11/site-packages/ply/__init__.py
2026-06-26T02:42:15.588790+00:00 DEBUG 'ansible_navigator.main' protobuf==4.21.12 
2026-06-26T02:42:15.588807+00:00 DEBUG 'ansible_navigator.main' pycparser==2.20 /usr/lib/python3.11/site-packages/pycparser/__init__.py
2026-06-26T02:42:15.588824+00:00 DEBUG 'ansible_navigator.main' pytest-ansible==25.8.0 
2026-06-26T02:42:15.588841+00:00 DEBUG 'ansible_navigator.main' pytest-plus==0.8.1 
2026-06-26T02:42:15.588858+00:00 DEBUG 'ansible_navigator.main' pytest-sugar==1.1.1 
2026-06-26T02:42:15.588875+00:00 DEBUG 'ansible_navigator.main' pytest-xdist==3.5.0 
2026-06-26T02:42:15.588894+00:00 DEBUG 'ansible_navigator.main' pytest==8.0.1 /usr/lib/python3.11/site-packages/pytest/__init__.py
2026-06-26T02:42:15.588912+00:00 DEBUG 'ansible_navigator.main' python-daemon==2.3.2 
2026-06-26T02:42:15.588929+00:00 DEBUG 'ansible_navigator.main' python-gnupg==0.5.2 
2026-06-26T02:42:15.588946+00:00 DEBUG 'ansible_navigator.main' requests==2.31.0 /usr/lib/python3.11/site-packages/requests/__init__.py
2026-06-26T02:42:15.588963+00:00 DEBUG 'ansible_navigator.main' resolvelib==1.0.1 /usr/lib/python3.11/site-packages/resolvelib/__init__.py
2026-06-26T02:42:15.588981+00:00 DEBUG 'ansible_navigator.main' rfc3339-validator==0.1.4 
2026-06-26T02:42:15.589010+00:00 DEBUG 'ansible_navigator.main' ruamel.yaml.clib==0.2.8 
2026-06-26T02:42:15.589026+00:00 DEBUG 'ansible_navigator.main' ruamel.yaml==0.18.15 /usr/lib/python3.11/site-packages/ruamel/yaml/__init__.py
2026-06-26T02:42:15.589042+00:00 DEBUG 'ansible_navigator.main' setuptools==65.5.1 /usr/lib/python3.11/site-packages/setuptools/__init__.py
2026-06-26T02:42:15.589060+00:00 DEBUG 'ansible_navigator.main' six==1.16.0 /usr/lib/python3.11/site-packages/six.py
2026-06-26T02:42:15.589077+00:00 DEBUG 'ansible_navigator.main' subprocess-tee==0.4.1 
2026-06-26T02:42:15.589093+00:00 DEBUG 'ansible_navigator.main' tox-ansible==25.8.0 
2026-06-26T02:42:15.589109+00:00 DEBUG 'ansible_navigator.main' urllib3==1.26.20 /usr/lib/python3.11/site-packages/urllib3/__init__.py
2026-06-26T02:42:15.589125+00:00 DEBUG 'ansible_navigator.main' yamllint==1.35.1 /usr/lib/python3.11/site-packages/yamllint/__init__.py
2026-06-26T02:42:15.589140+00:00 DEBUG 'ansible_navigator.main' zipp==3.19.2 /usr/lib/python3.11/site-packages/zipp/__init__.py
2026-06-26T02:42:15.589157+00:00 DEBUG 'ansible_navigator.main' Default collection_doc_cache_path set to: /root/.cache/ansible-navigator/collection_doc_cache.db
2026-06-26T02:42:15.589174+00:00 DEBUG 'ansible_navigator.main' EDITOR environment variable not set
2026-06-26T02:42:15.589199+00:00 DEBUG 'ansible_navigator.main' Default editor_command set to: vi +{line_number} {filename}
2026-06-26T02:42:15.589215+00:00 DEBUG 'ansible_navigator.main' No config file set by ANSIBLE_NAVIGATOR_CONFIG
2026-06-26T02:42:15.589232+00:00 DEBUG 'ansible_navigator.main' Looking in /root/.ansible-navigator
2026-06-26T02:42:15.589247+00:00 DEBUG 'ansible_navigator.main' Looking for '/root/.ansible-navigator.yml', '/root/.ansible-navigator.yaml' and '/root/.ansible-navigator.json'
2026-06-26T02:42:15.589264+00:00 DEBUG 'ansible_navigator.main' Found 0: 
2026-06-26T02:42:15.589281+00:00 DEBUG 'ansible_navigator.main' Looking in /workspaces/ansible/ansible-navigator
2026-06-26T02:42:15.589297+00:00 DEBUG 'ansible_navigator.main' Looking for '/workspaces/ansible/ansible-navigator.yml', '/workspaces/ansible/ansible-navigator.yaml' and '/workspaces/ansible/ansible-navigator.json'
2026-06-26T02:42:15.589314+00:00 DEBUG 'ansible_navigator.main' Found 1: '/workspaces/ansible/ansible-navigator.yaml'
2026-06-26T02:42:15.589330+00:00 DEBUG 'ansible_navigator.main' All found 1: '/workspaces/ansible/ansible-navigator.yaml'
2026-06-26T02:42:15.589347+00:00 DEBUG 'ansible_navigator.main' Using: /workspaces/ansible/ansible-navigator.yaml
2026-06-26T02:42:15.589376+00:00 DEBUG 'ansible_navigator.main' Using settings file at /workspaces/ansible/ansible-navigator.yaml in search path
2026-06-26T02:42:15.589397+00:00 DEBUG 'ansible_navigator.main' Command provided: 'run -m stodut set_fact.yaml'
2026-06-26T02:42:15.589414+00:00 DEBUG 'ansible_navigator.main' ansible-navigator.ansible-runner.artifact-dir not found in settings file
2026-06-26T02:42:15.589430+00:00 DEBUG 'ansible_navigator.main' ansible-navigator.ansible-runner.rotate-artifacts-count not found in settings file
2026-06-26T02:42:15.589447+00:00 DEBUG 'ansible_navigator.main' ansible-navigator.ansible-runner.timeout not found in settings file
2026-06-26T02:42:15.589463+00:00 DEBUG 'ansible_navigator.main' ansible-navigator.ansible-runner.job-events not found in settings file
2026-06-26T02:42:15.589479+00:00 DEBUG 'ansible_navigator.main' ansible-navigator.app not found in settings file
2026-06-26T02:42:15.589494+00:00 DEBUG 'ansible_navigator.main' ansible-navigator.ansible.cmdline not found in settings file
2026-06-26T02:42:15.589510+00:00 DEBUG 'ansible_navigator.main' ansible-navigator.collection-doc-cache-path not found in settings file
2026-06-26T02:42:15.589548+00:00 DEBUG 'ansible_navigator.main' ansible-navigator.ansible.config.path not found in settings file
2026-06-26T02:42:15.589564+00:00 DEBUG 'ansible_navigator.main' ansible-navigator.execution-environment.container-engine not found in settings file
2026-06-26T02:42:15.589580+00:00 DEBUG 'ansible_navigator.main' ansible-navigator.execution-environment.container-options not found in settings file
2026-06-26T02:42:15.589596+00:00 DEBUG 'ansible_navigator.main' ansible-navigator.color.enable not found in settings file
2026-06-26T02:42:15.589612+00:00 DEBUG 'ansible_navigator.main' ansible-navigator.editor.command not found in settings file
2026-06-26T02:42:15.589628+00:00 DEBUG 'ansible_navigator.main' ansible-navigator.editor.console not found in settings file
2026-06-26T02:42:15.589643+00:00 DEBUG 'ansible_navigator.main' ansible-navigator.enable-prompts not found in settings file
2026-06-26T02:42:15.589660+00:00 DEBUG 'ansible_navigator.main' ansible-navigator.exec.command not found in settings file
2026-06-26T02:42:15.589675+00:00 DEBUG 'ansible_navigator.main' ansible-navigator.exec.shell not found in settings file
2026-06-26T02:42:15.589691+00:00 DEBUG 'ansible_navigator.main' ansible-navigator.execution-environment.enabled not found in settings file
2026-06-26T02:42:15.589709+00:00 DEBUG 'ansible_navigator.main' ansible-navigator.execution-environment.volume-mounts not found in settings file
2026-06-26T02:42:15.589724+00:00 DEBUG 'ansible_navigator.main' ansible-navigator.format not found in settings file
2026-06-26T02:42:15.589740+00:00 DEBUG 'ansible_navigator.main' ansible-navigator.ansible-builder.help not found in settings file
2026-06-26T02:42:15.589758+00:00 DEBUG 'ansible_navigator.main' ansible-navigator.ansible.config.help not found in settings file
2026-06-26T02:42:15.589773+00:00 DEBUG 'ansible_navigator.main' ansible-navigator.ansible.doc.help not found in settings file
2026-06-26T02:42:15.589789+00:00 DEBUG 'ansible_navigator.main' ansible-navigator.ansible.inventory.help not found in settings file
2026-06-26T02:42:15.589805+00:00 DEBUG 'ansible_navigator.main' ansible-navigator.ansible.playbook.help not found in settings file
2026-06-26T02:42:15.589819+00:00 DEBUG 'ansible_navigator.main' ansible-navigator.images.details not found in settings file
2026-06-26T02:42:15.589835+00:00 DEBUG 'ansible_navigator.main' ansible-navigator.ansible.inventory.entries not found in settings file
2026-06-26T02:42:15.589851+00:00 DEBUG 'ansible_navigator.main' ansible-navigator.inventory-columns not found in settings file
2026-06-26T02:42:15.589868+00:00 DEBUG 'ansible_navigator.main' ansible-navigator.ansible-lint.config not found in settings file
2026-06-26T02:42:15.589883+00:00 DEBUG 'ansible_navigator.main' ansible-navigator.ansible-lint.lintables not found in settings file
2026-06-26T02:42:15.589898+00:00 DEBUG 'ansible_navigator.main' ansible-navigator.logging.append not found in settings file
2026-06-26T02:42:15.589914+00:00 DEBUG 'ansible_navigator.main' ansible-navigator.logging.file not found in settings file
2026-06-26T02:42:15.589930+00:00 DEBUG 'ansible_navigator.main' ansible-navigator.logging.level not found in settings file
2026-06-26T02:42:15.589945+00:00 DEBUG 'ansible_navigator.main' ansible-navigator.mode not found in settings file
2026-06-26T02:42:15.589961+00:00 DEBUG 'ansible_navigator.main' ansible-navigator.color.osc4 not found in settings file
2026-06-26T02:42:15.589977+00:00 DEBUG 'ansible_navigator.main' ansible-navigator.execution-environment.environment-variables.pass not found in settings file
2026-06-26T02:42:15.589992+00:00 DEBUG 'ansible_navigator.main' ansible-navigator.ansible.playbook.path not found in settings file
2026-06-26T02:42:15.590007+00:00 DEBUG 'ansible_navigator.main' ansible-navigator.playbook-artifact.replay not found in settings file
2026-06-26T02:42:15.590022+00:00 DEBUG 'ansible_navigator.main' ansible-navigator.playbook-artifact.save-as not found in settings file
2026-06-26T02:42:15.590038+00:00 DEBUG 'ansible_navigator.main' ansible-navigator.ansible.doc.plugin.name not found in settings file
2026-06-26T02:42:15.590053+00:00 DEBUG 'ansible_navigator.main' ansible-navigator.ansible.doc.plugin.type not found in settings file
2026-06-26T02:42:15.590069+00:00 DEBUG 'ansible_navigator.main' ansible-navigator.execution-environment.environment-variables.set not found in settings file
2026-06-26T02:42:15.590084+00:00 DEBUG 'ansible_navigator.main' ansible-navigator.settings.effective not found in settings file
2026-06-26T02:42:15.590101+00:00 DEBUG 'ansible_navigator.main' ansible-navigator.settings.sample not found in settings file
2026-06-26T02:42:15.590118+00:00 DEBUG 'ansible_navigator.main' ansible-navigator.settings.schema not found in settings file
2026-06-26T02:42:15.590136+00:00 DEBUG 'ansible_navigator.main' ansible-navigator.settings.sources not found in settings file
2026-06-26T02:42:15.590151+00:00 DEBUG 'ansible_navigator.main' ansible-navigator.time-zone not found in settings file
2026-06-26T02:42:15.590167+00:00 DEBUG 'ansible_navigator.main' ansible-navigator.ansible-builder.workdir not found in settings file
2026-06-26T02:42:15.590183+00:00 DEBUG 'ansible_navigator.main' EE support enabled: using current working directory for 'ansible.cfg'
2026-06-26T02:42:15.590199+00:00 INFO 'ansible_navigator.main' EE support enabled: found 'ansible.cfg' in current working directory.
2026-06-26T02:42:15.590215+00:00 DEBUG 'ansible_navigator.main' Completed post processing for ansible_runner_artifact_dir. (changed=False)
2026-06-26T02:42:15.590231+00:00 DEBUG 'ansible_navigator.main' Completed post processing for ansible_runner_rotate_artifacts_count. (changed=False)
2026-06-26T02:42:15.590250+00:00 DEBUG 'ansible_navigator.main' Completed post processing for ansible_runner_timeout. (changed=False)
2026-06-26T02:42:15.590266+00:00 DEBUG 'ansible_navigator.main' Completed post processing for cmdline. (changed=False)
2026-06-26T02:42:15.590281+00:00 DEBUG 'ansible_navigator.main' Completed post processing for collection_doc_cache_path. (changed=False)
2026-06-26T02:42:15.590298+00:00 DEBUG 'ansible_navigator.main' Completed post processing for config. (changed=False)
2026-06-26T02:42:15.590312+00:00 DEBUG 'ansible_navigator.main' Completed post processing for config. (changed=False)
2026-06-26T02:42:15.590328+00:00 DEBUG 'ansible_navigator.main' Completed post processing for container_engine. (changed=True)
2026-06-26T02:42:15.590357+00:00 DEBUG 'ansible_navigator.main'  before: 'auto'
2026-06-26T02:42:15.590374+00:00 DEBUG 'ansible_navigator.main'  after: 'podman'
2026-06-26T02:42:15.590390+00:00 DEBUG 'ansible_navigator.main' Completed post processing for container_options. (changed=False)
2026-06-26T02:42:15.590407+00:00 DEBUG 'ansible_navigator.main' Completed post processing for display_color. (changed=False)
2026-06-26T02:42:15.590423+00:00 DEBUG 'ansible_navigator.main' Completed post processing for enable_prompts. (changed=False)
2026-06-26T02:42:15.590439+00:00 DEBUG 'ansible_navigator.main' Completed post processing for execution_environment. (changed=False)
2026-06-26T02:42:15.590455+00:00 DEBUG 'ansible_navigator.main' Completed post processing for execution_environment_image. (changed=False)
2026-06-26T02:42:15.590471+00:00 DEBUG 'ansible_navigator.main' Completed post processing for help_builder. (changed=False)
2026-06-26T02:42:15.590486+00:00 DEBUG 'ansible_navigator.main' Completed post processing for help_config. (changed=False)
2026-06-26T02:42:15.590502+00:00 DEBUG 'ansible_navigator.main' Completed post processing for help_doc. (changed=False)
2026-06-26T02:42:15.590527+00:00 DEBUG 'ansible_navigator.main' Completed post processing for help_inventory. (changed=False)
2026-06-26T02:42:15.590544+00:00 DEBUG 'ansible_navigator.main' Completed post processing for help_playbook. (changed=False)
2026-06-26T02:42:15.590560+00:00 DEBUG 'ansible_navigator.main' Completed post processing for images_details. (changed=False)
2026-06-26T02:42:15.590576+00:00 DEBUG 'ansible_navigator.main' Completed post processing for inventory. (changed=True)
2026-06-26T02:42:15.590592+00:00 DEBUG 'ansible_navigator.main'  before: 'Not set'
2026-06-26T02:42:15.590608+00:00 DEBUG 'ansible_navigator.main'  after: '['/workspaces/ansible/myinventory']'
2026-06-26T02:42:15.590623+00:00 DEBUG 'ansible_navigator.main' Completed post processing for inventory_column. (changed=False)
2026-06-26T02:42:15.590638+00:00 DEBUG 'ansible_navigator.main' Completed post processing for log_file. (changed=False)
2026-06-26T02:42:15.590654+00:00 DEBUG 'ansible_navigator.main' Completed post processing for pass_environment_variable. (changed=False)
2026-06-26T02:42:15.590669+00:00 DEBUG 'ansible_navigator.main' Completed post processing for playbook. (changed=True)
2026-06-26T02:42:15.590703+00:00 DEBUG 'ansible_navigator.main'  before: 'set_fact.yaml'
2026-06-26T02:42:15.590725+00:00 DEBUG 'ansible_navigator.main'  after: '/workspaces/ansible/set_fact.yaml'
2026-06-26T02:42:15.590742+00:00 DEBUG 'ansible_navigator.main' Completed post processing for playbook_artifact_replay. (changed=False)
2026-06-26T02:42:15.590758+00:00 DEBUG 'ansible_navigator.main' Completed post processing for playbook_artifact_save_as. (changed=False)
2026-06-26T02:42:15.590775+00:00 DEBUG 'ansible_navigator.main' Completed post processing for plugin_name. (changed=False)
2026-06-26T02:42:15.590791+00:00 DEBUG 'ansible_navigator.main' Completed post processing for pull_arguments. (changed=False)
2026-06-26T02:42:15.590816+00:00 DEBUG 'ansible_navigator.main' Completed post processing for set_environment_variable. (changed=False)
2026-06-26T02:42:15.590834+00:00 DEBUG 'ansible_navigator.main' Completed post processing for settings_effective. (changed=False)
2026-06-26T02:42:15.590854+00:00 DEBUG 'ansible_navigator.main' Completed post processing for settings_sample. (changed=False)
2026-06-26T02:42:15.590871+00:00 DEBUG 'ansible_navigator.main' Completed post processing for settings_schema. (changed=False)
2026-06-26T02:42:15.590888+00:00 DEBUG 'ansible_navigator.main' Completed post processing for settings_sources. (changed=False)
2026-06-26T02:42:15.590904+00:00 DEBUG 'ansible_navigator.main' Completed post processing for time_zone. (changed=False)
2026-06-26T02:42:15.590921+00:00 DEBUG 'ansible_navigator.main' Completed post processing for execution_environment_volume_mounts. (changed=False)
2026-06-26T02:42:15.590938+00:00 DEBUG 'ansible_navigator.main' Completed post processing for mode. (changed=False)
2026-06-26T02:42:15.590955+00:00 DEBUG 'ansible_navigator.main' Completed post processing for playbook_artifact_enable. (changed=False)
2026-06-26T02:42:15.590979+00:00 WARNING 'ansible_navigator.main' Configuration errors encountered, rolling back to previous configuration.
2026-06-26T02:42:15.590997+00:00 DEBUG 'ansible_navigator.main' Prior to rollback: ansible_runner_artifact_dir = 'Not set' (Constants/Not set)
2026-06-26T02:42:15.591029+00:00 DEBUG 'ansible_navigator.main' Prior to rollback: ansible_runner_rotate_artifacts_count = 'Not set' (Constants/Not set)
2026-06-26T02:42:15.591045+00:00 DEBUG 'ansible_navigator.main' Prior to rollback: ansible_runner_timeout = 'Not set' (Constants/Not set)
2026-06-26T02:42:15.591061+00:00 DEBUG 'ansible_navigator.main' Prior to rollback: ansible_runner_write_job_events = 'False' (bool/Defaults)
2026-06-26T02:42:15.591077+00:00 DEBUG 'ansible_navigator.main' Prior to rollback: app = 'run' (str/Command line)
2026-06-26T02:42:15.591093+00:00 DEBUG 'ansible_navigator.main' Prior to rollback: cmdline = 'Not set' (Constants/Not set)
2026-06-26T02:42:15.591126+00:00 DEBUG 'ansible_navigator.main' Prior to rollback: collection_doc_cache_path = '/root/.cache/ansible-navigator/collection_doc_cache.db' (str/Defaults)
2026-06-26T02:42:15.591143+00:00 DEBUG 'ansible_navigator.main' Prior to rollback: config = 'Not set' (Constants/Not set)
2026-06-26T02:42:15.591176+00:00 DEBUG 'ansible_navigator.main' Prior to rollback: container_engine = 'podman' (str/Automatically determined)
2026-06-26T02:42:15.591213+00:00 DEBUG 'ansible_navigator.main' Prior to rollback: container_options = 'Not set' (Constants/Not set)
2026-06-26T02:42:15.591230+00:00 DEBUG 'ansible_navigator.main' Prior to rollback: display_color = 'True' (bool/Defaults)
2026-06-26T02:42:15.591247+00:00 DEBUG 'ansible_navigator.main' Prior to rollback: editor_command = 'vi +{line_number} {filename}' (str/Defaults)
2026-06-26T02:42:15.591274+00:00 DEBUG 'ansible_navigator.main' Prior to rollback: editor_console = 'True' (bool/Defaults)
2026-06-26T02:42:15.591292+00:00 DEBUG 'ansible_navigator.main' Prior to rollback: enable_prompts = 'False' (bool/Defaults)
2026-06-26T02:42:15.591307+00:00 DEBUG 'ansible_navigator.main' Prior to rollback: exec_command = '/bin/bash' (str/Defaults)
2026-06-26T02:42:15.591324+00:00 DEBUG 'ansible_navigator.main' Prior to rollback: exec_shell = 'True' (bool/Defaults)
2026-06-26T02:42:15.591359+00:00 DEBUG 'ansible_navigator.main' Prior to rollback: execution_environment = 'True' (bool/Defaults)
2026-06-26T02:42:15.591378+00:00 DEBUG 'ansible_navigator.main' Prior to rollback: execution_environment_image = 'utility.lab.example.com:5000/ansible-automation-platform-25/ee-supported-rhel8:latest' (str/Settings file)
2026-06-26T02:42:15.591395+00:00 DEBUG 'ansible_navigator.main' Prior to rollback: execution_environment_volume_mounts = 'Not set' (Constants/Not set)
2026-06-26T02:42:15.591412+00:00 DEBUG 'ansible_navigator.main' Prior to rollback: format = 'yaml' (str/Defaults)
2026-06-26T02:42:15.591429+00:00 DEBUG 'ansible_navigator.main' Prior to rollback: help_builder = 'False' (bool/Defaults)
2026-06-26T02:42:15.591445+00:00 DEBUG 'ansible_navigator.main' Prior to rollback: help_config = 'False' (bool/Defaults)
2026-06-26T02:42:15.591465+00:00 DEBUG 'ansible_navigator.main' Prior to rollback: help_doc = 'False' (bool/Defaults)
2026-06-26T02:42:15.591482+00:00 DEBUG 'ansible_navigator.main' Prior to rollback: help_inventory = 'False' (bool/Defaults)
2026-06-26T02:42:15.591499+00:00 DEBUG 'ansible_navigator.main' Prior to rollback: help_playbook = 'False' (bool/Defaults)
2026-06-26T02:42:15.591535+00:00 DEBUG 'ansible_navigator.main' Prior to rollback: images_details = '['everything']' (list/Defaults)
2026-06-26T02:42:15.591552+00:00 DEBUG 'ansible_navigator.main' Prior to rollback: inventory = '['/workspaces/ansible/myinventory']' (list/Ansible configuration file)
2026-06-26T02:42:15.591568+00:00 DEBUG 'ansible_navigator.main' Prior to rollback: inventory_column = 'Not set' (Constants/Not set)
2026-06-26T02:42:15.591583+00:00 DEBUG 'ansible_navigator.main' Prior to rollback: lint_config = 'Not set' (Constants/Not set)
2026-06-26T02:42:15.591599+00:00 DEBUG 'ansible_navigator.main' Prior to rollback: lintables = 'Not set' (Constants/Not set)
2026-06-26T02:42:15.591614+00:00 DEBUG 'ansible_navigator.main' Prior to rollback: log_append = 'True' (bool/Defaults)
2026-06-26T02:42:15.591630+00:00 DEBUG 'ansible_navigator.main' Prior to rollback: log_file = '/workspaces/ansible/ansible-navigator.log' (str/Defaults)
2026-06-26T02:42:15.591645+00:00 DEBUG 'ansible_navigator.main' Prior to rollback: log_level = 'warning' (str/Defaults)
2026-06-26T02:42:15.591661+00:00 DEBUG 'ansible_navigator.main' Prior to rollback: mode = 'stodut' (str/Command line)
2026-06-26T02:42:15.591681+00:00 DEBUG 'ansible_navigator.main' Prior to rollback: osc4 = 'True' (bool/Defaults)
2026-06-26T02:42:15.591697+00:00 DEBUG 'ansible_navigator.main' Prior to rollback: pass_environment_variable = 'Not set' (Constants/Not set)
2026-06-26T02:42:15.591712+00:00 DEBUG 'ansible_navigator.main' Prior to rollback: playbook = '/workspaces/ansible/set_fact.yaml' (str/Command line)
2026-06-26T02:42:15.591727+00:00 DEBUG 'ansible_navigator.main' Prior to rollback: playbook_artifact_enable = 'False' (bool/Settings file)
2026-06-26T02:42:15.591744+00:00 DEBUG 'ansible_navigator.main' Prior to rollback: playbook_artifact_replay = 'Not set' (Constants/Not set)
2026-06-26T02:42:15.591759+00:00 DEBUG 'ansible_navigator.main' Prior to rollback: playbook_artifact_save_as = '{playbook_dir}/{playbook_name}-artifact-{time_stamp}.json' (str/Defaults)
2026-06-26T02:42:15.591775+00:00 DEBUG 'ansible_navigator.main' Prior to rollback: plugin_name = 'Not set' (Constants/Not set)
2026-06-26T02:42:15.591791+00:00 DEBUG 'ansible_navigator.main' Prior to rollback: plugin_type = 'module' (str/Defaults)
2026-06-26T02:42:15.591806+00:00 DEBUG 'ansible_navigator.main' Prior to rollback: pull_arguments = '['--tls-verify=false']' (list/Settings file)
2026-06-26T02:42:15.591822+00:00 DEBUG 'ansible_navigator.main' Prior to rollback: pull_policy = 'missing' (str/Settings file)
2026-06-26T02:42:15.591837+00:00 DEBUG 'ansible_navigator.main' Prior to rollback: set_environment_variable = 'Not set' (Constants/Not set)
2026-06-26T02:42:15.591853+00:00 DEBUG 'ansible_navigator.main' Prior to rollback: settings_effective = 'False' (bool/Defaults)
2026-06-26T02:42:15.591867+00:00 DEBUG 'ansible_navigator.main' Prior to rollback: settings_sample = 'False' (bool/Defaults)
2026-06-26T02:42:15.591883+00:00 DEBUG 'ansible_navigator.main' Prior to rollback: settings_schema = 'json' (str/Defaults)
2026-06-26T02:42:15.591898+00:00 DEBUG 'ansible_navigator.main' Prior to rollback: settings_sources = 'False' (bool/Defaults)
2026-06-26T02:42:15.591913+00:00 DEBUG 'ansible_navigator.main' Prior to rollback: time_zone = 'UTC' (str/Defaults)
2026-06-26T02:42:15.591929+00:00 DEBUG 'ansible_navigator.main' Prior to rollback: workdir = '/workspaces/ansible' (str/Defaults)
2026-06-26T02:42:15.591945+00:00 DEBUG 'ansible_navigator.main' After rollback: ansible_runner_artifact_dir = 'Not set' (Constants/Not set)
2026-06-26T02:42:15.591960+00:00 DEBUG 'ansible_navigator.main' After rollback: ansible_runner_rotate_artifacts_count = 'Not set' (Constants/Not set)
2026-06-26T02:42:15.591979+00:00 DEBUG 'ansible_navigator.main' After rollback: ansible_runner_timeout = 'Not set' (Constants/Not set)
2026-06-26T02:42:15.591994+00:00 DEBUG 'ansible_navigator.main' After rollback: ansible_runner_write_job_events = 'Not set' (Constants/Not set)
2026-06-26T02:42:15.592009+00:00 DEBUG 'ansible_navigator.main' After rollback: app = 'Not set' (Constants/Not set)
2026-06-26T02:42:15.592025+00:00 DEBUG 'ansible_navigator.main' After rollback: cmdline = 'Not set' (Constants/Not set)
2026-06-26T02:42:15.592040+00:00 DEBUG 'ansible_navigator.main' After rollback: collection_doc_cache_path = 'Not set' (Constants/Not set)
2026-06-26T02:42:15.592055+00:00 DEBUG 'ansible_navigator.main' After rollback: config = 'Not set' (Constants/Not set)
2026-06-26T02:42:15.592071+00:00 DEBUG 'ansible_navigator.main' After rollback: container_engine = 'Not set' (Constants/Not set)
2026-06-26T02:42:15.592086+00:00 DEBUG 'ansible_navigator.main' After rollback: container_options = 'Not set' (Constants/Not set)
2026-06-26T02:42:15.592101+00:00 DEBUG 'ansible_navigator.main' After rollback: display_color = 'Not set' (Constants/Not set)
2026-06-26T02:42:15.592116+00:00 DEBUG 'ansible_navigator.main' After rollback: editor_command = 'Not set' (Constants/Not set)
2026-06-26T02:42:15.592132+00:00 DEBUG 'ansible_navigator.main' After rollback: editor_console = 'Not set' (Constants/Not set)
2026-06-26T02:42:15.592147+00:00 DEBUG 'ansible_navigator.main' After rollback: enable_prompts = 'Not set' (Constants/Not set)
2026-06-26T02:42:15.592162+00:00 DEBUG 'ansible_navigator.main' After rollback: exec_command = 'Not set' (Constants/Not set)
2026-06-26T02:42:15.592178+00:00 DEBUG 'ansible_navigator.main' After rollback: exec_shell = 'Not set' (Constants/Not set)
2026-06-26T02:42:15.592195+00:00 DEBUG 'ansible_navigator.main' After rollback: execution_environment = 'Not set' (Constants/Not set)
2026-06-26T02:42:15.592211+00:00 DEBUG 'ansible_navigator.main' After rollback: execution_environment_image = 'Not set' (Constants/Not set)
2026-06-26T02:42:15.592226+00:00 DEBUG 'ansible_navigator.main' After rollback: execution_environment_volume_mounts = 'Not set' (Constants/Not set)
2026-06-26T02:42:15.592241+00:00 DEBUG 'ansible_navigator.main' After rollback: format = 'Not set' (Constants/Not set)
2026-06-26T02:42:15.592256+00:00 DEBUG 'ansible_navigator.main' After rollback: help_builder = 'Not set' (Constants/Not set)
2026-06-26T02:42:15.592272+00:00 DEBUG 'ansible_navigator.main' After rollback: help_config = 'Not set' (Constants/Not set)
2026-06-26T02:42:15.592287+00:00 DEBUG 'ansible_navigator.main' After rollback: help_doc = 'Not set' (Constants/Not set)
2026-06-26T02:42:15.592304+00:00 DEBUG 'ansible_navigator.main' After rollback: help_inventory = 'Not set' (Constants/Not set)
2026-06-26T02:42:15.592319+00:00 DEBUG 'ansible_navigator.main' After rollback: help_playbook = 'Not set' (Constants/Not set)
2026-06-26T02:42:15.592345+00:00 DEBUG 'ansible_navigator.main' After rollback: images_details = 'Not set' (Constants/Not set)
2026-06-26T02:42:15.592365+00:00 DEBUG 'ansible_navigator.main' After rollback: inventory = 'Not set' (Constants/Not set)
2026-06-26T02:42:15.592381+00:00 DEBUG 'ansible_navigator.main' After rollback: inventory_column = 'Not set' (Constants/Not set)
2026-06-26T02:42:15.592396+00:00 DEBUG 'ansible_navigator.main' After rollback: lint_config = 'Not set' (Constants/Not set)
2026-06-26T02:42:15.592412+00:00 DEBUG 'ansible_navigator.main' After rollback: lintables = 'Not set' (Constants/Not set)
2026-06-26T02:42:15.592427+00:00 DEBUG 'ansible_navigator.main' After rollback: log_append = 'Not set' (Constants/Not set)
2026-06-26T02:42:15.592442+00:00 DEBUG 'ansible_navigator.main' After rollback: log_file = 'Not set' (Constants/Not set)
2026-06-26T02:42:15.592458+00:00 DEBUG 'ansible_navigator.main' After rollback: log_level = 'Not set' (Constants/Not set)
2026-06-26T02:42:15.592473+00:00 DEBUG 'ansible_navigator.main' After rollback: mode = 'Not set' (Constants/Not set)
2026-06-26T02:42:15.592492+00:00 DEBUG 'ansible_navigator.main' After rollback: osc4 = 'Not set' (Constants/Not set)
2026-06-26T02:42:15.592507+00:00 DEBUG 'ansible_navigator.main' After rollback: pass_environment_variable = 'Not set' (Constants/Not set)
2026-06-26T02:42:15.592531+00:00 DEBUG 'ansible_navigator.main' After rollback: playbook = 'Not set' (Constants/Not set)
2026-06-26T02:42:15.592547+00:00 DEBUG 'ansible_navigator.main' After rollback: playbook_artifact_enable = 'Not set' (Constants/Not set)
2026-06-26T02:42:15.592563+00:00 DEBUG 'ansible_navigator.main' After rollback: playbook_artifact_replay = 'Not set' (Constants/Not set)
2026-06-26T02:42:15.592579+00:00 DEBUG 'ansible_navigator.main' After rollback: playbook_artifact_save_as = 'Not set' (Constants/Not set)
2026-06-26T02:42:15.592594+00:00 DEBUG 'ansible_navigator.main' After rollback: plugin_name = 'Not set' (Constants/Not set)
2026-06-26T02:42:15.592610+00:00 DEBUG 'ansible_navigator.main' After rollback: plugin_type = 'Not set' (Constants/Not set)
2026-06-26T02:42:15.592625+00:00 DEBUG 'ansible_navigator.main' After rollback: pull_arguments = 'Not set' (Constants/Not set)
2026-06-26T02:42:15.592640+00:00 DEBUG 'ansible_navigator.main' After rollback: pull_policy = 'Not set' (Constants/Not set)
2026-06-26T02:42:15.592655+00:00 DEBUG 'ansible_navigator.main' After rollback: set_environment_variable = 'Not set' (Constants/Not set)
2026-06-26T02:42:15.592671+00:00 DEBUG 'ansible_navigator.main' After rollback: settings_effective = 'Not set' (Constants/Not set)
2026-06-26T02:42:15.592686+00:00 DEBUG 'ansible_navigator.main' After rollback: settings_sample = 'Not set' (Constants/Not set)
2026-06-26T02:42:15.592702+00:00 DEBUG 'ansible_navigator.main' After rollback: settings_schema = 'Not set' (Constants/Not set)
2026-06-26T02:42:15.592717+00:00 DEBUG 'ansible_navigator.main' After rollback: settings_sources = 'Not set' (Constants/Not set)
2026-06-26T02:42:15.592733+00:00 DEBUG 'ansible_navigator.main' After rollback: time_zone = 'Not set' (Constants/Not set)
2026-06-26T02:42:15.592749+00:00 DEBUG 'ansible_navigator.main' After rollback: workdir = 'Not set' (Constants/Not set)
2026-06-26T02:42:15.592767+00:00 DEBUG 'ansible_navigator.main' Configuration rollback complete.
2026-06-26T02:42:15.592782+00:00 DEBUG 'ansible_navigator.main' Collection doc cache not mounted
2026-06-26T02:42:15.592834+00:00 WARNING 'ansible_navigator.main' Issues were found while applying the settings.
2026-06-26T02:42:15.592857+00:00 INFO 'ansible_navigator.main' Command provided: 'run -m stodut set_fact.yaml'
2026-06-26T02:42:15.592880+00:00 ERROR 'ansible_navigator.main' The setting 'mode' must be one of 'stdout' or 'interactive', but set as 'stodut'. (Command line)
2026-06-26T02:42:15.592901+00:00 INFO 'ansible_navigator.main' Try again with '-m stdout' or '-m interactive'
2026-06-26T02:42:15.592921+00:00 INFO 'ansible_navigator.main' Configuration failed, using default log file location. (/workspaces/ansible/ansible-navigator.log) Log level set to debug
2026-06-26T02:42:15.592940+00:00 INFO 'ansible_navigator.main' Review the hints and log file to see what went wrong.
2026-07-06T02:46:17.278772+00:00 ERROR 'ansible_navigator.actions.collections._parse' /usr/share/ansible/collections/ansible_collections/cloud/terraform/roles/git_plan/meta/main.yml Failed to find main.yml for role in cloud.terraform.
2026-07-06T02:46:17.280643+00:00 ERROR 'ansible_navigator.actions.collections._parse' /usr/share/ansible/collections/ansible_collections/cloud/terraform/roles/inventory_from_outputs/meta/main.yml Failed to find main.yml for role in cloud.terraform.
2026-07-06T02:46:17.280730+00:00 ERROR 'ansible_navigator.actions.collections._parse' /usr/share/ansible/collections/ansible_collections/redhat/sap_install/roles/sap_ha_install_hana_hsr/meta/argument_specs.yml Failed to find argument_specs.yml for role in redhat.sap_install.
2026-07-06T02:46:17.280764+00:00 ERROR 'ansible_navigator.actions.collections._parse' /usr/share/ansible/collections/ansible_collections/redhat/sap_install/roles/sap_swpm/meta/argument_specs.yml Failed to find argument_specs.yml for role in redhat.sap_install.
2026-07-06T02:46:17.280796+00:00 ERROR 'ansible_navigator.actions.collections._parse' /usr/share/ansible/collections/ansible_collections/redhat/sap_install/roles/sap_hana_preconfigure/meta/argument_specs.yml Failed to find argument_specs.yml for role in redhat.sap_install.
2026-07-06T02:46:17.280828+00:00 ERROR 'ansible_navigator.actions.collections._parse' /usr/share/ansible/collections/ansible_collections/redhat/sap_install/roles/sap_netweaver_preconfigure/meta/argument_specs.yml Failed to find argument_specs.yml for role in redhat.sap_install.
2026-07-06T02:46:17.280862+00:00 ERROR 'ansible_navigator.actions.collections._parse' /usr/share/ansible/collections/ansible_collections/redhat/sap_install/roles/sap_general_preconfigure/meta/argument_specs.yml Failed to find argument_specs.yml for role in redhat.sap_install.
2026-07-06T02:46:17.280897+00:00 ERROR 'ansible_navigator.actions.collections._parse' /usr/share/ansible/collections/ansible_collections/redhat/redhat_csp_download/roles/redhat_csp_download/meta/argument_specs.yml Failed to find argument_specs.yml for role in redhat.redhat_csp_download.
2026-07-06T02:46:17.280958+00:00 ERROR 'ansible_navigator.actions.collections._parse' /usr/share/ansible/collections/ansible_collections/redhat/redhat_csp_download/roles/redhat_csp_download/meta/main.yml Failed to find main.yml for role in redhat.redhat_csp_download.
2026-07-06T02:46:17.280981+00:00 ERROR 'ansible_navigator.actions.collections._parse' /usr/share/ansible/collections/ansible_collections/redhat/rhv/roles/vm_infra/meta/argument_specs.yml Failed to find argument_specs.yml for role in redhat.rhv.
2026-07-06T02:46:17.281007+00:00 ERROR 'ansible_navigator.actions.collections._parse' /usr/share/ansible/collections/ansible_collections/redhat/rhv/roles/vm_infra/meta/main.yml Failed to find main.yml for role in redhat.rhv.
2026-07-06T02:46:17.281026+00:00 ERROR 'ansible_navigator.actions.collections._parse' /usr/share/ansible/collections/ansible_collections/redhat/rhv/roles/image_template/meta/argument_specs.yml Failed to find argument_specs.yml for role in redhat.rhv.
2026-07-06T02:46:17.281043+00:00 ERROR 'ansible_navigator.actions.collections._parse' /usr/share/ansible/collections/ansible_collections/redhat/rhv/roles/image_template/meta/main.yml Failed to find main.yml for role in redhat.rhv.
2026-07-06T02:46:17.281061+00:00 ERROR 'ansible_navigator.actions.collections._parse' /usr/share/ansible/collections/ansible_collections/redhat/rhv/roles/repositories/meta/argument_specs.yml Failed to find argument_specs.yml for role in redhat.rhv.
2026-07-06T02:46:17.281077+00:00 ERROR 'ansible_navigator.actions.collections._parse' /usr/share/ansible/collections/ansible_collections/redhat/rhv/roles/repositories/meta/main.yml Failed to find main.yml for role in redhat.rhv.
2026-07-06T02:46:17.281094+00:00 ERROR 'ansible_navigator.actions.collections._parse' /usr/share/ansible/collections/ansible_collections/redhat/rhv/roles/engine_setup/meta/argument_specs.yml Failed to find argument_specs.yml for role in redhat.rhv.
2026-07-06T02:46:17.281110+00:00 ERROR 'ansible_navigator.actions.collections._parse' /usr/share/ansible/collections/ansible_collections/redhat/rhv/roles/engine_setup/meta/main.yml Failed to find main.yml for role in redhat.rhv.
2026-07-06T02:46:17.281127+00:00 ERROR 'ansible_navigator.actions.collections._parse' /usr/share/ansible/collections/ansible_collections/redhat/rhv/roles/cluster_upgrade/meta/argument_specs.yml Failed to find argument_specs.yml for role in redhat.rhv.
2026-07-06T02:46:17.281145+00:00 ERROR 'ansible_navigator.actions.collections._parse' /usr/share/ansible/collections/ansible_collections/redhat/rhv/roles/cluster_upgrade/meta/main.yml Failed to find main.yml for role in redhat.rhv.
2026-07-06T02:46:17.281170+00:00 ERROR 'ansible_navigator.actions.collections._parse' /usr/share/ansible/collections/ansible_collections/redhat/rhv/roles/shutdown_env/meta/argument_specs.yml Failed to find argument_specs.yml for role in redhat.rhv.
2026-07-06T02:46:17.281190+00:00 ERROR 'ansible_navigator.actions.collections._parse' /usr/share/ansible/collections/ansible_collections/redhat/rhv/roles/shutdown_env/meta/main.yml Failed to find main.yml for role in redhat.rhv.
2026-07-06T02:46:17.281206+00:00 ERROR 'ansible_navigator.actions.collections._parse' /usr/share/ansible/collections/ansible_collections/redhat/rhv/roles/hosted_engine_setup/meta/argument_specs.yml Failed to find argument_specs.yml for role in redhat.rhv.
2026-07-06T02:46:17.281222+00:00 ERROR 'ansible_navigator.actions.collections._parse' /usr/share/ansible/collections/ansible_collections/redhat/rhv/roles/hosted_engine_setup/meta/main.yml Failed to find main.yml for role in redhat.rhv.
2026-07-06T02:46:17.281252+00:00 ERROR 'ansible_navigator.actions.collections._parse' /usr/share/ansible/collections/ansible_collections/redhat/rhv/roles/remove_stale_lun/meta/argument_specs.yml Failed to find argument_specs.yml for role in redhat.rhv.
2026-07-06T02:46:17.281268+00:00 ERROR 'ansible_navigator.actions.collections._parse' /usr/share/ansible/collections/ansible_collections/redhat/rhv/roles/remove_stale_lun/meta/main.yml Failed to find main.yml for role in redhat.rhv.
2026-07-06T02:46:17.281284+00:00 ERROR 'ansible_navigator.actions.collections._parse' /usr/share/ansible/collections/ansible_collections/redhat/rhv/roles/infra/meta/argument_specs.yml Failed to find argument_specs.yml for role in redhat.rhv.
2026-07-06T02:46:17.281299+00:00 ERROR 'ansible_navigator.actions.collections._parse' /usr/share/ansible/collections/ansible_collections/redhat/rhv/roles/infra/meta/main.yml Failed to find main.yml for role in redhat.rhv.
2026-07-06T02:46:17.281315+00:00 ERROR 'ansible_navigator.actions.collections._parse' /usr/share/ansible/collections/ansible_collections/redhat/rhv/roles/disaster_recovery/meta/argument_specs.yml Failed to find argument_specs.yml for role in redhat.rhv.
2026-07-06T02:46:17.281332+00:00 ERROR 'ansible_navigator.actions.collections._parse' /usr/share/ansible/collections/ansible_collections/redhat/rhv/roles/disaster_recovery/meta/main.yml Failed to find main.yml for role in redhat.rhv.
2026-07-06T02:46:17.281352+00:00 ERROR 'ansible_navigator.actions.collections._parse' /usr/share/ansible/collections/ansible_collections/redhat/rhel_idm/roles/ipasmartcard_server/meta/argument_specs.yml Failed to find argument_specs.yml for role in redhat.rhel_idm.
2026-07-06T02:46:17.281383+00:00 ERROR 'ansible_navigator.actions.collections._parse' /usr/share/ansible/collections/ansible_collections/redhat/rhel_idm/roles/ipabackup/meta/argument_specs.yml Failed to find argument_specs.yml for role in redhat.rhel_idm.
2026-07-06T02:46:17.281404+00:00 ERROR 'ansible_navigator.actions.collections._parse' /usr/share/ansible/collections/ansible_collections/redhat/rhel_idm/roles/ipareplica/meta/argument_specs.yml Failed to find argument_specs.yml for role in redhat.rhel_idm.
2026-07-06T02:46:17.281420+00:00 ERROR 'ansible_navigator.actions.collections._parse' /usr/share/ansible/collections/ansible_collections/redhat/rhel_idm/roles/ipasmartcard_client/meta/argument_specs.yml Failed to find argument_specs.yml for role in redhat.rhel_idm.
2026-07-06T02:46:17.281436+00:00 ERROR 'ansible_navigator.actions.collections._parse' /usr/share/ansible/collections/ansible_collections/redhat/rhel_idm/roles/ipaserver/meta/argument_specs.yml Failed to find argument_specs.yml for role in redhat.rhel_idm.
2026-07-06T02:46:17.281453+00:00 ERROR 'ansible_navigator.actions.collections._parse' /usr/share/ansible/collections/ansible_collections/redhat/rhel_idm/roles/ipaclient/meta/argument_specs.yml Failed to find argument_specs.yml for role in redhat.rhel_idm.
2026-07-06T02:46:17.281468+00:00 ERROR 'ansible_navigator.actions.collections._parse' /usr/share/ansible/collections/ansible_collections/redhat/satellite_operations/roles/capsule_certs_generate/meta/argument_specs.yml Failed to find argument_specs.yml for role in redhat.satellite_operations.
2026-07-06T02:46:17.281483+00:00 ERROR 'ansible_navigator.actions.collections._parse' /usr/share/ansible/collections/ansible_collections/redhat/satellite_operations/roles/capsule_certs_generate/meta/main.yml Failed to find main.yml for role in redhat.satellite_operations.
2026-07-06T02:46:17.281503+00:00 ERROR 'ansible_navigator.actions.collections._parse' /usr/share/ansible/collections/ansible_collections/redhat/satellite_operations/roles/backup/meta/argument_specs.yml Failed to find argument_specs.yml for role in redhat.satellite_operations.
2026-07-06T02:46:17.281519+00:00 ERROR 'ansible_navigator.actions.collections._parse' /usr/share/ansible/collections/ansible_collections/redhat/satellite_operations/roles/backup/meta/main.yml Failed to find main.yml for role in redhat.satellite_operations.
2026-07-06T02:46:17.281534+00:00 ERROR 'ansible_navigator.actions.collections._parse' /usr/share/ansible/collections/ansible_collections/redhat/satellite_operations/roles/installer/meta/argument_specs.yml Failed to find argument_specs.yml for role in redhat.satellite_operations.
2026-07-06T02:46:17.281550+00:00 ERROR 'ansible_navigator.actions.collections._parse' /usr/share/ansible/collections/ansible_collections/redhat/satellite_operations/roles/installer/meta/main.yml Failed to find main.yml for role in redhat.satellite_operations.
2026-07-06T02:46:17.281566+00:00 ERROR 'ansible_navigator.actions.collections._parse' /usr/share/ansible/collections/ansible_collections/redhat/satellite_operations/roles/cloud_connector/meta/argument_specs.yml Failed to find argument_specs.yml for role in redhat.satellite_operations.
2026-07-06T02:46:17.281583+00:00 ERROR 'ansible_navigator.actions.collections._parse' /usr/share/ansible/collections/ansible_collections/redhat/satellite_operations/roles/cloud_connector/meta/main.yml Failed to find main.yml for role in redhat.satellite_operations.
2026-07-06T02:46:17.281598+00:00 ERROR 'ansible_navigator.actions.collections._parse' /usr/share/ansible/collections/ansible_collections/redhat/rhel_system_roles/roles/private_metrics_subrole_grafana/meta/argument_specs.yml Failed to find argument_specs.yml for role in redhat.rhel_system_roles.
2026-07-06T02:46:17.281613+00:00 ERROR 'ansible_navigator.actions.collections._parse' /usr/share/ansible/collections/ansible_collections/redhat/rhel_system_roles/roles/private_metrics_subrole_keyserver/meta/argument_specs.yml Failed to find argument_specs.yml for role in redhat.rhel_system_roles.
2026-07-06T02:46:17.281628+00:00 ERROR 'ansible_navigator.actions.collections._parse' /usr/share/ansible/collections/ansible_collections/redhat/rhel_system_roles/roles/storage/meta/argument_specs.yml Failed to find argument_specs.yml for role in redhat.rhel_system_roles.
2026-07-06T02:46:17.281643+00:00 ERROR 'ansible_navigator.actions.collections._parse' /usr/share/ansible/collections/ansible_collections/redhat/rhel_system_roles/roles/rhc/meta/argument_specs.yml Failed to find argument_specs.yml for role in redhat.rhel_system_roles.
2026-07-06T02:46:17.281659+00:00 ERROR 'ansible_navigator.actions.collections._parse' /usr/share/ansible/collections/ansible_collections/redhat/rhel_system_roles/roles/podman/meta/argument_specs.yml Failed to find argument_specs.yml for role in redhat.rhel_system_roles.
2026-07-06T02:46:17.281674+00:00 ERROR 'ansible_navigator.actions.collections._parse' /usr/share/ansible/collections/ansible_collections/redhat/rhel_system_roles/roles/nbde_server/meta/argument_specs.yml Failed to find argument_specs.yml for role in redhat.rhel_system_roles.
2026-07-06T02:46:17.281689+00:00 ERROR 'ansible_navigator.actions.collections._parse' /usr/share/ansible/collections/ansible_collections/redhat/rhel_system_roles/roles/private_metrics_subrole_mssql/meta/argument_specs.yml Failed to find argument_specs.yml for role in redhat.rhel_system_roles.
2026-07-06T02:46:17.281704+00:00 ERROR 'ansible_navigator.actions.collections._parse' /usr/share/ansible/collections/ansible_collections/redhat/rhel_system_roles/roles/cockpit/meta/argument_specs.yml Failed to find argument_specs.yml for role in redhat.rhel_system_roles.
2026-07-06T02:46:17.281722+00:00 ERROR 'ansible_navigator.actions.collections._parse' /usr/share/ansible/collections/ansible_collections/redhat/rhel_system_roles/roles/postfix/meta/argument_specs.yml Failed to find argument_specs.yml for role in redhat.rhel_system_roles.
2026-07-06T02:46:17.281738+00:00 ERROR 'ansible_navigator.actions.collections._parse' /usr/share/ansible/collections/ansible_collections/redhat/rhel_system_roles/roles/tlog/meta/argument_specs.yml Failed to find argument_specs.yml for role in redhat.rhel_system_roles.
2026-07-06T02:46:17.281754+00:00 ERROR 'ansible_navigator.actions.collections._parse' /usr/share/ansible/collections/ansible_collections/redhat/rhel_system_roles/roles/ssh/meta/argument_specs.yml Failed to find argument_specs.yml for role in redhat.rhel_system_roles.
2026-07-06T02:46:17.281769+00:00 ERROR 'ansible_navigator.actions.collections._parse' /usr/share/ansible/collections/ansible_collections/redhat/rhel_system_roles/roles/bootloader/meta/argument_specs.yml Failed to find argument_specs.yml for role in redhat.rhel_system_roles.
2026-07-06T02:46:17.281785+00:00 ERROR 'ansible_navigator.actions.collections._parse' /usr/share/ansible/collections/ansible_collections/redhat/rhel_system_roles/roles/keylime_server/meta/argument_specs.yml Failed to find argument_specs.yml for role in redhat.rhel_system_roles.
2026-07-06T02:46:17.281807+00:00 ERROR 'ansible_navigator.actions.collections._parse' /usr/share/ansible/collections/ansible_collections/redhat/rhel_system_roles/roles/certificate/meta/argument_specs.yml Failed to find argument_specs.yml for role in redhat.rhel_system_roles.
2026-07-06T02:46:17.281822+00:00 ERROR 'ansible_navigator.actions.collections._parse' /usr/share/ansible/collections/ansible_collections/redhat/rhel_system_roles/roles/nbde_client/meta/argument_specs.yml Failed to find argument_specs.yml for role in redhat.rhel_system_roles.
2026-07-06T02:46:17.281838+00:00 ERROR 'ansible_navigator.actions.collections._parse' /usr/share/ansible/collections/ansible_collections/redhat/rhel_system_roles/roles/sudo/meta/argument_specs.yml Failed to find argument_specs.yml for role in redhat.rhel_system_roles.
2026-07-06T02:46:17.281854+00:00 ERROR 'ansible_navigator.actions.collections._parse' /usr/share/ansible/collections/ansible_collections/redhat/rhel_system_roles/roles/sshd/meta/argument_specs.yml Failed to find argument_specs.yml for role in redhat.rhel_system_roles.
2026-07-06T02:46:17.281871+00:00 ERROR 'ansible_navigator.actions.collections._parse' /usr/share/ansible/collections/ansible_collections/redhat/rhel_system_roles/roles/private_metrics_subrole_repository/meta/argument_specs.yml Failed to find argument_specs.yml for role in redhat.rhel_system_roles.
2026-07-06T02:46:17.281887+00:00 ERROR 'ansible_navigator.actions.collections._parse' /usr/share/ansible/collections/ansible_collections/redhat/rhel_system_roles/roles/private_metrics_subrole_elasticsearch/meta/argument_specs.yml Failed to find argument_specs.yml for role in redhat.rhel_system_roles.
2026-07-06T02:46:17.281902+00:00 ERROR 'ansible_navigator.actions.collections._parse' /usr/share/ansible/collections/ansible_collections/redhat/rhel_system_roles/roles/systemd/meta/argument_specs.yml Failed to find argument_specs.yml for role in redhat.rhel_system_roles.
2026-07-06T02:46:17.281917+00:00 ERROR 'ansible_navigator.actions.collections._parse' /usr/share/ansible/collections/ansible_collections/redhat/rhel_system_roles/roles/private_metrics_subrole_bpftrace/meta/argument_specs.yml Failed to find argument_specs.yml for role in redhat.rhel_system_roles.
2026-07-06T02:46:17.281933+00:00 ERROR 'ansible_navigator.actions.collections._parse' /usr/share/ansible/collections/ansible_collections/redhat/rhel_system_roles/roles/firewall/meta/argument_specs.yml Failed to find argument_specs.yml for role in redhat.rhel_system_roles.
2026-07-06T02:46:17.281949+00:00 ERROR 'ansible_navigator.actions.collections._parse' /usr/share/ansible/collections/ansible_collections/redhat/rhel_system_roles/roles/vpn/meta/argument_specs.yml Failed to find argument_specs.yml for role in redhat.rhel_system_roles.
2026-07-06T02:46:17.281966+00:00 ERROR 'ansible_navigator.actions.collections._parse' /usr/share/ansible/collections/ansible_collections/redhat/rhel_system_roles/roles/network/meta/argument_specs.yml Failed to find argument_specs.yml for role in redhat.rhel_system_roles.
2026-07-06T02:46:17.281982+00:00 ERROR 'ansible_navigator.actions.collections._parse' /usr/share/ansible/collections/ansible_collections/redhat/rhel_system_roles/roles/private_metrics_subrole_spark/meta/argument_specs.yml Failed to find argument_specs.yml for role in redhat.rhel_system_roles.
2026-07-06T02:46:17.281998+00:00 ERROR 'ansible_navigator.actions.collections._parse' /usr/share/ansible/collections/ansible_collections/redhat/rhel_system_roles/roles/private_metrics_subrole_pcp/meta/argument_specs.yml Failed to find argument_specs.yml for role in redhat.rhel_system_roles.
2026-07-06T02:46:17.282015+00:00 ERROR 'ansible_navigator.actions.collections._parse' /usr/share/ansible/collections/ansible_collections/redhat/rhel_system_roles/roles/metrics/meta/argument_specs.yml Failed to find argument_specs.yml for role in redhat.rhel_system_roles.
2026-07-06T02:46:17.282030+00:00 ERROR 'ansible_navigator.actions.collections._parse' /usr/share/ansible/collections/ansible_collections/redhat/rhel_system_roles/roles/crypto_policies/meta/argument_specs.yml Failed to find argument_specs.yml for role in redhat.rhel_system_roles.
2026-07-06T02:46:17.282046+00:00 ERROR 'ansible_navigator.actions.collections._parse' /usr/share/ansible/collections/ansible_collections/redhat/rhel_system_roles/roles/journald/meta/argument_specs.yml Failed to find argument_specs.yml for role in redhat.rhel_system_roles.
2026-07-06T02:46:17.282063+00:00 ERROR 'ansible_navigator.actions.collections._parse' /usr/share/ansible/collections/ansible_collections/redhat/rhel_system_roles/roles/postgresql/meta/argument_specs.yml Failed to find argument_specs.yml for role in redhat.rhel_system_roles.
2026-07-06T02:46:17.282081+00:00 ERROR 'ansible_navigator.actions.collections._parse' /usr/share/ansible/collections/ansible_collections/redhat/rhel_system_roles/roles/logging/meta/argument_specs.yml Failed to find argument_specs.yml for role in redhat.rhel_system_roles.
2026-07-06T02:46:17.282098+00:00 ERROR 'ansible_navigator.actions.collections._parse' /usr/share/ansible/collections/ansible_collections/redhat/rhel_system_roles/roles/selinux/meta/argument_specs.yml Failed to find argument_specs.yml for role in redhat.rhel_system_roles.
2026-07-06T02:46:17.282113+00:00 ERROR 'ansible_navigator.actions.collections._parse' /usr/share/ansible/collections/ansible_collections/redhat/rhel_system_roles/roles/aide/meta/argument_specs.yml Failed to find argument_specs.yml for role in redhat.rhel_system_roles.
2026-07-06T02:46:17.282130+00:00 ERROR 'ansible_navigator.actions.collections._parse' /usr/share/ansible/collections/ansible_collections/redhat/rhel_system_roles/roles/timesync/meta/argument_specs.yml Failed to find argument_specs.yml for role in redhat.rhel_system_roles.
2026-07-06T02:46:17.282146+00:00 ERROR 'ansible_navigator.actions.collections._parse' /usr/share/ansible/collections/ansible_collections/redhat/rhel_system_roles/roles/private_metrics_subrole_postfix/meta/argument_specs.yml Failed to find argument_specs.yml for role in redhat.rhel_system_roles.
2026-07-06T02:46:17.282167+00:00 ERROR 'ansible_navigator.actions.collections._parse' /usr/share/ansible/collections/ansible_collections/redhat/rhel_system_roles/roles/ha_cluster/meta/argument_specs.yml Failed to find argument_specs.yml for role in redhat.rhel_system_roles.
2026-07-06T02:46:17.282186+00:00 ERROR 'ansible_navigator.actions.collections._parse' /usr/share/ansible/collections/ansible_collections/redhat/rhel_system_roles/roles/kdump/meta/argument_specs.yml Failed to find argument_specs.yml for role in redhat.rhel_system_roles.
2026-07-06T02:46:17.282203+00:00 ERROR 'ansible_navigator.actions.collections._parse' /usr/share/ansible/collections/ansible_collections/redhat/rhel_system_roles/roles/kernel_settings/meta/argument_specs.yml Failed to find argument_specs.yml for role in redhat.rhel_system_roles.
2026-07-06T02:46:17.282221+00:00 ERROR 'ansible_navigator.actions.collections._parse' /usr/share/ansible/collections/ansible_collections/redhat/rhel_system_roles/roles/ad_integration/meta/argument_specs.yml Failed to find argument_specs.yml for role in redhat.rhel_system_roles.
2026-07-06T02:46:17.282236+00:00 ERROR 'ansible_navigator.actions.collections._parse' /usr/share/ansible/collections/ansible_collections/redhat/rhel_system_roles/roles/private_logging_subrole_rsyslog/meta/argument_specs.yml Failed to find argument_specs.yml for role in redhat.rhel_system_roles.
2026-07-06T02:46:17.282260+00:00 ERROR 'ansible_navigator.actions.collections._parse' /usr/share/ansible/collections/ansible_collections/redhat/rhel_system_roles/roles/snapshot/meta/argument_specs.yml Failed to find argument_specs.yml for role in redhat.rhel_system_roles.
2026-07-06T02:46:17.282274+00:00 ERROR 'ansible_navigator.actions.collections._parse' /usr/share/ansible/collections/ansible_collections/redhat/rhel_system_roles/roles/fapolicyd/meta/argument_specs.yml Failed to find argument_specs.yml for role in redhat.rhel_system_roles.
2026-07-06T02:46:17.282289+00:00 ERROR 'ansible_navigator.actions.collections._parse' /usr/share/ansible/collections/ansible_collections/redhat/insights/roles/compliance/meta/argument_specs.yml Failed to find argument_specs.yml for role in redhat.insights.
2026-07-06T02:46:17.282305+00:00 ERROR 'ansible_navigator.actions.collections._parse' /usr/share/ansible/collections/ansible_collections/redhat/insights/roles/insights_client/meta/argument_specs.yml Failed to find argument_specs.yml for role in redhat.insights.
2026-07-06T02:46:17.282320+00:00 ERROR 'ansible_navigator.actions.collections._parse' /usr/share/ansible/collections/ansible_collections/redhat/satellite/roles/compute_profiles/meta/argument_specs.yml Failed to find argument_specs.yml for role in redhat.satellite.
2026-07-06T02:46:17.282335+00:00 ERROR 'ansible_navigator.actions.collections._parse' /usr/share/ansible/collections/ansible_collections/redhat/satellite/roles/compute_profiles/meta/main.yml Failed to find main.yml for role in redhat.satellite.
2026-07-06T02:46:17.282350+00:00 ERROR 'ansible_navigator.actions.collections._parse' /usr/share/ansible/collections/ansible_collections/redhat/satellite/roles/content_views/meta/argument_specs.yml Failed to find argument_specs.yml for role in redhat.satellite.
2026-07-06T02:46:17.282365+00:00 ERROR 'ansible_navigator.actions.collections._parse' /usr/share/ansible/collections/ansible_collections/redhat/satellite/roles/content_views/meta/main.yml Failed to find main.yml for role in redhat.satellite.
2026-07-06T02:46:17.282399+00:00 ERROR 'ansible_navigator.actions.collections._parse' /usr/share/ansible/collections/ansible_collections/redhat/satellite/roles/activation_keys/meta/argument_specs.yml Failed to find argument_specs.yml for role in redhat.satellite.
2026-07-06T02:46:17.282416+00:00 ERROR 'ansible_navigator.actions.collections._parse' /usr/share/ansible/collections/ansible_collections/redhat/satellite/roles/activation_keys/meta/main.yml Failed to find main.yml for role in redhat.satellite.
2026-07-06T02:46:17.282432+00:00 ERROR 'ansible_navigator.actions.collections._parse' /usr/share/ansible/collections/ansible_collections/redhat/satellite/roles/sync_plans/meta/argument_specs.yml Failed to find argument_specs.yml for role in redhat.satellite.
2026-07-06T02:46:17.282447+00:00 ERROR 'ansible_navigator.actions.collections._parse' /usr/share/ansible/collections/ansible_collections/redhat/satellite/roles/sync_plans/meta/main.yml Failed to find main.yml for role in redhat.satellite.
2026-07-06T02:46:17.282472+00:00 ERROR 'ansible_navigator.actions.collections._parse' /usr/share/ansible/collections/ansible_collections/redhat/satellite/roles/content_rhel/meta/argument_specs.yml Failed to find argument_specs.yml for role in redhat.satellite.
2026-07-06T02:46:17.282488+00:00 ERROR 'ansible_navigator.actions.collections._parse' /usr/share/ansible/collections/ansible_collections/redhat/satellite/roles/content_rhel/meta/main.yml Failed to find main.yml for role in redhat.satellite.
2026-07-06T02:46:17.282511+00:00 ERROR 'ansible_navigator.actions.collections._parse' /usr/share/ansible/collections/ansible_collections/redhat/satellite/roles/convert2rhel/meta/argument_specs.yml Failed to find argument_specs.yml for role in redhat.satellite.
2026-07-06T02:46:17.282526+00:00 ERROR 'ansible_navigator.actions.collections._parse' /usr/share/ansible/collections/ansible_collections/redhat/satellite/roles/convert2rhel/meta/main.yml Failed to find main.yml for role in redhat.satellite.
2026-07-06T02:46:17.282541+00:00 ERROR 'ansible_navigator.actions.collections._parse' /usr/share/ansible/collections/ansible_collections/redhat/satellite/roles/repositories/meta/argument_specs.yml Failed to find argument_specs.yml for role in redhat.satellite.
2026-07-06T02:46:17.282556+00:00 ERROR 'ansible_navigator.actions.collections._parse' /usr/share/ansible/collections/ansible_collections/redhat/satellite/roles/repositories/meta/main.yml Failed to find main.yml for role in redhat.satellite.
2026-07-06T02:46:17.282579+00:00 ERROR 'ansible_navigator.actions.collections._parse' /usr/share/ansible/collections/ansible_collections/redhat/satellite/roles/manifest/meta/argument_specs.yml Failed to find argument_specs.yml for role in redhat.satellite.
2026-07-06T02:46:17.282594+00:00 ERROR 'ansible_navigator.actions.collections._parse' /usr/share/ansible/collections/ansible_collections/redhat/satellite/roles/manifest/meta/main.yml Failed to find main.yml for role in redhat.satellite.
2026-07-06T02:46:17.282610+00:00 ERROR 'ansible_navigator.actions.collections._parse' /usr/share/ansible/collections/ansible_collections/redhat/satellite/roles/auth_sources_ldap/meta/argument_specs.yml Failed to find argument_specs.yml for role in redhat.satellite.
2026-07-06T02:46:17.282628+00:00 ERROR 'ansible_navigator.actions.collections._parse' /usr/share/ansible/collections/ansible_collections/redhat/satellite/roles/auth_sources_ldap/meta/main.yml Failed to find main.yml for role in redhat.satellite.
2026-07-06T02:46:17.282644+00:00 ERROR 'ansible_navigator.actions.collections._parse' /usr/share/ansible/collections/ansible_collections/redhat/satellite/roles/content_credentials/meta/argument_specs.yml Failed to find argument_specs.yml for role in redhat.satellite.
2026-07-06T02:46:17.282659+00:00 ERROR 'ansible_navigator.actions.collections._parse' /usr/share/ansible/collections/ansible_collections/redhat/satellite/roles/content_credentials/meta/main.yml Failed to find main.yml for role in redhat.satellite.
2026-07-06T02:46:17.282674+00:00 ERROR 'ansible_navigator.actions.collections._parse' /usr/share/ansible/collections/ansible_collections/redhat/satellite/roles/content_view_version_cleanup/meta/argument_specs.yml Failed to find argument_specs.yml for role in redhat.satellite.
2026-07-06T02:46:17.282690+00:00 ERROR 'ansible_navigator.actions.collections._parse' /usr/share/ansible/collections/ansible_collections/redhat/satellite/roles/content_view_version_cleanup/meta/main.yml Failed to find main.yml for role in redhat.satellite.
2026-07-06T02:46:17.282712+00:00 ERROR 'ansible_navigator.actions.collections._parse' /usr/share/ansible/collections/ansible_collections/redhat/satellite/roles/hostgroups/meta/argument_specs.yml Failed to find argument_specs.yml for role in redhat.satellite.
2026-07-06T02:46:17.282728+00:00 ERROR 'ansible_navigator.actions.collections._parse' /usr/share/ansible/collections/ansible_collections/redhat/satellite/roles/hostgroups/meta/main.yml Failed to find main.yml for role in redhat.satellite.
2026-07-06T02:46:17.282745+00:00 ERROR 'ansible_navigator.actions.collections._parse' /usr/share/ansible/collections/ansible_collections/redhat/satellite/roles/settings/meta/argument_specs.yml Failed to find argument_specs.yml for role in redhat.satellite.
2026-07-06T02:46:17.282759+00:00 ERROR 'ansible_navigator.actions.collections._parse' /usr/share/ansible/collections/ansible_collections/redhat/satellite/roles/settings/meta/main.yml Failed to find main.yml for role in redhat.satellite.
2026-07-06T02:46:17.282778+00:00 ERROR 'ansible_navigator.actions.collections._parse' /usr/share/ansible/collections/ansible_collections/redhat/satellite/roles/compute_resources/meta/argument_specs.yml Failed to find argument_specs.yml for role in redhat.satellite.
2026-07-06T02:46:17.282794+00:00 ERROR 'ansible_navigator.actions.collections._parse' /usr/share/ansible/collections/ansible_collections/redhat/satellite/roles/compute_resources/meta/main.yml Failed to find main.yml for role in redhat.satellite.
2026-07-06T02:46:17.282808+00:00 ERROR 'ansible_navigator.actions.collections._parse' /usr/share/ansible/collections/ansible_collections/redhat/satellite/roles/provisioning_templates/meta/argument_specs.yml Failed to find argument_specs.yml for role in redhat.satellite.
2026-07-06T02:46:17.282823+00:00 ERROR 'ansible_navigator.actions.collections._parse' /usr/share/ansible/collections/ansible_collections/redhat/satellite/roles/provisioning_templates/meta/main.yml Failed to find main.yml for role in redhat.satellite.
2026-07-06T02:46:17.282838+00:00 ERROR 'ansible_navigator.actions.collections._parse' /usr/share/ansible/collections/ansible_collections/redhat/satellite/roles/content_view_publish/meta/argument_specs.yml Failed to find argument_specs.yml for role in redhat.satellite.
2026-07-06T02:46:17.282853+00:00 ERROR 'ansible_navigator.actions.collections._parse' /usr/share/ansible/collections/ansible_collections/redhat/satellite/roles/content_view_publish/meta/main.yml Failed to find main.yml for role in redhat.satellite.
2026-07-06T02:46:17.282868+00:00 ERROR 'ansible_navigator.actions.collections._parse' /usr/share/ansible/collections/ansible_collections/redhat/satellite/roles/operatingsystems/meta/argument_specs.yml Failed to find argument_specs.yml for role in redhat.satellite.
2026-07-06T02:46:17.282884+00:00 ERROR 'ansible_navigator.actions.collections._parse' /usr/share/ansible/collections/ansible_collections/redhat/satellite/roles/operatingsystems/meta/main.yml Failed to find main.yml for role in redhat.satellite.
2026-07-06T02:46:17.282899+00:00 ERROR 'ansible_navigator.actions.collections._parse' /usr/share/ansible/collections/ansible_collections/redhat/satellite/roles/subnets/meta/argument_specs.yml Failed to find argument_specs.yml for role in redhat.satellite.
2026-07-06T02:46:17.282914+00:00 ERROR 'ansible_navigator.actions.collections._parse' /usr/share/ansible/collections/ansible_collections/redhat/satellite/roles/subnets/meta/main.yml Failed to find main.yml for role in redhat.satellite.
2026-07-06T02:46:17.282929+00:00 ERROR 'ansible_navigator.actions.collections._parse' /usr/share/ansible/collections/ansible_collections/redhat/satellite/roles/organizations/meta/argument_specs.yml Failed to find argument_specs.yml for role in redhat.satellite.
2026-07-06T02:46:17.282944+00:00 ERROR 'ansible_navigator.actions.collections._parse' /usr/share/ansible/collections/ansible_collections/redhat/satellite/roles/organizations/meta/main.yml Failed to find main.yml for role in redhat.satellite.
2026-07-06T02:46:17.282958+00:00 ERROR 'ansible_navigator.actions.collections._parse' /usr/share/ansible/collections/ansible_collections/redhat/satellite/roles/lifecycle_environments/meta/argument_specs.yml Failed to find argument_specs.yml for role in redhat.satellite.
2026-07-06T02:46:17.282974+00:00 ERROR 'ansible_navigator.actions.collections._parse' /usr/share/ansible/collections/ansible_collections/redhat/satellite/roles/lifecycle_environments/meta/main.yml Failed to find main.yml for role in redhat.satellite.
2026-07-06T02:46:17.282989+00:00 ERROR 'ansible_navigator.actions.collections._parse' /usr/share/ansible/collections/ansible_collections/redhat/satellite/roles/domains/meta/argument_specs.yml Failed to find argument_specs.yml for role in redhat.satellite.
2026-07-06T02:46:17.283005+00:00 ERROR 'ansible_navigator.actions.collections._parse' /usr/share/ansible/collections/ansible_collections/redhat/satellite/roles/domains/meta/main.yml Failed to find main.yml for role in redhat.satellite.
2026-07-06T02:58:43.540080+00:00 ERROR 'ansible_navigator.actions.collections._parse' /workspaces/ansible/collections/ansible_collections/community/cassandra/roles/cassandra_firewall/meta/argument_specs.yml Failed to find argument_specs.yml for role in community.cassandra.
2026-07-06T02:58:43.540772+00:00 ERROR 'ansible_navigator.actions.collections._parse' /workspaces/ansible/collections/ansible_collections/community/cassandra/roles/cassandra_install/meta/argument_specs.yml Failed to find argument_specs.yml for role in community.cassandra.
2026-07-06T02:58:43.540863+00:00 ERROR 'ansible_navigator.actions.collections._parse' /workspaces/ansible/collections/ansible_collections/community/cassandra/roles/cassandra_linux/meta/argument_specs.yml Failed to find argument_specs.yml for role in community.cassandra.
2026-07-06T02:58:43.540895+00:00 ERROR 'ansible_navigator.actions.collections._parse' /workspaces/ansible/collections/ansible_collections/community/cassandra/roles/cassandra_repository/meta/argument_specs.yml Failed to find argument_specs.yml for role in community.cassandra.
2026-07-06T02:58:43.540929+00:00 ERROR 'ansible_navigator.actions.collections._parse' /usr/share/ansible/collections/ansible_collections/cloud/terraform/roles/git_plan/meta/main.yml Failed to find main.yml for role in cloud.terraform.
2026-07-06T02:58:43.540958+00:00 ERROR 'ansible_navigator.actions.collections._parse' /usr/share/ansible/collections/ansible_collections/cloud/terraform/roles/inventory_from_outputs/meta/main.yml Failed to find main.yml for role in cloud.terraform.
2026-07-06T02:58:43.540983+00:00 ERROR 'ansible_navigator.actions.collections._parse' /usr/share/ansible/collections/ansible_collections/redhat/sap_install/roles/sap_ha_install_hana_hsr/meta/argument_specs.yml Failed to find argument_specs.yml for role in redhat.sap_install.
2026-07-06T02:58:43.541021+00:00 ERROR 'ansible_navigator.actions.collections._parse' /usr/share/ansible/collections/ansible_collections/redhat/sap_install/roles/sap_swpm/meta/argument_specs.yml Failed to find argument_specs.yml for role in redhat.sap_install.
2026-07-06T02:58:43.541071+00:00 ERROR 'ansible_navigator.actions.collections._parse' /usr/share/ansible/collections/ansible_collections/redhat/sap_install/roles/sap_hana_preconfigure/meta/argument_specs.yml Failed to find argument_specs.yml for role in redhat.sap_install.
2026-07-06T02:58:43.541095+00:00 ERROR 'ansible_navigator.actions.collections._parse' /usr/share/ansible/collections/ansible_collections/redhat/sap_install/roles/sap_netweaver_preconfigure/meta/argument_specs.yml Failed to find argument_specs.yml for role in redhat.sap_install.
2026-07-06T02:58:43.541116+00:00 ERROR 'ansible_navigator.actions.collections._parse' /usr/share/ansible/collections/ansible_collections/redhat/sap_install/roles/sap_general_preconfigure/meta/argument_specs.yml Failed to find argument_specs.yml for role in redhat.sap_install.
2026-07-06T02:58:43.541135+00:00 ERROR 'ansible_navigator.actions.collections._parse' /usr/share/ansible/collections/ansible_collections/redhat/redhat_csp_download/roles/redhat_csp_download/meta/argument_specs.yml Failed to find argument_specs.yml for role in redhat.redhat_csp_download.
2026-07-06T02:58:43.541155+00:00 ERROR 'ansible_navigator.actions.collections._parse' /usr/share/ansible/collections/ansible_collections/redhat/redhat_csp_download/roles/redhat_csp_download/meta/main.yml Failed to find main.yml for role in redhat.redhat_csp_download.
2026-07-06T02:58:43.541173+00:00 ERROR 'ansible_navigator.actions.collections._parse' /usr/share/ansible/collections/ansible_collections/redhat/rhv/roles/vm_infra/meta/argument_specs.yml Failed to find argument_specs.yml for role in redhat.rhv.
2026-07-06T02:58:43.541191+00:00 ERROR 'ansible_navigator.actions.collections._parse' /usr/share/ansible/collections/ansible_collections/redhat/rhv/roles/vm_infra/meta/main.yml Failed to find main.yml for role in redhat.rhv.
2026-07-06T02:58:43.541224+00:00 ERROR 'ansible_navigator.actions.collections._parse' /usr/share/ansible/collections/ansible_collections/redhat/rhv/roles/image_template/meta/argument_specs.yml Failed to find argument_specs.yml for role in redhat.rhv.
2026-07-06T02:58:43.541241+00:00 ERROR 'ansible_navigator.actions.collections._parse' /usr/share/ansible/collections/ansible_collections/redhat/rhv/roles/image_template/meta/main.yml Failed to find main.yml for role in redhat.rhv.
2026-07-06T02:58:43.541257+00:00 ERROR 'ansible_navigator.actions.collections._parse' /usr/share/ansible/collections/ansible_collections/redhat/rhv/roles/repositories/meta/argument_specs.yml Failed to find argument_specs.yml for role in redhat.rhv.
2026-07-06T02:58:43.541273+00:00 ERROR 'ansible_navigator.actions.collections._parse' /usr/share/ansible/collections/ansible_collections/redhat/rhv/roles/repositories/meta/main.yml Failed to find main.yml for role in redhat.rhv.
2026-07-06T02:58:43.541289+00:00 ERROR 'ansible_navigator.actions.collections._parse' /usr/share/ansible/collections/ansible_collections/redhat/rhv/roles/engine_setup/meta/argument_specs.yml Failed to find argument_specs.yml for role in redhat.rhv.
2026-07-06T02:58:43.541305+00:00 ERROR 'ansible_navigator.actions.collections._parse' /usr/share/ansible/collections/ansible_collections/redhat/rhv/roles/engine_setup/meta/main.yml Failed to find main.yml for role in redhat.rhv.
2026-07-06T02:58:43.541321+00:00 ERROR 'ansible_navigator.actions.collections._parse' /usr/share/ansible/collections/ansible_collections/redhat/rhv/roles/cluster_upgrade/meta/argument_specs.yml Failed to find argument_specs.yml for role in redhat.rhv.
2026-07-06T02:58:43.541336+00:00 ERROR 'ansible_navigator.actions.collections._parse' /usr/share/ansible/collections/ansible_collections/redhat/rhv/roles/cluster_upgrade/meta/main.yml Failed to find main.yml for role in redhat.rhv.
2026-07-06T02:58:43.541351+00:00 ERROR 'ansible_navigator.actions.collections._parse' /usr/share/ansible/collections/ansible_collections/redhat/rhv/roles/shutdown_env/meta/argument_specs.yml Failed to find argument_specs.yml for role in redhat.rhv.
2026-07-06T02:58:43.541366+00:00 ERROR 'ansible_navigator.actions.collections._parse' /usr/share/ansible/collections/ansible_collections/redhat/rhv/roles/shutdown_env/meta/main.yml Failed to find main.yml for role in redhat.rhv.
2026-07-06T02:58:43.541406+00:00 ERROR 'ansible_navigator.actions.collections._parse' /usr/share/ansible/collections/ansible_collections/redhat/rhv/roles/hosted_engine_setup/meta/argument_specs.yml Failed to find argument_specs.yml for role in redhat.rhv.
2026-07-06T02:58:43.541424+00:00 ERROR 'ansible_navigator.actions.collections._parse' /usr/share/ansible/collections/ansible_collections/redhat/rhv/roles/hosted_engine_setup/meta/main.yml Failed to find main.yml for role in redhat.rhv.
2026-07-06T02:58:43.541439+00:00 ERROR 'ansible_navigator.actions.collections._parse' /usr/share/ansible/collections/ansible_collections/redhat/rhv/roles/remove_stale_lun/meta/argument_specs.yml Failed to find argument_specs.yml for role in redhat.rhv.
2026-07-06T02:58:43.541469+00:00 ERROR 'ansible_navigator.actions.collections._parse' /usr/share/ansible/collections/ansible_collections/redhat/rhv/roles/remove_stale_lun/meta/main.yml Failed to find main.yml for role in redhat.rhv.
2026-07-06T02:58:43.541485+00:00 ERROR 'ansible_navigator.actions.collections._parse' /usr/share/ansible/collections/ansible_collections/redhat/rhv/roles/infra/meta/argument_specs.yml Failed to find argument_specs.yml for role in redhat.rhv.
2026-07-06T02:58:43.541501+00:00 ERROR 'ansible_navigator.actions.collections._parse' /usr/share/ansible/collections/ansible_collections/redhat/rhv/roles/infra/meta/main.yml Failed to find main.yml for role in redhat.rhv.
2026-07-06T02:58:43.541517+00:00 ERROR 'ansible_navigator.actions.collections._parse' /usr/share/ansible/collections/ansible_collections/redhat/rhv/roles/disaster_recovery/meta/argument_specs.yml Failed to find argument_specs.yml for role in redhat.rhv.
2026-07-06T02:58:43.541536+00:00 ERROR 'ansible_navigator.actions.collections._parse' /usr/share/ansible/collections/ansible_collections/redhat/rhv/roles/disaster_recovery/meta/main.yml Failed to find main.yml for role in redhat.rhv.
2026-07-06T02:58:43.541552+00:00 ERROR 'ansible_navigator.actions.collections._parse' /usr/share/ansible/collections/ansible_collections/redhat/rhel_idm/roles/ipasmartcard_server/meta/argument_specs.yml Failed to find argument_specs.yml for role in redhat.rhel_idm.
2026-07-06T02:58:43.541570+00:00 ERROR 'ansible_navigator.actions.collections._parse' /usr/share/ansible/collections/ansible_collections/redhat/rhel_idm/roles/ipabackup/meta/argument_specs.yml Failed to find argument_specs.yml for role in redhat.rhel_idm.
2026-07-06T02:58:43.541585+00:00 ERROR 'ansible_navigator.actions.collections._parse' /usr/share/ansible/collections/ansible_collections/redhat/rhel_idm/roles/ipareplica/meta/argument_specs.yml Failed to find argument_specs.yml for role in redhat.rhel_idm.
2026-07-06T02:58:43.541603+00:00 ERROR 'ansible_navigator.actions.collections._parse' /usr/share/ansible/collections/ansible_collections/redhat/rhel_idm/roles/ipasmartcard_client/meta/argument_specs.yml Failed to find argument_specs.yml for role in redhat.rhel_idm.
2026-07-06T02:58:43.541620+00:00 ERROR 'ansible_navigator.actions.collections._parse' /usr/share/ansible/collections/ansible_collections/redhat/rhel_idm/roles/ipaserver/meta/argument_specs.yml Failed to find argument_specs.yml for role in redhat.rhel_idm.
2026-07-06T02:58:43.541636+00:00 ERROR 'ansible_navigator.actions.collections._parse' /usr/share/ansible/collections/ansible_collections/redhat/rhel_idm/roles/ipaclient/meta/argument_specs.yml Failed to find argument_specs.yml for role in redhat.rhel_idm.
2026-07-06T02:58:43.541660+00:00 ERROR 'ansible_navigator.actions.collections._parse' /usr/share/ansible/collections/ansible_collections/redhat/satellite_operations/roles/capsule_certs_generate/meta/argument_specs.yml Failed to find argument_specs.yml for role in redhat.satellite_operations.
2026-07-06T02:58:43.541682+00:00 ERROR 'ansible_navigator.actions.collections._parse' /usr/share/ansible/collections/ansible_collections/redhat/satellite_operations/roles/capsule_certs_generate/meta/main.yml Failed to find main.yml for role in redhat.satellite_operations.
2026-07-06T02:58:43.541700+00:00 ERROR 'ansible_navigator.actions.collections._parse' /usr/share/ansible/collections/ansible_collections/redhat/satellite_operations/roles/backup/meta/argument_specs.yml Failed to find argument_specs.yml for role in redhat.satellite_operations.
2026-07-06T02:58:43.541716+00:00 ERROR 'ansible_navigator.actions.collections._parse' /usr/share/ansible/collections/ansible_collections/redhat/satellite_operations/roles/backup/meta/main.yml Failed to find main.yml for role in redhat.satellite_operations.
2026-07-06T02:58:43.541732+00:00 ERROR 'ansible_navigator.actions.collections._parse' /usr/share/ansible/collections/ansible_collections/redhat/satellite_operations/roles/installer/meta/argument_specs.yml Failed to find argument_specs.yml for role in redhat.satellite_operations.
2026-07-06T02:58:43.541748+00:00 ERROR 'ansible_navigator.actions.collections._parse' /usr/share/ansible/collections/ansible_collections/redhat/satellite_operations/roles/installer/meta/main.yml Failed to find main.yml for role in redhat.satellite_operations.
2026-07-06T02:58:43.541763+00:00 ERROR 'ansible_navigator.actions.collections._parse' /usr/share/ansible/collections/ansible_collections/redhat/satellite_operations/roles/cloud_connector/meta/argument_specs.yml Failed to find argument_specs.yml for role in redhat.satellite_operations.
2026-07-06T02:58:43.541778+00:00 ERROR 'ansible_navigator.actions.collections._parse' /usr/share/ansible/collections/ansible_collections/redhat/satellite_operations/roles/cloud_connector/meta/main.yml Failed to find main.yml for role in redhat.satellite_operations.
2026-07-06T02:58:43.541795+00:00 ERROR 'ansible_navigator.actions.collections._parse' /usr/share/ansible/collections/ansible_collections/redhat/rhel_system_roles/roles/private_metrics_subrole_grafana/meta/argument_specs.yml Failed to find argument_specs.yml for role in redhat.rhel_system_roles.
2026-07-06T02:58:43.541813+00:00 ERROR 'ansible_navigator.actions.collections._parse' /usr/share/ansible/collections/ansible_collections/redhat/rhel_system_roles/roles/private_metrics_subrole_keyserver/meta/argument_specs.yml Failed to find argument_specs.yml for role in redhat.rhel_system_roles.
2026-07-06T02:58:43.541829+00:00 ERROR 'ansible_navigator.actions.collections._parse' /usr/share/ansible/collections/ansible_collections/redhat/rhel_system_roles/roles/storage/meta/argument_specs.yml Failed to find argument_specs.yml for role in redhat.rhel_system_roles.
2026-07-06T02:58:43.541847+00:00 ERROR 'ansible_navigator.actions.collections._parse' /usr/share/ansible/collections/ansible_collections/redhat/rhel_system_roles/roles/rhc/meta/argument_specs.yml Failed to find argument_specs.yml for role in redhat.rhel_system_roles.
2026-07-06T02:58:43.541861+00:00 ERROR 'ansible_navigator.actions.collections._parse' /usr/share/ansible/collections/ansible_collections/redhat/rhel_system_roles/roles/podman/meta/argument_specs.yml Failed to find argument_specs.yml for role in redhat.rhel_system_roles.
2026-07-06T02:58:43.541877+00:00 ERROR 'ansible_navigator.actions.collections._parse' /usr/share/ansible/collections/ansible_collections/redhat/rhel_system_roles/roles/nbde_server/meta/argument_specs.yml Failed to find argument_specs.yml for role in redhat.rhel_system_roles.
2026-07-06T02:58:43.541902+00:00 ERROR 'ansible_navigator.actions.collections._parse' /usr/share/ansible/collections/ansible_collections/redhat/rhel_system_roles/roles/private_metrics_subrole_mssql/meta/argument_specs.yml Failed to find argument_specs.yml for role in redhat.rhel_system_roles.
2026-07-06T02:58:43.541917+00:00 ERROR 'ansible_navigator.actions.collections._parse' /usr/share/ansible/collections/ansible_collections/redhat/rhel_system_roles/roles/cockpit/meta/argument_specs.yml Failed to find argument_specs.yml for role in redhat.rhel_system_roles.
2026-07-06T02:58:43.541932+00:00 ERROR 'ansible_navigator.actions.collections._parse' /usr/share/ansible/collections/ansible_collections/redhat/rhel_system_roles/roles/postfix/meta/argument_specs.yml Failed to find argument_specs.yml for role in redhat.rhel_system_roles.
2026-07-06T02:58:43.541950+00:00 ERROR 'ansible_navigator.actions.collections._parse' /usr/share/ansible/collections/ansible_collections/redhat/rhel_system_roles/roles/tlog/meta/argument_specs.yml Failed to find argument_specs.yml for role in redhat.rhel_system_roles.
2026-07-06T02:58:43.541966+00:00 ERROR 'ansible_navigator.actions.collections._parse' /usr/share/ansible/collections/ansible_collections/redhat/rhel_system_roles/roles/ssh/meta/argument_specs.yml Failed to find argument_specs.yml for role in redhat.rhel_system_roles.
2026-07-06T02:58:43.541981+00:00 ERROR 'ansible_navigator.actions.collections._parse' /usr/share/ansible/collections/ansible_collections/redhat/rhel_system_roles/roles/bootloader/meta/argument_specs.yml Failed to find argument_specs.yml for role in redhat.rhel_system_roles.
2026-07-06T02:58:43.541996+00:00 ERROR 'ansible_navigator.actions.collections._parse' /usr/share/ansible/collections/ansible_collections/redhat/rhel_system_roles/roles/keylime_server/meta/argument_specs.yml Failed to find argument_specs.yml for role in redhat.rhel_system_roles.
2026-07-06T02:58:43.542014+00:00 ERROR 'ansible_navigator.actions.collections._parse' /usr/share/ansible/collections/ansible_collections/redhat/rhel_system_roles/roles/certificate/meta/argument_specs.yml Failed to find argument_specs.yml for role in redhat.rhel_system_roles.
2026-07-06T02:58:43.542031+00:00 ERROR 'ansible_navigator.actions.collections._parse' /usr/share/ansible/collections/ansible_collections/redhat/rhel_system_roles/roles/nbde_client/meta/argument_specs.yml Failed to find argument_specs.yml for role in redhat.rhel_system_roles.
2026-07-06T02:58:43.542046+00:00 ERROR 'ansible_navigator.actions.collections._parse' /usr/share/ansible/collections/ansible_collections/redhat/rhel_system_roles/roles/sudo/meta/argument_specs.yml Failed to find argument_specs.yml for role in redhat.rhel_system_roles.
2026-07-06T02:58:43.542065+00:00 ERROR 'ansible_navigator.actions.collections._parse' /usr/share/ansible/collections/ansible_collections/redhat/rhel_system_roles/roles/sshd/meta/argument_specs.yml Failed to find argument_specs.yml for role in redhat.rhel_system_roles.
2026-07-06T02:58:43.542080+00:00 ERROR 'ansible_navigator.actions.collections._parse' /usr/share/ansible/collections/ansible_collections/redhat/rhel_system_roles/roles/private_metrics_subrole_repository/meta/argument_specs.yml Failed to find argument_specs.yml for role in redhat.rhel_system_roles.
2026-07-06T02:58:43.542097+00:00 ERROR 'ansible_navigator.actions.collections._parse' /usr/share/ansible/collections/ansible_collections/redhat/rhel_system_roles/roles/private_metrics_subrole_elasticsearch/meta/argument_specs.yml Failed to find argument_specs.yml for role in redhat.rhel_system_roles.
2026-07-06T02:58:43.542130+00:00 ERROR 'ansible_navigator.actions.collections._parse' /usr/share/ansible/collections/ansible_collections/redhat/rhel_system_roles/roles/systemd/meta/argument_specs.yml Failed to find argument_specs.yml for role in redhat.rhel_system_roles.
2026-07-06T02:58:43.542147+00:00 ERROR 'ansible_navigator.actions.collections._parse' /usr/share/ansible/collections/ansible_collections/redhat/rhel_system_roles/roles/private_metrics_subrole_bpftrace/meta/argument_specs.yml Failed to find argument_specs.yml for role in redhat.rhel_system_roles.
2026-07-06T02:58:43.542164+00:00 ERROR 'ansible_navigator.actions.collections._parse' /usr/share/ansible/collections/ansible_collections/redhat/rhel_system_roles/roles/firewall/meta/argument_specs.yml Failed to find argument_specs.yml for role in redhat.rhel_system_roles.
2026-07-06T02:58:43.542180+00:00 ERROR 'ansible_navigator.actions.collections._parse' /usr/share/ansible/collections/ansible_collections/redhat/rhel_system_roles/roles/vpn/meta/argument_specs.yml Failed to find argument_specs.yml for role in redhat.rhel_system_roles.
2026-07-06T02:58:43.542196+00:00 ERROR 'ansible_navigator.actions.collections._parse' /usr/share/ansible/collections/ansible_collections/redhat/rhel_system_roles/roles/network/meta/argument_specs.yml Failed to find argument_specs.yml for role in redhat.rhel_system_roles.
2026-07-06T02:58:43.542213+00:00 ERROR 'ansible_navigator.actions.collections._parse' /usr/share/ansible/collections/ansible_collections/redhat/rhel_system_roles/roles/private_metrics_subrole_spark/meta/argument_specs.yml Failed to find argument_specs.yml for role in redhat.rhel_system_roles.
2026-07-06T02:58:43.542231+00:00 ERROR 'ansible_navigator.actions.collections._parse' /usr/share/ansible/collections/ansible_collections/redhat/rhel_system_roles/roles/private_metrics_subrole_pcp/meta/argument_specs.yml Failed to find argument_specs.yml for role in redhat.rhel_system_roles.
2026-07-06T02:58:43.542247+00:00 ERROR 'ansible_navigator.actions.collections._parse' /usr/share/ansible/collections/ansible_collections/redhat/rhel_system_roles/roles/metrics/meta/argument_specs.yml Failed to find argument_specs.yml for role in redhat.rhel_system_roles.
2026-07-06T02:58:43.542263+00:00 ERROR 'ansible_navigator.actions.collections._parse' /usr/share/ansible/collections/ansible_collections/redhat/rhel_system_roles/roles/crypto_policies/meta/argument_specs.yml Failed to find argument_specs.yml for role in redhat.rhel_system_roles.
2026-07-06T02:58:43.542279+00:00 ERROR 'ansible_navigator.actions.collections._parse' /usr/share/ansible/collections/ansible_collections/redhat/rhel_system_roles/roles/journald/meta/argument_specs.yml Failed to find argument_specs.yml for role in redhat.rhel_system_roles.
2026-07-06T02:58:43.542295+00:00 ERROR 'ansible_navigator.actions.collections._parse' /usr/share/ansible/collections/ansible_collections/redhat/rhel_system_roles/roles/postgresql/meta/argument_specs.yml Failed to find argument_specs.yml for role in redhat.rhel_system_roles.
2026-07-06T02:58:43.542314+00:00 ERROR 'ansible_navigator.actions.collections._parse' /usr/share/ansible/collections/ansible_collections/redhat/rhel_system_roles/roles/logging/meta/argument_specs.yml Failed to find argument_specs.yml for role in redhat.rhel_system_roles.
2026-07-06T02:58:43.542331+00:00 ERROR 'ansible_navigator.actions.collections._parse' /usr/share/ansible/collections/ansible_collections/redhat/rhel_system_roles/roles/selinux/meta/argument_specs.yml Failed to find argument_specs.yml for role in redhat.rhel_system_roles.
2026-07-06T02:58:43.542347+00:00 ERROR 'ansible_navigator.actions.collections._parse' /usr/share/ansible/collections/ansible_collections/redhat/rhel_system_roles/roles/aide/meta/argument_specs.yml Failed to find argument_specs.yml for role in redhat.rhel_system_roles.
2026-07-06T02:58:43.542363+00:00 ERROR 'ansible_navigator.actions.collections._parse' /usr/share/ansible/collections/ansible_collections/redhat/rhel_system_roles/roles/timesync/meta/argument_specs.yml Failed to find argument_specs.yml for role in redhat.rhel_system_roles.
2026-07-06T02:58:43.542378+00:00 ERROR 'ansible_navigator.actions.collections._parse' /usr/share/ansible/collections/ansible_collections/redhat/rhel_system_roles/roles/private_metrics_subrole_postfix/meta/argument_specs.yml Failed to find argument_specs.yml for role in redhat.rhel_system_roles.
2026-07-06T02:58:43.542410+00:00 ERROR 'ansible_navigator.actions.collections._parse' /usr/share/ansible/collections/ansible_collections/redhat/rhel_system_roles/roles/ha_cluster/meta/argument_specs.yml Failed to find argument_specs.yml for role in redhat.rhel_system_roles.
2026-07-06T02:58:43.542426+00:00 ERROR 'ansible_navigator.actions.collections._parse' /usr/share/ansible/collections/ansible_collections/redhat/rhel_system_roles/roles/kdump/meta/argument_specs.yml Failed to find argument_specs.yml for role in redhat.rhel_system_roles.
2026-07-06T02:58:43.542450+00:00 ERROR 'ansible_navigator.actions.collections._parse' /usr/share/ansible/collections/ansible_collections/redhat/rhel_system_roles/roles/kernel_settings/meta/argument_specs.yml Failed to find argument_specs.yml for role in redhat.rhel_system_roles.
2026-07-06T02:58:43.542467+00:00 ERROR 'ansible_navigator.actions.collections._parse' /usr/share/ansible/collections/ansible_collections/redhat/rhel_system_roles/roles/ad_integration/meta/argument_specs.yml Failed to find argument_specs.yml for role in redhat.rhel_system_roles.
2026-07-06T02:58:43.542483+00:00 ERROR 'ansible_navigator.actions.collections._parse' /usr/share/ansible/collections/ansible_collections/redhat/rhel_system_roles/roles/private_logging_subrole_rsyslog/meta/argument_specs.yml Failed to find argument_specs.yml for role in redhat.rhel_system_roles.
2026-07-06T02:58:43.542499+00:00 ERROR 'ansible_navigator.actions.collections._parse' /usr/share/ansible/collections/ansible_collections/redhat/rhel_system_roles/roles/snapshot/meta/argument_specs.yml Failed to find argument_specs.yml for role in redhat.rhel_system_roles.
2026-07-06T02:58:43.542514+00:00 ERROR 'ansible_navigator.actions.collections._parse' /usr/share/ansible/collections/ansible_collections/redhat/rhel_system_roles/roles/fapolicyd/meta/argument_specs.yml Failed to find argument_specs.yml for role in redhat.rhel_system_roles.
2026-07-06T02:58:43.542530+00:00 ERROR 'ansible_navigator.actions.collections._parse' /usr/share/ansible/collections/ansible_collections/redhat/insights/roles/compliance/meta/argument_specs.yml Failed to find argument_specs.yml for role in redhat.insights.
2026-07-06T02:58:43.542546+00:00 ERROR 'ansible_navigator.actions.collections._parse' /usr/share/ansible/collections/ansible_collections/redhat/insights/roles/insights_client/meta/argument_specs.yml Failed to find argument_specs.yml for role in redhat.insights.
2026-07-06T02:58:43.542564+00:00 ERROR 'ansible_navigator.actions.collections._parse' /usr/share/ansible/collections/ansible_collections/redhat/satellite/roles/compute_profiles/meta/argument_specs.yml Failed to find argument_specs.yml for role in redhat.satellite.
2026-07-06T02:58:43.542584+00:00 ERROR 'ansible_navigator.actions.collections._parse' /usr/share/ansible/collections/ansible_collections/redhat/satellite/roles/compute_profiles/meta/main.yml Failed to find main.yml for role in redhat.satellite.
2026-07-06T02:58:43.542610+00:00 ERROR 'ansible_navigator.actions.collections._parse' /usr/share/ansible/collections/ansible_collections/redhat/satellite/roles/content_views/meta/argument_specs.yml Failed to find argument_specs.yml for role in redhat.satellite.
2026-07-06T02:58:43.542627+00:00 ERROR 'ansible_navigator.actions.collections._parse' /usr/share/ansible/collections/ansible_collections/redhat/satellite/roles/content_views/meta/main.yml Failed to find main.yml for role in redhat.satellite.
2026-07-06T02:58:43.542643+00:00 ERROR 'ansible_navigator.actions.collections._parse' /usr/share/ansible/collections/ansible_collections/redhat/satellite/roles/activation_keys/meta/argument_specs.yml Failed to find argument_specs.yml for role in redhat.satellite.
2026-07-06T02:58:43.542659+00:00 ERROR 'ansible_navigator.actions.collections._parse' /usr/share/ansible/collections/ansible_collections/redhat/satellite/roles/activation_keys/meta/main.yml Failed to find main.yml for role in redhat.satellite.
2026-07-06T02:58:43.542674+00:00 ERROR 'ansible_navigator.actions.collections._parse' /usr/share/ansible/collections/ansible_collections/redhat/satellite/roles/sync_plans/meta/argument_specs.yml Failed to find argument_specs.yml for role in redhat.satellite.
2026-07-06T02:58:43.542690+00:00 ERROR 'ansible_navigator.actions.collections._parse' /usr/share/ansible/collections/ansible_collections/redhat/satellite/roles/sync_plans/meta/main.yml Failed to find main.yml for role in redhat.satellite.
2026-07-06T02:58:43.542706+00:00 ERROR 'ansible_navigator.actions.collections._parse' /usr/share/ansible/collections/ansible_collections/redhat/satellite/roles/content_rhel/meta/argument_specs.yml Failed to find argument_specs.yml for role in redhat.satellite.
2026-07-06T02:58:43.542722+00:00 ERROR 'ansible_navigator.actions.collections._parse' /usr/share/ansible/collections/ansible_collections/redhat/satellite/roles/content_rhel/meta/main.yml Failed to find main.yml for role in redhat.satellite.
2026-07-06T02:58:43.542741+00:00 ERROR 'ansible_navigator.actions.collections._parse' /usr/share/ansible/collections/ansible_collections/redhat/satellite/roles/convert2rhel/meta/argument_specs.yml Failed to find argument_specs.yml for role in redhat.satellite.
2026-07-06T02:58:43.542757+00:00 ERROR 'ansible_navigator.actions.collections._parse' /usr/share/ansible/collections/ansible_collections/redhat/satellite/roles/convert2rhel/meta/main.yml Failed to find main.yml for role in redhat.satellite.
2026-07-06T02:58:43.542772+00:00 ERROR 'ansible_navigator.actions.collections._parse' /usr/share/ansible/collections/ansible_collections/redhat/satellite/roles/repositories/meta/argument_specs.yml Failed to find argument_specs.yml for role in redhat.satellite.
2026-07-06T02:58:43.542789+00:00 ERROR 'ansible_navigator.actions.collections._parse' /usr/share/ansible/collections/ansible_collections/redhat/satellite/roles/repositories/meta/main.yml Failed to find main.yml for role in redhat.satellite.
2026-07-06T02:58:43.542805+00:00 ERROR 'ansible_navigator.actions.collections._parse' /usr/share/ansible/collections/ansible_collections/redhat/satellite/roles/manifest/meta/argument_specs.yml Failed to find argument_specs.yml for role in redhat.satellite.
2026-07-06T02:58:43.542824+00:00 ERROR 'ansible_navigator.actions.collections._parse' /usr/share/ansible/collections/ansible_collections/redhat/satellite/roles/manifest/meta/main.yml Failed to find main.yml for role in redhat.satellite.
2026-07-06T02:58:43.542841+00:00 ERROR 'ansible_navigator.actions.collections._parse' /usr/share/ansible/collections/ansible_collections/redhat/satellite/roles/auth_sources_ldap/meta/argument_specs.yml Failed to find argument_specs.yml for role in redhat.satellite.
2026-07-06T02:58:43.542860+00:00 ERROR 'ansible_navigator.actions.collections._parse' /usr/share/ansible/collections/ansible_collections/redhat/satellite/roles/auth_sources_ldap/meta/main.yml Failed to find main.yml for role in redhat.satellite.
2026-07-06T02:58:43.542877+00:00 ERROR 'ansible_navigator.actions.collections._parse' /usr/share/ansible/collections/ansible_collections/redhat/satellite/roles/content_credentials/meta/argument_specs.yml Failed to find argument_specs.yml for role in redhat.satellite.
2026-07-06T02:58:43.542893+00:00 ERROR 'ansible_navigator.actions.collections._parse' /usr/share/ansible/collections/ansible_collections/redhat/satellite/roles/content_credentials/meta/main.yml Failed to find main.yml for role in redhat.satellite.
2026-07-06T02:58:43.542910+00:00 ERROR 'ansible_navigator.actions.collections._parse' /usr/share/ansible/collections/ansible_collections/redhat/satellite/roles/content_view_version_cleanup/meta/argument_specs.yml Failed to find argument_specs.yml for role in redhat.satellite.
2026-07-06T02:58:43.542926+00:00 ERROR 'ansible_navigator.actions.collections._parse' /usr/share/ansible/collections/ansible_collections/redhat/satellite/roles/content_view_version_cleanup/meta/main.yml Failed to find main.yml for role in redhat.satellite.
2026-07-06T02:58:43.542941+00:00 ERROR 'ansible_navigator.actions.collections._parse' /usr/share/ansible/collections/ansible_collections/redhat/satellite/roles/hostgroups/meta/argument_specs.yml Failed to find argument_specs.yml for role in redhat.satellite.
2026-07-06T02:58:43.542956+00:00 ERROR 'ansible_navigator.actions.collections._parse' /usr/share/ansible/collections/ansible_collections/redhat/satellite/roles/hostgroups/meta/main.yml Failed to find main.yml for role in redhat.satellite.
2026-07-06T02:58:43.542972+00:00 ERROR 'ansible_navigator.actions.collections._parse' /usr/share/ansible/collections/ansible_collections/redhat/satellite/roles/settings/meta/argument_specs.yml Failed to find argument_specs.yml for role in redhat.satellite.
2026-07-06T02:58:43.542988+00:00 ERROR 'ansible_navigator.actions.collections._parse' /usr/share/ansible/collections/ansible_collections/redhat/satellite/roles/settings/meta/main.yml Failed to find main.yml for role in redhat.satellite.
2026-07-06T02:58:43.543005+00:00 ERROR 'ansible_navigator.actions.collections._parse' /usr/share/ansible/collections/ansible_collections/redhat/satellite/roles/compute_resources/meta/argument_specs.yml Failed to find argument_specs.yml for role in redhat.satellite.
2026-07-06T02:58:43.543023+00:00 ERROR 'ansible_navigator.actions.collections._parse' /usr/share/ansible/collections/ansible_collections/redhat/satellite/roles/compute_resources/meta/main.yml Failed to find main.yml for role in redhat.satellite.
2026-07-06T02:58:43.543038+00:00 ERROR 'ansible_navigator.actions.collections._parse' /usr/share/ansible/collections/ansible_collections/redhat/satellite/roles/provisioning_templates/meta/argument_specs.yml Failed to find argument_specs.yml for role in redhat.satellite.
2026-07-06T02:58:43.543055+00:00 ERROR 'ansible_navigator.actions.collections._parse' /usr/share/ansible/collections/ansible_collections/redhat/satellite/roles/provisioning_templates/meta/main.yml Failed to find main.yml for role in redhat.satellite.
2026-07-06T02:58:43.543070+00:00 ERROR 'ansible_navigator.actions.collections._parse' /usr/share/ansible/collections/ansible_collections/redhat/satellite/roles/content_view_publish/meta/argument_specs.yml Failed to find argument_specs.yml for role in redhat.satellite.
2026-07-06T02:58:43.543086+00:00 ERROR 'ansible_navigator.actions.collections._parse' /usr/share/ansible/collections/ansible_collections/redhat/satellite/roles/content_view_publish/meta/main.yml Failed to find main.yml for role in redhat.satellite.
2026-07-06T02:58:43.543102+00:00 ERROR 'ansible_navigator.actions.collections._parse' /usr/share/ansible/collections/ansible_collections/redhat/satellite/roles/operatingsystems/meta/argument_specs.yml Failed to find argument_specs.yml for role in redhat.satellite.
2026-07-06T02:58:43.543120+00:00 ERROR 'ansible_navigator.actions.collections._parse' /usr/share/ansible/collections/ansible_collections/redhat/satellite/roles/operatingsystems/meta/main.yml Failed to find main.yml for role in redhat.satellite.
2026-07-06T02:58:43.543135+00:00 ERROR 'ansible_navigator.actions.collections._parse' /usr/share/ansible/collections/ansible_collections/redhat/satellite/roles/subnets/meta/argument_specs.yml Failed to find argument_specs.yml for role in redhat.satellite.
2026-07-06T02:58:43.543151+00:00 ERROR 'ansible_navigator.actions.collections._parse' /usr/share/ansible/collections/ansible_collections/redhat/satellite/roles/subnets/meta/main.yml Failed to find main.yml for role in redhat.satellite.
2026-07-06T02:58:43.543167+00:00 ERROR 'ansible_navigator.actions.collections._parse' /usr/share/ansible/collections/ansible_collections/redhat/satellite/roles/organizations/meta/argument_specs.yml Failed to find argument_specs.yml for role in redhat.satellite.
2026-07-06T02:58:43.543185+00:00 ERROR 'ansible_navigator.actions.collections._parse' /usr/share/ansible/collections/ansible_collections/redhat/satellite/roles/organizations/meta/main.yml Failed to find main.yml for role in redhat.satellite.
2026-07-06T02:58:43.543201+00:00 ERROR 'ansible_navigator.actions.collections._parse' /usr/share/ansible/collections/ansible_collections/redhat/satellite/roles/lifecycle_environments/meta/argument_specs.yml Failed to find argument_specs.yml for role in redhat.satellite.
2026-07-06T02:58:43.543229+00:00 ERROR 'ansible_navigator.actions.collections._parse' /usr/share/ansible/collections/ansible_collections/redhat/satellite/roles/lifecycle_environments/meta/main.yml Failed to find main.yml for role in redhat.satellite.
2026-07-06T02:58:43.543244+00:00 ERROR 'ansible_navigator.actions.collections._parse' /usr/share/ansible/collections/ansible_collections/redhat/satellite/roles/domains/meta/argument_specs.yml Failed to find argument_specs.yml for role in redhat.satellite.
2026-07-06T02:58:43.543261+00:00 ERROR 'ansible_navigator.actions.collections._parse' /usr/share/ansible/collections/ansible_collections/redhat/satellite/roles/domains/meta/main.yml Failed to find main.yml for role in redhat.satellite.
2026-07-06T02:58:43.543275+00:00 ERROR 'ansible_navigator.actions.collections._parse' /workspaces/ansible/collections/ansible_collections/community/general/plugins/callback/tasks_only.py ComposerError (get_docstring): expected a single document in the stream
  in "<unicode string>", line 3, column 1:
    ansible_config: |-
    ^
but found another document
  in "<unicode string>", line 7, column 1:
    ---
    ^
2026-07-06T02:58:43.543295+00:00 ERROR 'ansible_navigator.actions.collections._parse' /workspaces/ansible/collections/ansible_collections/community/general/plugins/inventory/gitlab_runners.py ComposerError (get_docstring): expected a single document in the stream
  in "<unicode string>", line 3, column 1:
    plugin: community.general.gitlab ... 
    ^
but found another document
  in "<unicode string>", line 6, column 1:
    ---
    ^
2026-07-06T02:58:43.543317+00:00 ERROR 'ansible_navigator.actions.collections._parse' /workspaces/ansible/collections/ansible_collections/community/general/plugins/inventory/incus.py ComposerError (get_docstring): expected a single document in the stream
  in "<unicode string>", line 3, column 1:
    plugin: community.general.incus
    ^
but found another document
  in "<unicode string>", line 5, column 1:
    ---
    ^
2026-07-06T02:58:43.543336+00:00 ERROR 'ansible_navigator.actions.collections._parse' /workspaces/ansible/collections/ansible_collections/community/general/plugins/inventory/linode.py ComposerError (get_docstring): expected a single document in the stream
  in "<unicode string>", line 3, column 1:
    plugin: community.general.linode
    ^
but found another document
  in "<unicode string>", line 5, column 1:
    ---
    ^
2026-07-06T02:58:43.543352+00:00 ERROR 'ansible_navigator.actions.collections._parse' /workspaces/ansible/collections/ansible_collections/community/general/plugins/inventory/iocage.py ComposerError (get_docstring): expected a single document in the stream
  in "<unicode string>", line 3, column 1:
    plugin: community.general.iocage
    ^
but found another document
  in "<unicode string>", line 7, column 1:
    ---
    ^
2026-07-06T02:58:43.543370+00:00 ERROR 'ansible_navigator.actions.collections._parse' /workspaces/ansible/collections/ansible_collections/community/general/plugins/inventory/nmap.py ComposerError (get_docstring): expected a single document in the stream
  in "<unicode string>", line 3, column 1:
    plugin: community.general.nmap
    ^
but found another document
  in "<unicode string>", line 7, column 1:
    ---
    ^
2026-07-06T02:58:43.543398+00:00 ERROR 'ansible_navigator.actions.collections._parse' /workspaces/ansible/collections/ansible_collections/community/general/plugins/inventory/virtualbox.py ComposerError (get_docstring): expected a single document in the stream
  in "<unicode string>", line 3, column 1:
    plugin: community.general.virtualbox
    ^
but found another document
  in "<unicode string>", line 10, column 1:
    ---
    ^
2026-07-06T03:14:34.891281+00:00 ERROR 'ansible_navigator.actions.collections._parse' /workspaces/ansible/collections/ansible_collections/community/cassandra/roles/cassandra_firewall/meta/argument_specs.yml Failed to find argument_specs.yml for role in community.cassandra.
2026-07-06T03:14:34.891855+00:00 ERROR 'ansible_navigator.actions.collections._parse' /workspaces/ansible/collections/ansible_collections/community/cassandra/roles/cassandra_install/meta/argument_specs.yml Failed to find argument_specs.yml for role in community.cassandra.
2026-07-06T03:14:34.891922+00:00 ERROR 'ansible_navigator.actions.collections._parse' /workspaces/ansible/collections/ansible_collections/community/cassandra/roles/cassandra_linux/meta/argument_specs.yml Failed to find argument_specs.yml for role in community.cassandra.
2026-07-06T03:14:34.891951+00:00 ERROR 'ansible_navigator.actions.collections._parse' /workspaces/ansible/collections/ansible_collections/community/cassandra/roles/cassandra_repository/meta/argument_specs.yml Failed to find argument_specs.yml for role in community.cassandra.
2026-07-06T03:14:34.891982+00:00 ERROR 'ansible_navigator.actions.collections._parse' /workspaces/ansible/collections/ansible_collections/community/grafana/roles/grafana/meta/argument_specs.yml Failed to find argument_specs.yml for role in community.grafana.
2026-07-06T03:14:34.892008+00:00 ERROR 'ansible_navigator.actions.collections._parse' /workspaces/ansible/collections/ansible_collections/redhatofficial/rhel_hardening_roles/roles/rhel9_stig_gui/meta/argument_specs.yml Failed to find argument_specs.yml for role in redhatofficial.rhel_hardening_roles.
2026-07-06T03:14:34.892034+00:00 ERROR 'ansible_navigator.actions.collections._parse' /workspaces/ansible/collections/ansible_collections/redhatofficial/rhel_hardening_roles/roles/rhel9_stig/meta/argument_specs.yml Failed to find argument_specs.yml for role in redhatofficial.rhel_hardening_roles.
2026-07-06T03:14:34.892068+00:00 ERROR 'ansible_navigator.actions.collections._parse' /workspaces/ansible/collections/ansible_collections/redhatofficial/rhel_hardening_roles/roles/rhel9_pci_dss/meta/argument_specs.yml Failed to find argument_specs.yml for role in redhatofficial.rhel_hardening_roles.
2026-07-06T03:14:34.892113+00:00 ERROR 'ansible_navigator.actions.collections._parse' /workspaces/ansible/collections/ansible_collections/redhatofficial/rhel_hardening_roles/roles/rhel9_ospp/meta/argument_specs.yml Failed to find argument_specs.yml for role in redhatofficial.rhel_hardening_roles.
2026-07-06T03:14:34.892136+00:00 ERROR 'ansible_navigator.actions.collections._parse' /workspaces/ansible/collections/ansible_collections/redhatofficial/rhel_hardening_roles/roles/rhel9_ism_o/meta/argument_specs.yml Failed to find argument_specs.yml for role in redhatofficial.rhel_hardening_roles.
2026-07-06T03:14:34.892156+00:00 ERROR 'ansible_navigator.actions.collections._parse' /workspaces/ansible/collections/ansible_collections/redhatofficial/rhel_hardening_roles/roles/rhel9_hipaa/meta/argument_specs.yml Failed to find argument_specs.yml for role in redhatofficial.rhel_hardening_roles.
2026-07-06T03:14:34.892187+00:00 ERROR 'ansible_navigator.actions.collections._parse' /workspaces/ansible/collections/ansible_collections/redhatofficial/rhel_hardening_roles/roles/rhel9_e8/meta/argument_specs.yml Failed to find argument_specs.yml for role in redhatofficial.rhel_hardening_roles.
2026-07-06T03:14:34.892205+00:00 ERROR 'ansible_navigator.actions.collections._parse' /workspaces/ansible/collections/ansible_collections/redhatofficial/rhel_hardening_roles/roles/rhel9_cui/meta/argument_specs.yml Failed to find argument_specs.yml for role in redhatofficial.rhel_hardening_roles.
2026-07-06T03:14:34.892221+00:00 ERROR 'ansible_navigator.actions.collections._parse' /workspaces/ansible/collections/ansible_collections/redhatofficial/rhel_hardening_roles/roles/rhel9_cis_workstation_l2/meta/argument_specs.yml Failed to find argument_specs.yml for role in redhatofficial.rhel_hardening_roles.
2026-07-06T03:14:34.892240+00:00 ERROR 'ansible_navigator.actions.collections._parse' /workspaces/ansible/collections/ansible_collections/redhatofficial/rhel_hardening_roles/roles/rhel9_cis_workstation_l1/meta/argument_specs.yml Failed to find argument_specs.yml for role in redhatofficial.rhel_hardening_roles.
2026-07-06T03:14:34.892256+00:00 ERROR 'ansible_navigator.actions.collections._parse' /workspaces/ansible/collections/ansible_collections/redhatofficial/rhel_hardening_roles/roles/rhel9_cis_server_l1/meta/argument_specs.yml Failed to find argument_specs.yml for role in redhatofficial.rhel_hardening_roles.
2026-07-06T03:14:34.892271+00:00 ERROR 'ansible_navigator.actions.collections._parse' /workspaces/ansible/collections/ansible_collections/redhatofficial/rhel_hardening_roles/roles/rhel9_cis/meta/argument_specs.yml Failed to find argument_specs.yml for role in redhatofficial.rhel_hardening_roles.
2026-07-06T03:14:34.892285+00:00 ERROR 'ansible_navigator.actions.collections._parse' /workspaces/ansible/collections/ansible_collections/redhatofficial/rhel_hardening_roles/roles/rhel9_ccn_intermediate/meta/argument_specs.yml Failed to find argument_specs.yml for role in redhatofficial.rhel_hardening_roles.
2026-07-06T03:14:34.892302+00:00 ERROR 'ansible_navigator.actions.collections._parse' /workspaces/ansible/collections/ansible_collections/redhatofficial/rhel_hardening_roles/roles/rhel9_ccn_basic/meta/argument_specs.yml Failed to find argument_specs.yml for role in redhatofficial.rhel_hardening_roles.
2026-07-06T03:14:34.892317+00:00 ERROR 'ansible_navigator.actions.collections._parse' /workspaces/ansible/collections/ansible_collections/redhatofficial/rhel_hardening_roles/roles/rhel9_ccn_advanced/meta/argument_specs.yml Failed to find argument_specs.yml for role in redhatofficial.rhel_hardening_roles.
2026-07-06T03:14:34.892332+00:00 ERROR 'ansible_navigator.actions.collections._parse' /workspaces/ansible/collections/ansible_collections/redhatofficial/rhel_hardening_roles/roles/rhel9_bsi/meta/argument_specs.yml Failed to find argument_specs.yml for role in redhatofficial.rhel_hardening_roles.
2026-07-06T03:14:34.892349+00:00 ERROR 'ansible_navigator.actions.collections._parse' /workspaces/ansible/collections/ansible_collections/redhatofficial/rhel_hardening_roles/roles/rhel9_anssi_bp28_minimal/meta/argument_specs.yml Failed to find argument_specs.yml for role in redhatofficial.rhel_hardening_roles.
2026-07-06T03:14:34.892364+00:00 ERROR 'ansible_navigator.actions.collections._parse' /workspaces/ansible/collections/ansible_collections/redhatofficial/rhel_hardening_roles/roles/rhel9_anssi_bp28_intermediary/meta/argument_specs.yml Failed to find argument_specs.yml for role in redhatofficial.rhel_hardening_roles.
2026-07-06T03:14:34.892395+00:00 ERROR 'ansible_navigator.actions.collections._parse' /workspaces/ansible/collections/ansible_collections/redhatofficial/rhel_hardening_roles/roles/rhel9_anssi_bp28_high/meta/argument_specs.yml Failed to find argument_specs.yml for role in redhatofficial.rhel_hardening_roles.
2026-07-06T03:14:34.892412+00:00 ERROR 'ansible_navigator.actions.collections._parse' /workspaces/ansible/collections/ansible_collections/redhatofficial/rhel_hardening_roles/roles/rhel9_anssi_bp28_enhanced/meta/argument_specs.yml Failed to find argument_specs.yml for role in redhatofficial.rhel_hardening_roles.
2026-07-06T03:14:34.892427+00:00 ERROR 'ansible_navigator.actions.collections._parse' /workspaces/ansible/collections/ansible_collections/redhatofficial/rhel_hardening_roles/roles/rhel8_stig_gui/meta/argument_specs.yml Failed to find argument_specs.yml for role in redhatofficial.rhel_hardening_roles.
2026-07-06T03:14:34.892443+00:00 ERROR 'ansible_navigator.actions.collections._parse' /workspaces/ansible/collections/ansible_collections/redhatofficial/rhel_hardening_roles/roles/rhel8_stig/meta/argument_specs.yml Failed to find argument_specs.yml for role in redhatofficial.rhel_hardening_roles.
2026-07-06T03:14:34.892457+00:00 ERROR 'ansible_navigator.actions.collections._parse' /workspaces/ansible/collections/ansible_collections/redhatofficial/rhel_hardening_roles/roles/rhel8_pci_dss/meta/argument_specs.yml Failed to find argument_specs.yml for role in redhatofficial.rhel_hardening_roles.
2026-07-06T03:14:34.892473+00:00 ERROR 'ansible_navigator.actions.collections._parse' /workspaces/ansible/collections/ansible_collections/redhatofficial/rhel_hardening_roles/roles/rhel8_ospp/meta/argument_specs.yml Failed to find argument_specs.yml for role in redhatofficial.rhel_hardening_roles.
2026-07-06T03:14:34.892490+00:00 ERROR 'ansible_navigator.actions.collections._parse' /workspaces/ansible/collections/ansible_collections/redhatofficial/rhel_hardening_roles/roles/rhel8_ism_o/meta/argument_specs.yml Failed to find argument_specs.yml for role in redhatofficial.rhel_hardening_roles.
2026-07-06T03:14:34.892505+00:00 ERROR 'ansible_navigator.actions.collections._parse' /workspaces/ansible/collections/ansible_collections/redhatofficial/rhel_hardening_roles/roles/rhel8_hipaa/meta/argument_specs.yml Failed to find argument_specs.yml for role in redhatofficial.rhel_hardening_roles.
2026-07-06T03:14:34.892519+00:00 ERROR 'ansible_navigator.actions.collections._parse' /workspaces/ansible/collections/ansible_collections/redhatofficial/rhel_hardening_roles/roles/rhel8_e8/meta/argument_specs.yml Failed to find argument_specs.yml for role in redhatofficial.rhel_hardening_roles.
2026-07-06T03:14:34.892534+00:00 ERROR 'ansible_navigator.actions.collections._parse' /workspaces/ansible/collections/ansible_collections/redhatofficial/rhel_hardening_roles/roles/rhel8_cui/meta/argument_specs.yml Failed to find argument_specs.yml for role in redhatofficial.rhel_hardening_roles.
2026-07-06T03:14:34.892548+00:00 ERROR 'ansible_navigator.actions.collections._parse' /workspaces/ansible/collections/ansible_collections/redhatofficial/rhel_hardening_roles/roles/rhel8_cis_workstation_l2/meta/argument_specs.yml Failed to find argument_specs.yml for role in redhatofficial.rhel_hardening_roles.
2026-07-06T03:14:34.892563+00:00 ERROR 'ansible_navigator.actions.collections._parse' /workspaces/ansible/collections/ansible_collections/redhatofficial/rhel_hardening_roles/roles/rhel8_cis_workstation_l1/meta/argument_specs.yml Failed to find argument_specs.yml for role in redhatofficial.rhel_hardening_roles.
2026-07-06T03:14:34.892578+00:00 ERROR 'ansible_navigator.actions.collections._parse' /workspaces/ansible/collections/ansible_collections/redhatofficial/rhel_hardening_roles/roles/rhel8_cis_server_l1/meta/argument_specs.yml Failed to find argument_specs.yml for role in redhatofficial.rhel_hardening_roles.
2026-07-06T03:14:34.892594+00:00 ERROR 'ansible_navigator.actions.collections._parse' /workspaces/ansible/collections/ansible_collections/redhatofficial/rhel_hardening_roles/roles/rhel8_cis/meta/argument_specs.yml Failed to find argument_specs.yml for role in redhatofficial.rhel_hardening_roles.
2026-07-06T03:14:34.892608+00:00 ERROR 'ansible_navigator.actions.collections._parse' /workspaces/ansible/collections/ansible_collections/redhatofficial/rhel_hardening_roles/roles/rhel8_anssi_bp28_minimal/meta/argument_specs.yml Failed to find argument_specs.yml for role in redhatofficial.rhel_hardening_roles.
2026-07-06T03:14:34.892625+00:00 ERROR 'ansible_navigator.actions.collections._parse' /workspaces/ansible/collections/ansible_collections/redhatofficial/rhel_hardening_roles/roles/rhel8_anssi_bp28_intermediary/meta/argument_specs.yml Failed to find argument_specs.yml for role in redhatofficial.rhel_hardening_roles.
2026-07-06T03:14:34.892640+00:00 ERROR 'ansible_navigator.actions.collections._parse' /workspaces/ansible/collections/ansible_collections/redhatofficial/rhel_hardening_roles/roles/rhel8_anssi_bp28_high/meta/argument_specs.yml Failed to find argument_specs.yml for role in redhatofficial.rhel_hardening_roles.
2026-07-06T03:14:34.892654+00:00 ERROR 'ansible_navigator.actions.collections._parse' /workspaces/ansible/collections/ansible_collections/redhatofficial/rhel_hardening_roles/roles/rhel8_anssi_bp28_enhanced/meta/argument_specs.yml Failed to find argument_specs.yml for role in redhatofficial.rhel_hardening_roles.
2026-07-06T03:14:34.892669+00:00 ERROR 'ansible_navigator.actions.collections._parse' /workspaces/ansible/collections/ansible_collections/redhatofficial/rhel_hardening_roles/roles/rhel10_stig_gui/meta/argument_specs.yml Failed to find argument_specs.yml for role in redhatofficial.rhel_hardening_roles.
2026-07-06T03:14:34.892684+00:00 ERROR 'ansible_navigator.actions.collections._parse' /workspaces/ansible/collections/ansible_collections/redhatofficial/rhel_hardening_roles/roles/rhel10_stig/meta/argument_specs.yml Failed to find argument_specs.yml for role in redhatofficial.rhel_hardening_roles.
2026-07-06T03:14:34.892699+00:00 ERROR 'ansible_navigator.actions.collections._parse' /workspaces/ansible/collections/ansible_collections/redhatofficial/rhel_hardening_roles/roles/rhel10_pci_dss/meta/argument_specs.yml Failed to find argument_specs.yml for role in redhatofficial.rhel_hardening_roles.
2026-07-06T03:14:34.892715+00:00 ERROR 'ansible_navigator.actions.collections._parse' /workspaces/ansible/collections/ansible_collections/redhatofficial/rhel_hardening_roles/roles/rhel10_ospp/meta/argument_specs.yml Failed to find argument_specs.yml for role in redhatofficial.rhel_hardening_roles.
2026-07-06T03:14:34.892732+00:00 ERROR 'ansible_navigator.actions.collections._parse' /workspaces/ansible/collections/ansible_collections/redhatofficial/rhel_hardening_roles/roles/rhel10_ism_o_top_secret/meta/argument_specs.yml Failed to find argument_specs.yml for role in redhatofficial.rhel_hardening_roles.
2026-07-06T03:14:34.892750+00:00 ERROR 'ansible_navigator.actions.collections._parse' /workspaces/ansible/collections/ansible_collections/redhatofficial/rhel_hardening_roles/roles/rhel10_ism_o_secret/meta/argument_specs.yml Failed to find argument_specs.yml for role in redhatofficial.rhel_hardening_roles.
2026-07-06T03:14:34.892765+00:00 ERROR 'ansible_navigator.actions.collections._parse' /workspaces/ansible/collections/ansible_collections/redhatofficial/rhel_hardening_roles/roles/rhel10_ism_o/meta/argument_specs.yml Failed to find argument_specs.yml for role in redhatofficial.rhel_hardening_roles.
2026-07-06T03:14:34.892779+00:00 ERROR 'ansible_navigator.actions.collections._parse' /workspaces/ansible/collections/ansible_collections/redhatofficial/rhel_hardening_roles/roles/rhel10_hipaa/meta/argument_specs.yml Failed to find argument_specs.yml for role in redhatofficial.rhel_hardening_roles.
2026-07-06T03:14:34.892793+00:00 ERROR 'ansible_navigator.actions.collections._parse' /workspaces/ansible/collections/ansible_collections/redhatofficial/rhel_hardening_roles/roles/rhel10_e8/meta/argument_specs.yml Failed to find argument_specs.yml for role in redhatofficial.rhel_hardening_roles.
2026-07-06T03:14:34.892809+00:00 ERROR 'ansible_navigator.actions.collections._parse' /workspaces/ansible/collections/ansible_collections/redhatofficial/rhel_hardening_roles/roles/rhel10_cis_workstation_l2/meta/argument_specs.yml Failed to find argument_specs.yml for role in redhatofficial.rhel_hardening_roles.
2026-07-06T03:14:34.892827+00:00 ERROR 'ansible_navigator.actions.collections._parse' /workspaces/ansible/collections/ansible_collections/redhatofficial/rhel_hardening_roles/roles/rhel10_cis_workstation_l1/meta/argument_specs.yml Failed to find argument_specs.yml for role in redhatofficial.rhel_hardening_roles.
2026-07-06T03:14:34.892842+00:00 ERROR 'ansible_navigator.actions.collections._parse' /workspaces/ansible/collections/ansible_collections/redhatofficial/rhel_hardening_roles/roles/rhel10_cis_server_l1/meta/argument_specs.yml Failed to find argument_specs.yml for role in redhatofficial.rhel_hardening_roles.
2026-07-06T03:14:34.892857+00:00 ERROR 'ansible_navigator.actions.collections._parse' /workspaces/ansible/collections/ansible_collections/redhatofficial/rhel_hardening_roles/roles/rhel10_cis/meta/argument_specs.yml Failed to find argument_specs.yml for role in redhatofficial.rhel_hardening_roles.
2026-07-06T03:14:34.892871+00:00 ERROR 'ansible_navigator.actions.collections._parse' /workspaces/ansible/collections/ansible_collections/redhatofficial/rhel_hardening_roles/roles/rhel10_bsi/meta/argument_specs.yml Failed to find argument_specs.yml for role in redhatofficial.rhel_hardening_roles.
2026-07-06T03:14:34.892885+00:00 ERROR 'ansible_navigator.actions.collections._parse' /workspaces/ansible/collections/ansible_collections/redhatofficial/rhel_hardening_roles/roles/rhel10_anssi_bp28_minimal/meta/argument_specs.yml Failed to find argument_specs.yml for role in redhatofficial.rhel_hardening_roles.
2026-07-06T03:14:34.892900+00:00 ERROR 'ansible_navigator.actions.collections._parse' /workspaces/ansible/collections/ansible_collections/redhatofficial/rhel_hardening_roles/roles/rhel10_anssi_bp28_intermediary/meta/argument_specs.yml Failed to find argument_specs.yml for role in redhatofficial.rhel_hardening_roles.
2026-07-06T03:14:34.892922+00:00 ERROR 'ansible_navigator.actions.collections._parse' /workspaces/ansible/collections/ansible_collections/redhatofficial/rhel_hardening_roles/roles/rhel10_anssi_bp28_high/meta/argument_specs.yml Failed to find argument_specs.yml for role in redhatofficial.rhel_hardening_roles.
2026-07-06T03:14:34.892937+00:00 ERROR 'ansible_navigator.actions.collections._parse' /workspaces/ansible/collections/ansible_collections/redhatofficial/rhel_hardening_roles/roles/rhel10_anssi_bp28_enhanced/meta/argument_specs.yml Failed to find argument_specs.yml for role in redhatofficial.rhel_hardening_roles.
2026-07-06T03:14:34.892951+00:00 ERROR 'ansible_navigator.actions.collections._parse' /usr/share/ansible/collections/ansible_collections/cloud/terraform/roles/git_plan/meta/main.yml Failed to find main.yml for role in cloud.terraform.
2026-07-06T03:14:34.892967+00:00 ERROR 'ansible_navigator.actions.collections._parse' /usr/share/ansible/collections/ansible_collections/cloud/terraform/roles/inventory_from_outputs/meta/main.yml Failed to find main.yml for role in cloud.terraform.
2026-07-06T03:14:34.892982+00:00 ERROR 'ansible_navigator.actions.collections._parse' /usr/share/ansible/collections/ansible_collections/redhat/sap_install/roles/sap_ha_install_hana_hsr/meta/argument_specs.yml Failed to find argument_specs.yml for role in redhat.sap_install.
2026-07-06T03:14:34.892996+00:00 ERROR 'ansible_navigator.actions.collections._parse' /usr/share/ansible/collections/ansible_collections/redhat/sap_install/roles/sap_swpm/meta/argument_specs.yml Failed to find argument_specs.yml for role in redhat.sap_install.
2026-07-06T03:14:34.893010+00:00 ERROR 'ansible_navigator.actions.collections._parse' /usr/share/ansible/collections/ansible_collections/redhat/sap_install/roles/sap_hana_preconfigure/meta/argument_specs.yml Failed to find argument_specs.yml for role in redhat.sap_install.
2026-07-06T03:14:34.893025+00:00 ERROR 'ansible_navigator.actions.collections._parse' /usr/share/ansible/collections/ansible_collections/redhat/sap_install/roles/sap_netweaver_preconfigure/meta/argument_specs.yml Failed to find argument_specs.yml for role in redhat.sap_install.
2026-07-06T03:14:34.893043+00:00 ERROR 'ansible_navigator.actions.collections._parse' /usr/share/ansible/collections/ansible_collections/redhat/sap_install/roles/sap_general_preconfigure/meta/argument_specs.yml Failed to find argument_specs.yml for role in redhat.sap_install.
2026-07-06T03:14:34.893058+00:00 ERROR 'ansible_navigator.actions.collections._parse' /usr/share/ansible/collections/ansible_collections/redhat/redhat_csp_download/roles/redhat_csp_download/meta/argument_specs.yml Failed to find argument_specs.yml for role in redhat.redhat_csp_download.
2026-07-06T03:14:34.893072+00:00 ERROR 'ansible_navigator.actions.collections._parse' /usr/share/ansible/collections/ansible_collections/redhat/redhat_csp_download/roles/redhat_csp_download/meta/main.yml Failed to find main.yml for role in redhat.redhat_csp_download.
2026-07-06T03:14:34.893087+00:00 ERROR 'ansible_navigator.actions.collections._parse' /usr/share/ansible/collections/ansible_collections/redhat/rhv/roles/vm_infra/meta/argument_specs.yml Failed to find argument_specs.yml for role in redhat.rhv.
2026-07-06T03:14:34.893101+00:00 ERROR 'ansible_navigator.actions.collections._parse' /usr/share/ansible/collections/ansible_collections/redhat/rhv/roles/vm_infra/meta/main.yml Failed to find main.yml for role in redhat.rhv.
2026-07-06T03:14:34.893116+00:00 ERROR 'ansible_navigator.actions.collections._parse' /usr/share/ansible/collections/ansible_collections/redhat/rhv/roles/image_template/meta/argument_specs.yml Failed to find argument_specs.yml for role in redhat.rhv.
2026-07-06T03:14:34.893130+00:00 ERROR 'ansible_navigator.actions.collections._parse' /usr/share/ansible/collections/ansible_collections/redhat/rhv/roles/image_template/meta/main.yml Failed to find main.yml for role in redhat.rhv.
2026-07-06T03:14:34.893144+00:00 ERROR 'ansible_navigator.actions.collections._parse' /usr/share/ansible/collections/ansible_collections/redhat/rhv/roles/repositories/meta/argument_specs.yml Failed to find argument_specs.yml for role in redhat.rhv.
2026-07-06T03:14:34.893158+00:00 ERROR 'ansible_navigator.actions.collections._parse' /usr/share/ansible/collections/ansible_collections/redhat/rhv/roles/repositories/meta/main.yml Failed to find main.yml for role in redhat.rhv.
2026-07-06T03:14:34.893173+00:00 ERROR 'ansible_navigator.actions.collections._parse' /usr/share/ansible/collections/ansible_collections/redhat/rhv/roles/engine_setup/meta/argument_specs.yml Failed to find argument_specs.yml for role in redhat.rhv.
2026-07-06T03:14:34.893187+00:00 ERROR 'ansible_navigator.actions.collections._parse' /usr/share/ansible/collections/ansible_collections/redhat/rhv/roles/engine_setup/meta/main.yml Failed to find main.yml for role in redhat.rhv.
2026-07-06T03:14:34.893201+00:00 ERROR 'ansible_navigator.actions.collections._parse' /usr/share/ansible/collections/ansible_collections/redhat/rhv/roles/cluster_upgrade/meta/argument_specs.yml Failed to find argument_specs.yml for role in redhat.rhv.
2026-07-06T03:14:34.893215+00:00 ERROR 'ansible_navigator.actions.collections._parse' /usr/share/ansible/collections/ansible_collections/redhat/rhv/roles/cluster_upgrade/meta/main.yml Failed to find main.yml for role in redhat.rhv.
2026-07-06T03:14:34.893229+00:00 ERROR 'ansible_navigator.actions.collections._parse' /usr/share/ansible/collections/ansible_collections/redhat/rhv/roles/shutdown_env/meta/argument_specs.yml Failed to find argument_specs.yml for role in redhat.rhv.
2026-07-06T03:14:34.893244+00:00 ERROR 'ansible_navigator.actions.collections._parse' /usr/share/ansible/collections/ansible_collections/redhat/rhv/roles/shutdown_env/meta/main.yml Failed to find main.yml for role in redhat.rhv.
2026-07-06T03:14:34.893257+00:00 ERROR 'ansible_navigator.actions.collections._parse' /usr/share/ansible/collections/ansible_collections/redhat/rhv/roles/hosted_engine_setup/meta/argument_specs.yml Failed to find argument_specs.yml for role in redhat.rhv.
2026-07-06T03:14:34.893271+00:00 ERROR 'ansible_navigator.actions.collections._parse' /usr/share/ansible/collections/ansible_collections/redhat/rhv/roles/hosted_engine_setup/meta/main.yml Failed to find main.yml for role in redhat.rhv.
2026-07-06T03:14:34.893288+00:00 ERROR 'ansible_navigator.actions.collections._parse' /usr/share/ansible/collections/ansible_collections/redhat/rhv/roles/remove_stale_lun/meta/argument_specs.yml Failed to find argument_specs.yml for role in redhat.rhv.
2026-07-06T03:14:34.893302+00:00 ERROR 'ansible_navigator.actions.collections._parse' /usr/share/ansible/collections/ansible_collections/redhat/rhv/roles/remove_stale_lun/meta/main.yml Failed to find main.yml for role in redhat.rhv.
2026-07-06T03:14:34.893316+00:00 ERROR 'ansible_navigator.actions.collections._parse' /usr/share/ansible/collections/ansible_collections/redhat/rhv/roles/infra/meta/argument_specs.yml Failed to find argument_specs.yml for role in redhat.rhv.
2026-07-06T03:14:34.893330+00:00 ERROR 'ansible_navigator.actions.collections._parse' /usr/share/ansible/collections/ansible_collections/redhat/rhv/roles/infra/meta/main.yml Failed to find main.yml for role in redhat.rhv.
2026-07-06T03:14:34.893344+00:00 ERROR 'ansible_navigator.actions.collections._parse' /usr/share/ansible/collections/ansible_collections/redhat/rhv/roles/disaster_recovery/meta/argument_specs.yml Failed to find argument_specs.yml for role in redhat.rhv.
2026-07-06T03:14:34.893358+00:00 ERROR 'ansible_navigator.actions.collections._parse' /usr/share/ansible/collections/ansible_collections/redhat/rhv/roles/disaster_recovery/meta/main.yml Failed to find main.yml for role in redhat.rhv.
2026-07-06T03:14:34.893386+00:00 ERROR 'ansible_navigator.actions.collections._parse' /usr/share/ansible/collections/ansible_collections/redhat/rhel_idm/roles/ipasmartcard_server/meta/argument_specs.yml Failed to find argument_specs.yml for role in redhat.rhel_idm.
2026-07-06T03:14:34.893401+00:00 ERROR 'ansible_navigator.actions.collections._parse' /usr/share/ansible/collections/ansible_collections/redhat/rhel_idm/roles/ipabackup/meta/argument_specs.yml Failed to find argument_specs.yml for role in redhat.rhel_idm.
2026-07-06T03:14:34.893415+00:00 ERROR 'ansible_navigator.actions.collections._parse' /usr/share/ansible/collections/ansible_collections/redhat/rhel_idm/roles/ipareplica/meta/argument_specs.yml Failed to find argument_specs.yml for role in redhat.rhel_idm.
2026-07-06T03:14:34.893429+00:00 ERROR 'ansible_navigator.actions.collections._parse' /usr/share/ansible/collections/ansible_collections/redhat/rhel_idm/roles/ipasmartcard_client/meta/argument_specs.yml Failed to find argument_specs.yml for role in redhat.rhel_idm.
2026-07-06T03:14:34.893444+00:00 ERROR 'ansible_navigator.actions.collections._parse' /usr/share/ansible/collections/ansible_collections/redhat/rhel_idm/roles/ipaserver/meta/argument_specs.yml Failed to find argument_specs.yml for role in redhat.rhel_idm.
2026-07-06T03:14:34.893458+00:00 ERROR 'ansible_navigator.actions.collections._parse' /usr/share/ansible/collections/ansible_collections/redhat/rhel_idm/roles/ipaclient/meta/argument_specs.yml Failed to find argument_specs.yml for role in redhat.rhel_idm.
2026-07-06T03:14:34.893472+00:00 ERROR 'ansible_navigator.actions.collections._parse' /usr/share/ansible/collections/ansible_collections/redhat/satellite_operations/roles/capsule_certs_generate/meta/argument_specs.yml Failed to find argument_specs.yml for role in redhat.satellite_operations.
2026-07-06T03:14:34.893486+00:00 ERROR 'ansible_navigator.actions.collections._parse' /usr/share/ansible/collections/ansible_collections/redhat/satellite_operations/roles/capsule_certs_generate/meta/main.yml Failed to find main.yml for role in redhat.satellite_operations.
2026-07-06T03:14:34.893500+00:00 ERROR 'ansible_navigator.actions.collections._parse' /usr/share/ansible/collections/ansible_collections/redhat/satellite_operations/roles/backup/meta/argument_specs.yml Failed to find argument_specs.yml for role in redhat.satellite_operations.
2026-07-06T03:14:34.893514+00:00 ERROR 'ansible_navigator.actions.collections._parse' /usr/share/ansible/collections/ansible_collections/redhat/satellite_operations/roles/backup/meta/main.yml Failed to find main.yml for role in redhat.satellite_operations.
2026-07-06T03:14:34.893531+00:00 ERROR 'ansible_navigator.actions.collections._parse' /usr/share/ansible/collections/ansible_collections/redhat/satellite_operations/roles/installer/meta/argument_specs.yml Failed to find argument_specs.yml for role in redhat.satellite_operations.
2026-07-06T03:14:34.893545+00:00 ERROR 'ansible_navigator.actions.collections._parse' /usr/share/ansible/collections/ansible_collections/redhat/satellite_operations/roles/installer/meta/main.yml Failed to find main.yml for role in redhat.satellite_operations.
2026-07-06T03:14:34.893559+00:00 ERROR 'ansible_navigator.actions.collections._parse' /usr/share/ansible/collections/ansible_collections/redhat/satellite_operations/roles/cloud_connector/meta/argument_specs.yml Failed to find argument_specs.yml for role in redhat.satellite_operations.
2026-07-06T03:14:34.893573+00:00 ERROR 'ansible_navigator.actions.collections._parse' /usr/share/ansible/collections/ansible_collections/redhat/satellite_operations/roles/cloud_connector/meta/main.yml Failed to find main.yml for role in redhat.satellite_operations.
2026-07-06T03:14:34.893587+00:00 ERROR 'ansible_navigator.actions.collections._parse' /usr/share/ansible/collections/ansible_collections/redhat/rhel_system_roles/roles/private_metrics_subrole_grafana/meta/argument_specs.yml Failed to find argument_specs.yml for role in redhat.rhel_system_roles.
2026-07-06T03:14:34.893601+00:00 ERROR 'ansible_navigator.actions.collections._parse' /usr/share/ansible/collections/ansible_collections/redhat/rhel_system_roles/roles/private_metrics_subrole_keyserver/meta/argument_specs.yml Failed to find argument_specs.yml for role in redhat.rhel_system_roles.
2026-07-06T03:14:34.893615+00:00 ERROR 'ansible_navigator.actions.collections._parse' /usr/share/ansible/collections/ansible_collections/redhat/rhel_system_roles/roles/storage/meta/argument_specs.yml Failed to find argument_specs.yml for role in redhat.rhel_system_roles.
2026-07-06T03:14:34.893629+00:00 ERROR 'ansible_navigator.actions.collections._parse' /usr/share/ansible/collections/ansible_collections/redhat/rhel_system_roles/roles/rhc/meta/argument_specs.yml Failed to find argument_specs.yml for role in redhat.rhel_system_roles.
2026-07-06T03:14:34.893642+00:00 ERROR 'ansible_navigator.actions.collections._parse' /usr/share/ansible/collections/ansible_collections/redhat/rhel_system_roles/roles/podman/meta/argument_specs.yml Failed to find argument_specs.yml for role in redhat.rhel_system_roles.
2026-07-06T03:14:34.893656+00:00 ERROR 'ansible_navigator.actions.collections._parse' /usr/share/ansible/collections/ansible_collections/redhat/rhel_system_roles/roles/nbde_server/meta/argument_specs.yml Failed to find argument_specs.yml for role in redhat.rhel_system_roles.
2026-07-06T03:14:34.893670+00:00 ERROR 'ansible_navigator.actions.collections._parse' /usr/share/ansible/collections/ansible_collections/redhat/rhel_system_roles/roles/private_metrics_subrole_mssql/meta/argument_specs.yml Failed to find argument_specs.yml for role in redhat.rhel_system_roles.
2026-07-06T03:14:34.893684+00:00 ERROR 'ansible_navigator.actions.collections._parse' /usr/share/ansible/collections/ansible_collections/redhat/rhel_system_roles/roles/cockpit/meta/argument_specs.yml Failed to find argument_specs.yml for role in redhat.rhel_system_roles.
2026-07-06T03:14:34.893698+00:00 ERROR 'ansible_navigator.actions.collections._parse' /usr/share/ansible/collections/ansible_collections/redhat/rhel_system_roles/roles/postfix/meta/argument_specs.yml Failed to find argument_specs.yml for role in redhat.rhel_system_roles.
2026-07-06T03:14:34.893712+00:00 ERROR 'ansible_navigator.actions.collections._parse' /usr/share/ansible/collections/ansible_collections/redhat/rhel_system_roles/roles/tlog/meta/argument_specs.yml Failed to find argument_specs.yml for role in redhat.rhel_system_roles.
2026-07-06T03:14:34.893726+00:00 ERROR 'ansible_navigator.actions.collections._parse' /usr/share/ansible/collections/ansible_collections/redhat/rhel_system_roles/roles/ssh/meta/argument_specs.yml Failed to find argument_specs.yml for role in redhat.rhel_system_roles.
2026-07-06T03:14:34.893741+00:00 ERROR 'ansible_navigator.actions.collections._parse' /usr/share/ansible/collections/ansible_collections/redhat/rhel_system_roles/roles/bootloader/meta/argument_specs.yml Failed to find argument_specs.yml for role in redhat.rhel_system_roles.
2026-07-06T03:14:34.893756+00:00 ERROR 'ansible_navigator.actions.collections._parse' /usr/share/ansible/collections/ansible_collections/redhat/rhel_system_roles/roles/keylime_server/meta/argument_specs.yml Failed to find argument_specs.yml for role in redhat.rhel_system_roles.
2026-07-06T03:14:34.893770+00:00 ERROR 'ansible_navigator.actions.collections._parse' /usr/share/ansible/collections/ansible_collections/redhat/rhel_system_roles/roles/certificate/meta/argument_specs.yml Failed to find argument_specs.yml for role in redhat.rhel_system_roles.
2026-07-06T03:14:34.893784+00:00 ERROR 'ansible_navigator.actions.collections._parse' /usr/share/ansible/collections/ansible_collections/redhat/rhel_system_roles/roles/nbde_client/meta/argument_specs.yml Failed to find argument_specs.yml for role in redhat.rhel_system_roles.
2026-07-06T03:14:34.893798+00:00 ERROR 'ansible_navigator.actions.collections._parse' /usr/share/ansible/collections/ansible_collections/redhat/rhel_system_roles/roles/sudo/meta/argument_specs.yml Failed to find argument_specs.yml for role in redhat.rhel_system_roles.
2026-07-06T03:14:34.893812+00:00 ERROR 'ansible_navigator.actions.collections._parse' /usr/share/ansible/collections/ansible_collections/redhat/rhel_system_roles/roles/sshd/meta/argument_specs.yml Failed to find argument_specs.yml for role in redhat.rhel_system_roles.
2026-07-06T03:14:34.893826+00:00 ERROR 'ansible_navigator.actions.collections._parse' /usr/share/ansible/collections/ansible_collections/redhat/rhel_system_roles/roles/private_metrics_subrole_repository/meta/argument_specs.yml Failed to find argument_specs.yml for role in redhat.rhel_system_roles.
2026-07-06T03:14:34.893840+00:00 ERROR 'ansible_navigator.actions.collections._parse' /usr/share/ansible/collections/ansible_collections/redhat/rhel_system_roles/roles/private_metrics_subrole_elasticsearch/meta/argument_specs.yml Failed to find argument_specs.yml for role in redhat.rhel_system_roles.
2026-07-06T03:14:34.893854+00:00 ERROR 'ansible_navigator.actions.collections._parse' /usr/share/ansible/collections/ansible_collections/redhat/rhel_system_roles/roles/systemd/meta/argument_specs.yml Failed to find argument_specs.yml for role in redhat.rhel_system_roles.
2026-07-06T03:14:34.893868+00:00 ERROR 'ansible_navigator.actions.collections._parse' /usr/share/ansible/collections/ansible_collections/redhat/rhel_system_roles/roles/private_metrics_subrole_bpftrace/meta/argument_specs.yml Failed to find argument_specs.yml for role in redhat.rhel_system_roles.
2026-07-06T03:14:34.893882+00:00 ERROR 'ansible_navigator.actions.collections._parse' /usr/share/ansible/collections/ansible_collections/redhat/rhel_system_roles/roles/firewall/meta/argument_specs.yml Failed to find argument_specs.yml for role in redhat.rhel_system_roles.
2026-07-06T03:14:34.893896+00:00 ERROR 'ansible_navigator.actions.collections._parse' /usr/share/ansible/collections/ansible_collections/redhat/rhel_system_roles/roles/vpn/meta/argument_specs.yml Failed to find argument_specs.yml for role in redhat.rhel_system_roles.
2026-07-06T03:14:34.893916+00:00 ERROR 'ansible_navigator.actions.collections._parse' /usr/share/ansible/collections/ansible_collections/redhat/rhel_system_roles/roles/network/meta/argument_specs.yml Failed to find argument_specs.yml for role in redhat.rhel_system_roles.
2026-07-06T03:14:34.893930+00:00 ERROR 'ansible_navigator.actions.collections._parse' /usr/share/ansible/collections/ansible_collections/redhat/rhel_system_roles/roles/private_metrics_subrole_spark/meta/argument_specs.yml Failed to find argument_specs.yml for role in redhat.rhel_system_roles.
2026-07-06T03:14:34.893950+00:00 ERROR 'ansible_navigator.actions.collections._parse' /usr/share/ansible/collections/ansible_collections/redhat/rhel_system_roles/roles/private_metrics_subrole_pcp/meta/argument_specs.yml Failed to find argument_specs.yml for role in redhat.rhel_system_roles.
2026-07-06T03:14:34.893966+00:00 ERROR 'ansible_navigator.actions.collections._parse' /usr/share/ansible/collections/ansible_collections/redhat/rhel_system_roles/roles/metrics/meta/argument_specs.yml Failed to find argument_specs.yml for role in redhat.rhel_system_roles.
2026-07-06T03:14:34.893980+00:00 ERROR 'ansible_navigator.actions.collections._parse' /usr/share/ansible/collections/ansible_collections/redhat/rhel_system_roles/roles/crypto_policies/meta/argument_specs.yml Failed to find argument_specs.yml for role in redhat.rhel_system_roles.
2026-07-06T03:14:34.893994+00:00 ERROR 'ansible_navigator.actions.collections._parse' /usr/share/ansible/collections/ansible_collections/redhat/rhel_system_roles/roles/journald/meta/argument_specs.yml Failed to find argument_specs.yml for role in redhat.rhel_system_roles.
2026-07-06T03:14:34.894008+00:00 ERROR 'ansible_navigator.actions.collections._parse' /usr/share/ansible/collections/ansible_collections/redhat/rhel_system_roles/roles/postgresql/meta/argument_specs.yml Failed to find argument_specs.yml for role in redhat.rhel_system_roles.
2026-07-06T03:14:34.894022+00:00 ERROR 'ansible_navigator.actions.collections._parse' /usr/share/ansible/collections/ansible_collections/redhat/rhel_system_roles/roles/logging/meta/argument_specs.yml Failed to find argument_specs.yml for role in redhat.rhel_system_roles.
2026-07-06T03:14:34.894036+00:00 ERROR 'ansible_navigator.actions.collections._parse' /usr/share/ansible/collections/ansible_collections/redhat/rhel_system_roles/roles/selinux/meta/argument_specs.yml Failed to find argument_specs.yml for role in redhat.rhel_system_roles.
2026-07-06T03:14:34.894050+00:00 ERROR 'ansible_navigator.actions.collections._parse' /usr/share/ansible/collections/ansible_collections/redhat/rhel_system_roles/roles/aide/meta/argument_specs.yml Failed to find argument_specs.yml for role in redhat.rhel_system_roles.
2026-07-06T03:14:34.894063+00:00 ERROR 'ansible_navigator.actions.collections._parse' /usr/share/ansible/collections/ansible_collections/redhat/rhel_system_roles/roles/timesync/meta/argument_specs.yml Failed to find argument_specs.yml for role in redhat.rhel_system_roles.
2026-07-06T03:14:34.894077+00:00 ERROR 'ansible_navigator.actions.collections._parse' /usr/share/ansible/collections/ansible_collections/redhat/rhel_system_roles/roles/private_metrics_subrole_postfix/meta/argument_specs.yml Failed to find argument_specs.yml for role in redhat.rhel_system_roles.
2026-07-06T03:14:34.894091+00:00 ERROR 'ansible_navigator.actions.collections._parse' /usr/share/ansible/collections/ansible_collections/redhat/rhel_system_roles/roles/ha_cluster/meta/argument_specs.yml Failed to find argument_specs.yml for role in redhat.rhel_system_roles.
2026-07-06T03:14:34.894104+00:00 ERROR 'ansible_navigator.actions.collections._parse' /usr/share/ansible/collections/ansible_collections/redhat/rhel_system_roles/roles/kdump/meta/argument_specs.yml Failed to find argument_specs.yml for role in redhat.rhel_system_roles.
2026-07-06T03:14:34.894118+00:00 ERROR 'ansible_navigator.actions.collections._parse' /usr/share/ansible/collections/ansible_collections/redhat/rhel_system_roles/roles/kernel_settings/meta/argument_specs.yml Failed to find argument_specs.yml for role in redhat.rhel_system_roles.
2026-07-06T03:14:34.894132+00:00 ERROR 'ansible_navigator.actions.collections._parse' /usr/share/ansible/collections/ansible_collections/redhat/rhel_system_roles/roles/ad_integration/meta/argument_specs.yml Failed to find argument_specs.yml for role in redhat.rhel_system_roles.
2026-07-06T03:14:34.894146+00:00 ERROR 'ansible_navigator.actions.collections._parse' /usr/share/ansible/collections/ansible_collections/redhat/rhel_system_roles/roles/private_logging_subrole_rsyslog/meta/argument_specs.yml Failed to find argument_specs.yml for role in redhat.rhel_system_roles.
2026-07-06T03:14:34.894162+00:00 ERROR 'ansible_navigator.actions.collections._parse' /usr/share/ansible/collections/ansible_collections/redhat/rhel_system_roles/roles/snapshot/meta/argument_specs.yml Failed to find argument_specs.yml for role in redhat.rhel_system_roles.
2026-07-06T03:14:34.894176+00:00 ERROR 'ansible_navigator.actions.collections._parse' /usr/share/ansible/collections/ansible_collections/redhat/rhel_system_roles/roles/fapolicyd/meta/argument_specs.yml Failed to find argument_specs.yml for role in redhat.rhel_system_roles.
2026-07-06T03:14:34.894190+00:00 ERROR 'ansible_navigator.actions.collections._parse' /usr/share/ansible/collections/ansible_collections/redhat/insights/roles/compliance/meta/argument_specs.yml Failed to find argument_specs.yml for role in redhat.insights.
2026-07-06T03:14:34.894204+00:00 ERROR 'ansible_navigator.actions.collections._parse' /usr/share/ansible/collections/ansible_collections/redhat/insights/roles/insights_client/meta/argument_specs.yml Failed to find argument_specs.yml for role in redhat.insights.
2026-07-06T03:14:34.894218+00:00 ERROR 'ansible_navigator.actions.collections._parse' /usr/share/ansible/collections/ansible_collections/redhat/satellite/roles/compute_profiles/meta/argument_specs.yml Failed to find argument_specs.yml for role in redhat.satellite.
2026-07-06T03:14:34.894232+00:00 ERROR 'ansible_navigator.actions.collections._parse' /usr/share/ansible/collections/ansible_collections/redhat/satellite/roles/compute_profiles/meta/main.yml Failed to find main.yml for role in redhat.satellite.
2026-07-06T03:14:34.894246+00:00 ERROR 'ansible_navigator.actions.collections._parse' /usr/share/ansible/collections/ansible_collections/redhat/satellite/roles/content_views/meta/argument_specs.yml Failed to find argument_specs.yml for role in redhat.satellite.
2026-07-06T03:14:34.894260+00:00 ERROR 'ansible_navigator.actions.collections._parse' /usr/share/ansible/collections/ansible_collections/redhat/satellite/roles/content_views/meta/main.yml Failed to find main.yml for role in redhat.satellite.
2026-07-06T03:14:34.894274+00:00 ERROR 'ansible_navigator.actions.collections._parse' /usr/share/ansible/collections/ansible_collections/redhat/satellite/roles/activation_keys/meta/argument_specs.yml Failed to find argument_specs.yml for role in redhat.satellite.
2026-07-06T03:14:34.894288+00:00 ERROR 'ansible_navigator.actions.collections._parse' /usr/share/ansible/collections/ansible_collections/redhat/satellite/roles/activation_keys/meta/main.yml Failed to find main.yml for role in redhat.satellite.
2026-07-06T03:14:34.894302+00:00 ERROR 'ansible_navigator.actions.collections._parse' /usr/share/ansible/collections/ansible_collections/redhat/satellite/roles/sync_plans/meta/argument_specs.yml Failed to find argument_specs.yml for role in redhat.satellite.
2026-07-06T03:14:34.894316+00:00 ERROR 'ansible_navigator.actions.collections._parse' /usr/share/ansible/collections/ansible_collections/redhat/satellite/roles/sync_plans/meta/main.yml Failed to find main.yml for role in redhat.satellite.
2026-07-06T03:14:34.894330+00:00 ERROR 'ansible_navigator.actions.collections._parse' /usr/share/ansible/collections/ansible_collections/redhat/satellite/roles/content_rhel/meta/argument_specs.yml Failed to find argument_specs.yml for role in redhat.satellite.
2026-07-06T03:14:34.894344+00:00 ERROR 'ansible_navigator.actions.collections._parse' /usr/share/ansible/collections/ansible_collections/redhat/satellite/roles/content_rhel/meta/main.yml Failed to find main.yml for role in redhat.satellite.
2026-07-06T03:14:34.894358+00:00 ERROR 'ansible_navigator.actions.collections._parse' /usr/share/ansible/collections/ansible_collections/redhat/satellite/roles/convert2rhel/meta/argument_specs.yml Failed to find argument_specs.yml for role in redhat.satellite.
2026-07-06T03:14:34.894399+00:00 ERROR 'ansible_navigator.actions.collections._parse' /usr/share/ansible/collections/ansible_collections/redhat/satellite/roles/convert2rhel/meta/main.yml Failed to find main.yml for role in redhat.satellite.
2026-07-06T03:14:34.894418+00:00 ERROR 'ansible_navigator.actions.collections._parse' /usr/share/ansible/collections/ansible_collections/redhat/satellite/roles/repositories/meta/argument_specs.yml Failed to find argument_specs.yml for role in redhat.satellite.
2026-07-06T03:14:34.894432+00:00 ERROR 'ansible_navigator.actions.collections._parse' /usr/share/ansible/collections/ansible_collections/redhat/satellite/roles/repositories/meta/main.yml Failed to find main.yml for role in redhat.satellite.
2026-07-06T03:14:34.894447+00:00 ERROR 'ansible_navigator.actions.collections._parse' /usr/share/ansible/collections/ansible_collections/redhat/satellite/roles/manifest/meta/argument_specs.yml Failed to find argument_specs.yml for role in redhat.satellite.
2026-07-06T03:14:34.894461+00:00 ERROR 'ansible_navigator.actions.collections._parse' /usr/share/ansible/collections/ansible_collections/redhat/satellite/roles/manifest/meta/main.yml Failed to find main.yml for role in redhat.satellite.
2026-07-06T03:14:34.894476+00:00 ERROR 'ansible_navigator.actions.collections._parse' /usr/share/ansible/collections/ansible_collections/redhat/satellite/roles/auth_sources_ldap/meta/argument_specs.yml Failed to find argument_specs.yml for role in redhat.satellite.
2026-07-06T03:14:34.894491+00:00 ERROR 'ansible_navigator.actions.collections._parse' /usr/share/ansible/collections/ansible_collections/redhat/satellite/roles/auth_sources_ldap/meta/main.yml Failed to find main.yml for role in redhat.satellite.
2026-07-06T03:14:34.894505+00:00 ERROR 'ansible_navigator.actions.collections._parse' /usr/share/ansible/collections/ansible_collections/redhat/satellite/roles/content_credentials/meta/argument_specs.yml Failed to find argument_specs.yml for role in redhat.satellite.
2026-07-06T03:14:34.894520+00:00 ERROR 'ansible_navigator.actions.collections._parse' /usr/share/ansible/collections/ansible_collections/redhat/satellite/roles/content_credentials/meta/main.yml Failed to find main.yml for role in redhat.satellite.
2026-07-06T03:14:34.894534+00:00 ERROR 'ansible_navigator.actions.collections._parse' /usr/share/ansible/collections/ansible_collections/redhat/satellite/roles/content_view_version_cleanup/meta/argument_specs.yml Failed to find argument_specs.yml for role in redhat.satellite.
2026-07-06T03:14:34.894549+00:00 ERROR 'ansible_navigator.actions.collections._parse' /usr/share/ansible/collections/ansible_collections/redhat/satellite/roles/content_view_version_cleanup/meta/main.yml Failed to find main.yml for role in redhat.satellite.
2026-07-06T03:14:34.894564+00:00 ERROR 'ansible_navigator.actions.collections._parse' /usr/share/ansible/collections/ansible_collections/redhat/satellite/roles/hostgroups/meta/argument_specs.yml Failed to find argument_specs.yml for role in redhat.satellite.
2026-07-06T03:14:34.894578+00:00 ERROR 'ansible_navigator.actions.collections._parse' /usr/share/ansible/collections/ansible_collections/redhat/satellite/roles/hostgroups/meta/main.yml Failed to find main.yml for role in redhat.satellite.
2026-07-06T03:14:34.894593+00:00 ERROR 'ansible_navigator.actions.collections._parse' /usr/share/ansible/collections/ansible_collections/redhat/satellite/roles/settings/meta/argument_specs.yml Failed to find argument_specs.yml for role in redhat.satellite.
2026-07-06T03:14:34.894608+00:00 ERROR 'ansible_navigator.actions.collections._parse' /usr/share/ansible/collections/ansible_collections/redhat/satellite/roles/settings/meta/main.yml Failed to find main.yml for role in redhat.satellite.
2026-07-06T03:14:34.894622+00:00 ERROR 'ansible_navigator.actions.collections._parse' /usr/share/ansible/collections/ansible_collections/redhat/satellite/roles/compute_resources/meta/argument_specs.yml Failed to find argument_specs.yml for role in redhat.satellite.
2026-07-06T03:14:34.894637+00:00 ERROR 'ansible_navigator.actions.collections._parse' /usr/share/ansible/collections/ansible_collections/redhat/satellite/roles/compute_resources/meta/main.yml Failed to find main.yml for role in redhat.satellite.
2026-07-06T03:14:34.894653+00:00 ERROR 'ansible_navigator.actions.collections._parse' /usr/share/ansible/collections/ansible_collections/redhat/satellite/roles/provisioning_templates/meta/argument_specs.yml Failed to find argument_specs.yml for role in redhat.satellite.
2026-07-06T03:14:34.894668+00:00 ERROR 'ansible_navigator.actions.collections._parse' /usr/share/ansible/collections/ansible_collections/redhat/satellite/roles/provisioning_templates/meta/main.yml Failed to find main.yml for role in redhat.satellite.
2026-07-06T03:14:34.894683+00:00 ERROR 'ansible_navigator.actions.collections._parse' /usr/share/ansible/collections/ansible_collections/redhat/satellite/roles/content_view_publish/meta/argument_specs.yml Failed to find argument_specs.yml for role in redhat.satellite.
2026-07-06T03:14:34.894697+00:00 ERROR 'ansible_navigator.actions.collections._parse' /usr/share/ansible/collections/ansible_collections/redhat/satellite/roles/content_view_publish/meta/main.yml Failed to find main.yml for role in redhat.satellite.
2026-07-06T03:14:34.894712+00:00 ERROR 'ansible_navigator.actions.collections._parse' /usr/share/ansible/collections/ansible_collections/redhat/satellite/roles/operatingsystems/meta/argument_specs.yml Failed to find argument_specs.yml for role in redhat.satellite.
2026-07-06T03:14:34.894739+00:00 ERROR 'ansible_navigator.actions.collections._parse' /usr/share/ansible/collections/ansible_collections/redhat/satellite/roles/operatingsystems/meta/main.yml Failed to find main.yml for role in redhat.satellite.
2026-07-06T03:14:34.894752+00:00 ERROR 'ansible_navigator.actions.collections._parse' /usr/share/ansible/collections/ansible_collections/redhat/satellite/roles/subnets/meta/argument_specs.yml Failed to find argument_specs.yml for role in redhat.satellite.
2026-07-06T03:14:34.894766+00:00 ERROR 'ansible_navigator.actions.collections._parse' /usr/share/ansible/collections/ansible_collections/redhat/satellite/roles/subnets/meta/main.yml Failed to find main.yml for role in redhat.satellite.
2026-07-06T03:14:34.894780+00:00 ERROR 'ansible_navigator.actions.collections._parse' /usr/share/ansible/collections/ansible_collections/redhat/satellite/roles/organizations/meta/argument_specs.yml Failed to find argument_specs.yml for role in redhat.satellite.
2026-07-06T03:14:34.894794+00:00 ERROR 'ansible_navigator.actions.collections._parse' /usr/share/ansible/collections/ansible_collections/redhat/satellite/roles/organizations/meta/main.yml Failed to find main.yml for role in redhat.satellite.
2026-07-06T03:14:34.894808+00:00 ERROR 'ansible_navigator.actions.collections._parse' /usr/share/ansible/collections/ansible_collections/redhat/satellite/roles/lifecycle_environments/meta/argument_specs.yml Failed to find argument_specs.yml for role in redhat.satellite.
2026-07-06T03:14:34.894838+00:00 ERROR 'ansible_navigator.actions.collections._parse' /usr/share/ansible/collections/ansible_collections/redhat/satellite/roles/lifecycle_environments/meta/main.yml Failed to find main.yml for role in redhat.satellite.
2026-07-06T03:14:34.894853+00:00 ERROR 'ansible_navigator.actions.collections._parse' /usr/share/ansible/collections/ansible_collections/redhat/satellite/roles/domains/meta/argument_specs.yml Failed to find argument_specs.yml for role in redhat.satellite.
2026-07-06T03:14:34.894867+00:00 ERROR 'ansible_navigator.actions.collections._parse' /usr/share/ansible/collections/ansible_collections/redhat/satellite/roles/domains/meta/main.yml Failed to find main.yml for role in redhat.satellite.
2026-07-06T03:14:34.894882+00:00 ERROR 'ansible_navigator.actions.collections._parse' /workspaces/ansible/collections/ansible_collections/community/aws/plugins/inventory/aws_mq.py ComposerError (get_docstring): expected a single document in the stream
  in "<unicode string>", line 4, column 1:
    plugin: community.aws.aws_mq
    ^
but found another document
  in "<unicode string>", line 8, column 1:
    ---
    ^
2026-07-06T03:14:34.894899+00:00 ERROR 'ansible_navigator.actions.collections._parse' /workspaces/ansible/collections/ansible_collections/amazon/aws/plugins/inventory/aws_ec2.py ComposerError (get_docstring): expected a single document in the stream
  in "<unicode string>", line 3, column 1:
    plugin: amazon.aws.aws_ec2
    ^
but found another document
  in "<unicode string>", line 7, column 1:
    ---
    ^
2026-07-06T03:20:23.430939+00:00 ERROR 'ansible_navigator.actions.collections._parse' /workspaces/ansible/collections/ansible_collections/community/cassandra/roles/cassandra_firewall/meta/argument_specs.yml Failed to find argument_specs.yml for role in community.cassandra.
2026-07-06T03:20:23.431434+00:00 ERROR 'ansible_navigator.actions.collections._parse' /workspaces/ansible/collections/ansible_collections/community/cassandra/roles/cassandra_install/meta/argument_specs.yml Failed to find argument_specs.yml for role in community.cassandra.
2026-07-06T03:20:23.431514+00:00 ERROR 'ansible_navigator.actions.collections._parse' /workspaces/ansible/collections/ansible_collections/community/cassandra/roles/cassandra_linux/meta/argument_specs.yml Failed to find argument_specs.yml for role in community.cassandra.
2026-07-06T03:20:23.431543+00:00 ERROR 'ansible_navigator.actions.collections._parse' /workspaces/ansible/collections/ansible_collections/community/cassandra/roles/cassandra_repository/meta/argument_specs.yml Failed to find argument_specs.yml for role in community.cassandra.
2026-07-06T03:20:23.431575+00:00 ERROR 'ansible_navigator.actions.collections._parse' /workspaces/ansible/collections/ansible_collections/community/grafana/roles/grafana/meta/argument_specs.yml Failed to find argument_specs.yml for role in community.grafana.
2026-07-06T03:20:23.431604+00:00 ERROR 'ansible_navigator.actions.collections._parse' /workspaces/ansible/collections/ansible_collections/redhatofficial/rhel_hardening_roles/roles/rhel9_stig_gui/meta/argument_specs.yml Failed to find argument_specs.yml for role in redhatofficial.rhel_hardening_roles.
2026-07-06T03:20:23.431627+00:00 ERROR 'ansible_navigator.actions.collections._parse' /workspaces/ansible/collections/ansible_collections/redhatofficial/rhel_hardening_roles/roles/rhel9_stig/meta/argument_specs.yml Failed to find argument_specs.yml for role in redhatofficial.rhel_hardening_roles.
2026-07-06T03:20:23.431662+00:00 ERROR 'ansible_navigator.actions.collections._parse' /workspaces/ansible/collections/ansible_collections/redhatofficial/rhel_hardening_roles/roles/rhel9_pci_dss/meta/argument_specs.yml Failed to find argument_specs.yml for role in redhatofficial.rhel_hardening_roles.
2026-07-06T03:20:23.431715+00:00 ERROR 'ansible_navigator.actions.collections._parse' /workspaces/ansible/collections/ansible_collections/redhatofficial/rhel_hardening_roles/roles/rhel9_ospp/meta/argument_specs.yml Failed to find argument_specs.yml for role in redhatofficial.rhel_hardening_roles.
2026-07-06T03:20:23.431739+00:00 ERROR 'ansible_navigator.actions.collections._parse' /workspaces/ansible/collections/ansible_collections/redhatofficial/rhel_hardening_roles/roles/rhel9_ism_o/meta/argument_specs.yml Failed to find argument_specs.yml for role in redhatofficial.rhel_hardening_roles.
2026-07-06T03:20:23.431760+00:00 ERROR 'ansible_navigator.actions.collections._parse' /workspaces/ansible/collections/ansible_collections/redhatofficial/rhel_hardening_roles/roles/rhel9_hipaa/meta/argument_specs.yml Failed to find argument_specs.yml for role in redhatofficial.rhel_hardening_roles.
2026-07-06T03:20:23.431779+00:00 ERROR 'ansible_navigator.actions.collections._parse' /workspaces/ansible/collections/ansible_collections/redhatofficial/rhel_hardening_roles/roles/rhel9_e8/meta/argument_specs.yml Failed to find argument_specs.yml for role in redhatofficial.rhel_hardening_roles.
2026-07-06T03:20:23.431797+00:00 ERROR 'ansible_navigator.actions.collections._parse' /workspaces/ansible/collections/ansible_collections/redhatofficial/rhel_hardening_roles/roles/rhel9_cui/meta/argument_specs.yml Failed to find argument_specs.yml for role in redhatofficial.rhel_hardening_roles.
2026-07-06T03:20:23.431826+00:00 ERROR 'ansible_navigator.actions.collections._parse' /workspaces/ansible/collections/ansible_collections/redhatofficial/rhel_hardening_roles/roles/rhel9_cis_workstation_l2/meta/argument_specs.yml Failed to find argument_specs.yml for role in redhatofficial.rhel_hardening_roles.
2026-07-06T03:20:23.431855+00:00 ERROR 'ansible_navigator.actions.collections._parse' /workspaces/ansible/collections/ansible_collections/redhatofficial/rhel_hardening_roles/roles/rhel9_cis_workstation_l1/meta/argument_specs.yml Failed to find argument_specs.yml for role in redhatofficial.rhel_hardening_roles.
2026-07-06T03:20:23.431872+00:00 ERROR 'ansible_navigator.actions.collections._parse' /workspaces/ansible/collections/ansible_collections/redhatofficial/rhel_hardening_roles/roles/rhel9_cis_server_l1/meta/argument_specs.yml Failed to find argument_specs.yml for role in redhatofficial.rhel_hardening_roles.
2026-07-06T03:20:23.431887+00:00 ERROR 'ansible_navigator.actions.collections._parse' /workspaces/ansible/collections/ansible_collections/redhatofficial/rhel_hardening_roles/roles/rhel9_cis/meta/argument_specs.yml Failed to find argument_specs.yml for role in redhatofficial.rhel_hardening_roles.
2026-07-06T03:20:23.431902+00:00 ERROR 'ansible_navigator.actions.collections._parse' /workspaces/ansible/collections/ansible_collections/redhatofficial/rhel_hardening_roles/roles/rhel9_ccn_intermediate/meta/argument_specs.yml Failed to find argument_specs.yml for role in redhatofficial.rhel_hardening_roles.
2026-07-06T03:20:23.431917+00:00 ERROR 'ansible_navigator.actions.collections._parse' /workspaces/ansible/collections/ansible_collections/redhatofficial/rhel_hardening_roles/roles/rhel9_ccn_basic/meta/argument_specs.yml Failed to find argument_specs.yml for role in redhatofficial.rhel_hardening_roles.
2026-07-06T03:20:23.431933+00:00 ERROR 'ansible_navigator.actions.collections._parse' /workspaces/ansible/collections/ansible_collections/redhatofficial/rhel_hardening_roles/roles/rhel9_ccn_advanced/meta/argument_specs.yml Failed to find argument_specs.yml for role in redhatofficial.rhel_hardening_roles.
2026-07-06T03:20:23.431948+00:00 ERROR 'ansible_navigator.actions.collections._parse' /workspaces/ansible/collections/ansible_collections/redhatofficial/rhel_hardening_roles/roles/rhel9_bsi/meta/argument_specs.yml Failed to find argument_specs.yml for role in redhatofficial.rhel_hardening_roles.
2026-07-06T03:20:23.431963+00:00 ERROR 'ansible_navigator.actions.collections._parse' /workspaces/ansible/collections/ansible_collections/redhatofficial/rhel_hardening_roles/roles/rhel9_anssi_bp28_minimal/meta/argument_specs.yml Failed to find argument_specs.yml for role in redhatofficial.rhel_hardening_roles.
2026-07-06T03:20:23.431978+00:00 ERROR 'ansible_navigator.actions.collections._parse' /workspaces/ansible/collections/ansible_collections/redhatofficial/rhel_hardening_roles/roles/rhel9_anssi_bp28_intermediary/meta/argument_specs.yml Failed to find argument_specs.yml for role in redhatofficial.rhel_hardening_roles.
2026-07-06T03:20:23.431992+00:00 ERROR 'ansible_navigator.actions.collections._parse' /workspaces/ansible/collections/ansible_collections/redhatofficial/rhel_hardening_roles/roles/rhel9_anssi_bp28_high/meta/argument_specs.yml Failed to find argument_specs.yml for role in redhatofficial.rhel_hardening_roles.
2026-07-06T03:20:23.432008+00:00 ERROR 'ansible_navigator.actions.collections._parse' /workspaces/ansible/collections/ansible_collections/redhatofficial/rhel_hardening_roles/roles/rhel9_anssi_bp28_enhanced/meta/argument_specs.yml Failed to find argument_specs.yml for role in redhatofficial.rhel_hardening_roles.
2026-07-06T03:20:23.432022+00:00 ERROR 'ansible_navigator.actions.collections._parse' /workspaces/ansible/collections/ansible_collections/redhatofficial/rhel_hardening_roles/roles/rhel8_stig_gui/meta/argument_specs.yml Failed to find argument_specs.yml for role in redhatofficial.rhel_hardening_roles.
2026-07-06T03:20:23.432037+00:00 ERROR 'ansible_navigator.actions.collections._parse' /workspaces/ansible/collections/ansible_collections/redhatofficial/rhel_hardening_roles/roles/rhel8_stig/meta/argument_specs.yml Failed to find argument_specs.yml for role in redhatofficial.rhel_hardening_roles.
2026-07-06T03:20:23.432054+00:00 ERROR 'ansible_navigator.actions.collections._parse' /workspaces/ansible/collections/ansible_collections/redhatofficial/rhel_hardening_roles/roles/rhel8_pci_dss/meta/argument_specs.yml Failed to find argument_specs.yml for role in redhatofficial.rhel_hardening_roles.
2026-07-06T03:20:23.432070+00:00 ERROR 'ansible_navigator.actions.collections._parse' /workspaces/ansible/collections/ansible_collections/redhatofficial/rhel_hardening_roles/roles/rhel8_ospp/meta/argument_specs.yml Failed to find argument_specs.yml for role in redhatofficial.rhel_hardening_roles.
2026-07-06T03:20:23.432085+00:00 ERROR 'ansible_navigator.actions.collections._parse' /workspaces/ansible/collections/ansible_collections/redhatofficial/rhel_hardening_roles/roles/rhel8_ism_o/meta/argument_specs.yml Failed to find argument_specs.yml for role in redhatofficial.rhel_hardening_roles.
2026-07-06T03:20:23.432100+00:00 ERROR 'ansible_navigator.actions.collections._parse' /workspaces/ansible/collections/ansible_collections/redhatofficial/rhel_hardening_roles/roles/rhel8_hipaa/meta/argument_specs.yml Failed to find argument_specs.yml for role in redhatofficial.rhel_hardening_roles.
2026-07-06T03:20:23.432114+00:00 ERROR 'ansible_navigator.actions.collections._parse' /workspaces/ansible/collections/ansible_collections/redhatofficial/rhel_hardening_roles/roles/rhel8_e8/meta/argument_specs.yml Failed to find argument_specs.yml for role in redhatofficial.rhel_hardening_roles.
2026-07-06T03:20:23.432129+00:00 ERROR 'ansible_navigator.actions.collections._parse' /workspaces/ansible/collections/ansible_collections/redhatofficial/rhel_hardening_roles/roles/rhel8_cui/meta/argument_specs.yml Failed to find argument_specs.yml for role in redhatofficial.rhel_hardening_roles.
2026-07-06T03:20:23.432144+00:00 ERROR 'ansible_navigator.actions.collections._parse' /workspaces/ansible/collections/ansible_collections/redhatofficial/rhel_hardening_roles/roles/rhel8_cis_workstation_l2/meta/argument_specs.yml Failed to find argument_specs.yml for role in redhatofficial.rhel_hardening_roles.
2026-07-06T03:20:23.432160+00:00 ERROR 'ansible_navigator.actions.collections._parse' /workspaces/ansible/collections/ansible_collections/redhatofficial/rhel_hardening_roles/roles/rhel8_cis_workstation_l1/meta/argument_specs.yml Failed to find argument_specs.yml for role in redhatofficial.rhel_hardening_roles.
2026-07-06T03:20:23.432175+00:00 ERROR 'ansible_navigator.actions.collections._parse' /workspaces/ansible/collections/ansible_collections/redhatofficial/rhel_hardening_roles/roles/rhel8_cis_server_l1/meta/argument_specs.yml Failed to find argument_specs.yml for role in redhatofficial.rhel_hardening_roles.
2026-07-06T03:20:23.432189+00:00 ERROR 'ansible_navigator.actions.collections._parse' /workspaces/ansible/collections/ansible_collections/redhatofficial/rhel_hardening_roles/roles/rhel8_cis/meta/argument_specs.yml Failed to find argument_specs.yml for role in redhatofficial.rhel_hardening_roles.
2026-07-06T03:20:23.432204+00:00 ERROR 'ansible_navigator.actions.collections._parse' /workspaces/ansible/collections/ansible_collections/redhatofficial/rhel_hardening_roles/roles/rhel8_anssi_bp28_minimal/meta/argument_specs.yml Failed to find argument_specs.yml for role in redhatofficial.rhel_hardening_roles.
2026-07-06T03:20:23.432218+00:00 ERROR 'ansible_navigator.actions.collections._parse' /workspaces/ansible/collections/ansible_collections/redhatofficial/rhel_hardening_roles/roles/rhel8_anssi_bp28_intermediary/meta/argument_specs.yml Failed to find argument_specs.yml for role in redhatofficial.rhel_hardening_roles.
2026-07-06T03:20:23.432232+00:00 ERROR 'ansible_navigator.actions.collections._parse' /workspaces/ansible/collections/ansible_collections/redhatofficial/rhel_hardening_roles/roles/rhel8_anssi_bp28_high/meta/argument_specs.yml Failed to find argument_specs.yml for role in redhatofficial.rhel_hardening_roles.
2026-07-06T03:20:23.432249+00:00 ERROR 'ansible_navigator.actions.collections._parse' /workspaces/ansible/collections/ansible_collections/redhatofficial/rhel_hardening_roles/roles/rhel8_anssi_bp28_enhanced/meta/argument_specs.yml Failed to find argument_specs.yml for role in redhatofficial.rhel_hardening_roles.
2026-07-06T03:20:23.432264+00:00 ERROR 'ansible_navigator.actions.collections._parse' /workspaces/ansible/collections/ansible_collections/redhatofficial/rhel_hardening_roles/roles/rhel10_stig_gui/meta/argument_specs.yml Failed to find argument_specs.yml for role in redhatofficial.rhel_hardening_roles.
2026-07-06T03:20:23.432279+00:00 ERROR 'ansible_navigator.actions.collections._parse' /workspaces/ansible/collections/ansible_collections/redhatofficial/rhel_hardening_roles/roles/rhel10_stig/meta/argument_specs.yml Failed to find argument_specs.yml for role in redhatofficial.rhel_hardening_roles.
2026-07-06T03:20:23.432293+00:00 ERROR 'ansible_navigator.actions.collections._parse' /workspaces/ansible/collections/ansible_collections/redhatofficial/rhel_hardening_roles/roles/rhel10_pci_dss/meta/argument_specs.yml Failed to find argument_specs.yml for role in redhatofficial.rhel_hardening_roles.
2026-07-06T03:20:23.432308+00:00 ERROR 'ansible_navigator.actions.collections._parse' /workspaces/ansible/collections/ansible_collections/redhatofficial/rhel_hardening_roles/roles/rhel10_ospp/meta/argument_specs.yml Failed to find argument_specs.yml for role in redhatofficial.rhel_hardening_roles.
2026-07-06T03:20:23.432322+00:00 ERROR 'ansible_navigator.actions.collections._parse' /workspaces/ansible/collections/ansible_collections/redhatofficial/rhel_hardening_roles/roles/rhel10_ism_o_top_secret/meta/argument_specs.yml Failed to find argument_specs.yml for role in redhatofficial.rhel_hardening_roles.
2026-07-06T03:20:23.432337+00:00 ERROR 'ansible_navigator.actions.collections._parse' /workspaces/ansible/collections/ansible_collections/redhatofficial/rhel_hardening_roles/roles/rhel10_ism_o_secret/meta/argument_specs.yml Failed to find argument_specs.yml for role in redhatofficial.rhel_hardening_roles.
2026-07-06T03:20:23.432352+00:00 ERROR 'ansible_navigator.actions.collections._parse' /workspaces/ansible/collections/ansible_collections/redhatofficial/rhel_hardening_roles/roles/rhel10_ism_o/meta/argument_specs.yml Failed to find argument_specs.yml for role in redhatofficial.rhel_hardening_roles.
2026-07-06T03:20:23.432366+00:00 ERROR 'ansible_navigator.actions.collections._parse' /workspaces/ansible/collections/ansible_collections/redhatofficial/rhel_hardening_roles/roles/rhel10_hipaa/meta/argument_specs.yml Failed to find argument_specs.yml for role in redhatofficial.rhel_hardening_roles.
2026-07-06T03:20:23.432395+00:00 ERROR 'ansible_navigator.actions.collections._parse' /workspaces/ansible/collections/ansible_collections/redhatofficial/rhel_hardening_roles/roles/rhel10_e8/meta/argument_specs.yml Failed to find argument_specs.yml for role in redhatofficial.rhel_hardening_roles.
2026-07-06T03:20:23.432410+00:00 ERROR 'ansible_navigator.actions.collections._parse' /workspaces/ansible/collections/ansible_collections/redhatofficial/rhel_hardening_roles/roles/rhel10_cis_workstation_l2/meta/argument_specs.yml Failed to find argument_specs.yml for role in redhatofficial.rhel_hardening_roles.
2026-07-06T03:20:23.432425+00:00 ERROR 'ansible_navigator.actions.collections._parse' /workspaces/ansible/collections/ansible_collections/redhatofficial/rhel_hardening_roles/roles/rhel10_cis_workstation_l1/meta/argument_specs.yml Failed to find argument_specs.yml for role in redhatofficial.rhel_hardening_roles.
2026-07-06T03:20:23.432440+00:00 ERROR 'ansible_navigator.actions.collections._parse' /workspaces/ansible/collections/ansible_collections/redhatofficial/rhel_hardening_roles/roles/rhel10_cis_server_l1/meta/argument_specs.yml Failed to find argument_specs.yml for role in redhatofficial.rhel_hardening_roles.
2026-07-06T03:20:23.432454+00:00 ERROR 'ansible_navigator.actions.collections._parse' /workspaces/ansible/collections/ansible_collections/redhatofficial/rhel_hardening_roles/roles/rhel10_cis/meta/argument_specs.yml Failed to find argument_specs.yml for role in redhatofficial.rhel_hardening_roles.
2026-07-06T03:20:23.432471+00:00 ERROR 'ansible_navigator.actions.collections._parse' /workspaces/ansible/collections/ansible_collections/redhatofficial/rhel_hardening_roles/roles/rhel10_bsi/meta/argument_specs.yml Failed to find argument_specs.yml for role in redhatofficial.rhel_hardening_roles.
2026-07-06T03:20:23.432486+00:00 ERROR 'ansible_navigator.actions.collections._parse' /workspaces/ansible/collections/ansible_collections/redhatofficial/rhel_hardening_roles/roles/rhel10_anssi_bp28_minimal/meta/argument_specs.yml Failed to find argument_specs.yml for role in redhatofficial.rhel_hardening_roles.
2026-07-06T03:20:23.432500+00:00 ERROR 'ansible_navigator.actions.collections._parse' /workspaces/ansible/collections/ansible_collections/redhatofficial/rhel_hardening_roles/roles/rhel10_anssi_bp28_intermediary/meta/argument_specs.yml Failed to find argument_specs.yml for role in redhatofficial.rhel_hardening_roles.
2026-07-06T03:20:23.432516+00:00 ERROR 'ansible_navigator.actions.collections._parse' /workspaces/ansible/collections/ansible_collections/redhatofficial/rhel_hardening_roles/roles/rhel10_anssi_bp28_high/meta/argument_specs.yml Failed to find argument_specs.yml for role in redhatofficial.rhel_hardening_roles.
2026-07-06T03:20:23.432531+00:00 ERROR 'ansible_navigator.actions.collections._parse' /workspaces/ansible/collections/ansible_collections/redhatofficial/rhel_hardening_roles/roles/rhel10_anssi_bp28_enhanced/meta/argument_specs.yml Failed to find argument_specs.yml for role in redhatofficial.rhel_hardening_roles.
2026-07-06T03:20:23.432546+00:00 ERROR 'ansible_navigator.actions.collections._parse' /usr/share/ansible/collections/ansible_collections/cloud/terraform/roles/git_plan/meta/main.yml Failed to find main.yml for role in cloud.terraform.
2026-07-06T03:20:23.432561+00:00 ERROR 'ansible_navigator.actions.collections._parse' /usr/share/ansible/collections/ansible_collections/cloud/terraform/roles/inventory_from_outputs/meta/main.yml Failed to find main.yml for role in cloud.terraform.
2026-07-06T03:20:23.432577+00:00 ERROR 'ansible_navigator.actions.collections._parse' /usr/share/ansible/collections/ansible_collections/redhat/sap_install/roles/sap_ha_install_hana_hsr/meta/argument_specs.yml Failed to find argument_specs.yml for role in redhat.sap_install.
2026-07-06T03:20:23.432591+00:00 ERROR 'ansible_navigator.actions.collections._parse' /usr/share/ansible/collections/ansible_collections/redhat/sap_install/roles/sap_swpm/meta/argument_specs.yml Failed to find argument_specs.yml for role in redhat.sap_install.
2026-07-06T03:20:23.432606+00:00 ERROR 'ansible_navigator.actions.collections._parse' /usr/share/ansible/collections/ansible_collections/redhat/sap_install/roles/sap_hana_preconfigure/meta/argument_specs.yml Failed to find argument_specs.yml for role in redhat.sap_install.
2026-07-06T03:20:23.432621+00:00 ERROR 'ansible_navigator.actions.collections._parse' /usr/share/ansible/collections/ansible_collections/redhat/sap_install/roles/sap_netweaver_preconfigure/meta/argument_specs.yml Failed to find argument_specs.yml for role in redhat.sap_install.
2026-07-06T03:20:23.432637+00:00 ERROR 'ansible_navigator.actions.collections._parse' /usr/share/ansible/collections/ansible_collections/redhat/sap_install/roles/sap_general_preconfigure/meta/argument_specs.yml Failed to find argument_specs.yml for role in redhat.sap_install.
2026-07-06T03:20:23.432652+00:00 ERROR 'ansible_navigator.actions.collections._parse' /usr/share/ansible/collections/ansible_collections/redhat/redhat_csp_download/roles/redhat_csp_download/meta/argument_specs.yml Failed to find argument_specs.yml for role in redhat.redhat_csp_download.
2026-07-06T03:20:23.432668+00:00 ERROR 'ansible_navigator.actions.collections._parse' /usr/share/ansible/collections/ansible_collections/redhat/redhat_csp_download/roles/redhat_csp_download/meta/main.yml Failed to find main.yml for role in redhat.redhat_csp_download.
2026-07-06T03:20:23.432692+00:00 ERROR 'ansible_navigator.actions.collections._parse' /usr/share/ansible/collections/ansible_collections/redhat/rhv/roles/vm_infra/meta/argument_specs.yml Failed to find argument_specs.yml for role in redhat.rhv.
2026-07-06T03:20:23.432707+00:00 ERROR 'ansible_navigator.actions.collections._parse' /usr/share/ansible/collections/ansible_collections/redhat/rhv/roles/vm_infra/meta/main.yml Failed to find main.yml for role in redhat.rhv.
2026-07-06T03:20:23.432722+00:00 ERROR 'ansible_navigator.actions.collections._parse' /usr/share/ansible/collections/ansible_collections/redhat/rhv/roles/image_template/meta/argument_specs.yml Failed to find argument_specs.yml for role in redhat.rhv.
2026-07-06T03:20:23.432737+00:00 ERROR 'ansible_navigator.actions.collections._parse' /usr/share/ansible/collections/ansible_collections/redhat/rhv/roles/image_template/meta/main.yml Failed to find main.yml for role in redhat.rhv.
2026-07-06T03:20:23.432752+00:00 ERROR 'ansible_navigator.actions.collections._parse' /usr/share/ansible/collections/ansible_collections/redhat/rhv/roles/repositories/meta/argument_specs.yml Failed to find argument_specs.yml for role in redhat.rhv.
2026-07-06T03:20:23.432767+00:00 ERROR 'ansible_navigator.actions.collections._parse' /usr/share/ansible/collections/ansible_collections/redhat/rhv/roles/repositories/meta/main.yml Failed to find main.yml for role in redhat.rhv.
2026-07-06T03:20:23.432782+00:00 ERROR 'ansible_navigator.actions.collections._parse' /usr/share/ansible/collections/ansible_collections/redhat/rhv/roles/engine_setup/meta/argument_specs.yml Failed to find argument_specs.yml for role in redhat.rhv.
2026-07-06T03:20:23.432797+00:00 ERROR 'ansible_navigator.actions.collections._parse' /usr/share/ansible/collections/ansible_collections/redhat/rhv/roles/engine_setup/meta/main.yml Failed to find main.yml for role in redhat.rhv.
2026-07-06T03:20:23.432812+00:00 ERROR 'ansible_navigator.actions.collections._parse' /usr/share/ansible/collections/ansible_collections/redhat/rhv/roles/cluster_upgrade/meta/argument_specs.yml Failed to find argument_specs.yml for role in redhat.rhv.
2026-07-06T03:20:23.432826+00:00 ERROR 'ansible_navigator.actions.collections._parse' /usr/share/ansible/collections/ansible_collections/redhat/rhv/roles/cluster_upgrade/meta/main.yml Failed to find main.yml for role in redhat.rhv.
2026-07-06T03:20:23.432841+00:00 ERROR 'ansible_navigator.actions.collections._parse' /usr/share/ansible/collections/ansible_collections/redhat/rhv/roles/shutdown_env/meta/argument_specs.yml Failed to find argument_specs.yml for role in redhat.rhv.
2026-07-06T03:20:23.432856+00:00 ERROR 'ansible_navigator.actions.collections._parse' /usr/share/ansible/collections/ansible_collections/redhat/rhv/roles/shutdown_env/meta/main.yml Failed to find main.yml for role in redhat.rhv.
2026-07-06T03:20:23.432871+00:00 ERROR 'ansible_navigator.actions.collections._parse' /usr/share/ansible/collections/ansible_collections/redhat/rhv/roles/hosted_engine_setup/meta/argument_specs.yml Failed to find argument_specs.yml for role in redhat.rhv.
2026-07-06T03:20:23.432885+00:00 ERROR 'ansible_navigator.actions.collections._parse' /usr/share/ansible/collections/ansible_collections/redhat/rhv/roles/hosted_engine_setup/meta/main.yml Failed to find main.yml for role in redhat.rhv.
2026-07-06T03:20:23.432900+00:00 ERROR 'ansible_navigator.actions.collections._parse' /usr/share/ansible/collections/ansible_collections/redhat/rhv/roles/remove_stale_lun/meta/argument_specs.yml Failed to find argument_specs.yml for role in redhat.rhv.
2026-07-06T03:20:23.432915+00:00 ERROR 'ansible_navigator.actions.collections._parse' /usr/share/ansible/collections/ansible_collections/redhat/rhv/roles/remove_stale_lun/meta/main.yml Failed to find main.yml for role in redhat.rhv.
2026-07-06T03:20:23.432929+00:00 ERROR 'ansible_navigator.actions.collections._parse' /usr/share/ansible/collections/ansible_collections/redhat/rhv/roles/infra/meta/argument_specs.yml Failed to find argument_specs.yml for role in redhat.rhv.
2026-07-06T03:20:23.432946+00:00 ERROR 'ansible_navigator.actions.collections._parse' /usr/share/ansible/collections/ansible_collections/redhat/rhv/roles/infra/meta/main.yml Failed to find main.yml for role in redhat.rhv.
2026-07-06T03:20:23.432961+00:00 ERROR 'ansible_navigator.actions.collections._parse' /usr/share/ansible/collections/ansible_collections/redhat/rhv/roles/disaster_recovery/meta/argument_specs.yml Failed to find argument_specs.yml for role in redhat.rhv.
2026-07-06T03:20:23.432975+00:00 ERROR 'ansible_navigator.actions.collections._parse' /usr/share/ansible/collections/ansible_collections/redhat/rhv/roles/disaster_recovery/meta/main.yml Failed to find main.yml for role in redhat.rhv.
2026-07-06T03:20:23.432990+00:00 ERROR 'ansible_navigator.actions.collections._parse' /usr/share/ansible/collections/ansible_collections/redhat/rhel_idm/roles/ipasmartcard_server/meta/argument_specs.yml Failed to find argument_specs.yml for role in redhat.rhel_idm.
2026-07-06T03:20:23.433005+00:00 ERROR 'ansible_navigator.actions.collections._parse' /usr/share/ansible/collections/ansible_collections/redhat/rhel_idm/roles/ipabackup/meta/argument_specs.yml Failed to find argument_specs.yml for role in redhat.rhel_idm.
2026-07-06T03:20:23.433019+00:00 ERROR 'ansible_navigator.actions.collections._parse' /usr/share/ansible/collections/ansible_collections/redhat/rhel_idm/roles/ipareplica/meta/argument_specs.yml Failed to find argument_specs.yml for role in redhat.rhel_idm.
2026-07-06T03:20:23.433033+00:00 ERROR 'ansible_navigator.actions.collections._parse' /usr/share/ansible/collections/ansible_collections/redhat/rhel_idm/roles/ipasmartcard_client/meta/argument_specs.yml Failed to find argument_specs.yml for role in redhat.rhel_idm.
2026-07-06T03:20:23.433048+00:00 ERROR 'ansible_navigator.actions.collections._parse' /usr/share/ansible/collections/ansible_collections/redhat/rhel_idm/roles/ipaserver/meta/argument_specs.yml Failed to find argument_specs.yml for role in redhat.rhel_idm.
2026-07-06T03:20:23.433062+00:00 ERROR 'ansible_navigator.actions.collections._parse' /usr/share/ansible/collections/ansible_collections/redhat/rhel_idm/roles/ipaclient/meta/argument_specs.yml Failed to find argument_specs.yml for role in redhat.rhel_idm.
2026-07-06T03:20:23.433081+00:00 ERROR 'ansible_navigator.actions.collections._parse' /usr/share/ansible/collections/ansible_collections/redhat/satellite_operations/roles/capsule_certs_generate/meta/argument_specs.yml Failed to find argument_specs.yml for role in redhat.satellite_operations.
2026-07-06T03:20:23.433103+00:00 ERROR 'ansible_navigator.actions.collections._parse' /usr/share/ansible/collections/ansible_collections/redhat/satellite_operations/roles/capsule_certs_generate/meta/main.yml Failed to find main.yml for role in redhat.satellite_operations.
2026-07-06T03:20:23.433123+00:00 ERROR 'ansible_navigator.actions.collections._parse' /usr/share/ansible/collections/ansible_collections/redhat/satellite_operations/roles/backup/meta/argument_specs.yml Failed to find argument_specs.yml for role in redhat.satellite_operations.
2026-07-06T03:20:23.433143+00:00 ERROR 'ansible_navigator.actions.collections._parse' /usr/share/ansible/collections/ansible_collections/redhat/satellite_operations/roles/backup/meta/main.yml Failed to find main.yml for role in redhat.satellite_operations.
2026-07-06T03:20:23.433163+00:00 ERROR 'ansible_navigator.actions.collections._parse' /usr/share/ansible/collections/ansible_collections/redhat/satellite_operations/roles/installer/meta/argument_specs.yml Failed to find argument_specs.yml for role in redhat.satellite_operations.
2026-07-06T03:20:23.433183+00:00 ERROR 'ansible_navigator.actions.collections._parse' /usr/share/ansible/collections/ansible_collections/redhat/satellite_operations/roles/installer/meta/main.yml Failed to find main.yml for role in redhat.satellite_operations.
2026-07-06T03:20:23.433203+00:00 ERROR 'ansible_navigator.actions.collections._parse' /usr/share/ansible/collections/ansible_collections/redhat/satellite_operations/roles/cloud_connector/meta/argument_specs.yml Failed to find argument_specs.yml for role in redhat.satellite_operations.
2026-07-06T03:20:23.433242+00:00 ERROR 'ansible_navigator.actions.collections._parse' /usr/share/ansible/collections/ansible_collections/redhat/satellite_operations/roles/cloud_connector/meta/main.yml Failed to find main.yml for role in redhat.satellite_operations.
2026-07-06T03:20:23.433263+00:00 ERROR 'ansible_navigator.actions.collections._parse' /usr/share/ansible/collections/ansible_collections/redhat/rhel_system_roles/roles/private_metrics_subrole_grafana/meta/argument_specs.yml Failed to find argument_specs.yml for role in redhat.rhel_system_roles.
2026-07-06T03:20:23.433278+00:00 ERROR 'ansible_navigator.actions.collections._parse' /usr/share/ansible/collections/ansible_collections/redhat/rhel_system_roles/roles/private_metrics_subrole_keyserver/meta/argument_specs.yml Failed to find argument_specs.yml for role in redhat.rhel_system_roles.
2026-07-06T03:20:23.433292+00:00 ERROR 'ansible_navigator.actions.collections._parse' /usr/share/ansible/collections/ansible_collections/redhat/rhel_system_roles/roles/storage/meta/argument_specs.yml Failed to find argument_specs.yml for role in redhat.rhel_system_roles.
2026-07-06T03:20:23.433307+00:00 ERROR 'ansible_navigator.actions.collections._parse' /usr/share/ansible/collections/ansible_collections/redhat/rhel_system_roles/roles/rhc/meta/argument_specs.yml Failed to find argument_specs.yml for role in redhat.rhel_system_roles.
2026-07-06T03:20:23.433322+00:00 ERROR 'ansible_navigator.actions.collections._parse' /usr/share/ansible/collections/ansible_collections/redhat/rhel_system_roles/roles/podman/meta/argument_specs.yml Failed to find argument_specs.yml for role in redhat.rhel_system_roles.
2026-07-06T03:20:23.433336+00:00 ERROR 'ansible_navigator.actions.collections._parse' /usr/share/ansible/collections/ansible_collections/redhat/rhel_system_roles/roles/nbde_server/meta/argument_specs.yml Failed to find argument_specs.yml for role in redhat.rhel_system_roles.
2026-07-06T03:20:23.433351+00:00 ERROR 'ansible_navigator.actions.collections._parse' /usr/share/ansible/collections/ansible_collections/redhat/rhel_system_roles/roles/private_metrics_subrole_mssql/meta/argument_specs.yml Failed to find argument_specs.yml for role in redhat.rhel_system_roles.
2026-07-06T03:20:23.433365+00:00 ERROR 'ansible_navigator.actions.collections._parse' /usr/share/ansible/collections/ansible_collections/redhat/rhel_system_roles/roles/cockpit/meta/argument_specs.yml Failed to find argument_specs.yml for role in redhat.rhel_system_roles.
2026-07-06T03:20:23.433395+00:00 ERROR 'ansible_navigator.actions.collections._parse' /usr/share/ansible/collections/ansible_collections/redhat/rhel_system_roles/roles/postfix/meta/argument_specs.yml Failed to find argument_specs.yml for role in redhat.rhel_system_roles.
2026-07-06T03:20:23.433410+00:00 ERROR 'ansible_navigator.actions.collections._parse' /usr/share/ansible/collections/ansible_collections/redhat/rhel_system_roles/roles/tlog/meta/argument_specs.yml Failed to find argument_specs.yml for role in redhat.rhel_system_roles.
2026-07-06T03:20:23.433425+00:00 ERROR 'ansible_navigator.actions.collections._parse' /usr/share/ansible/collections/ansible_collections/redhat/rhel_system_roles/roles/ssh/meta/argument_specs.yml Failed to find argument_specs.yml for role in redhat.rhel_system_roles.
2026-07-06T03:20:23.433439+00:00 ERROR 'ansible_navigator.actions.collections._parse' /usr/share/ansible/collections/ansible_collections/redhat/rhel_system_roles/roles/bootloader/meta/argument_specs.yml Failed to find argument_specs.yml for role in redhat.rhel_system_roles.
2026-07-06T03:20:23.433454+00:00 ERROR 'ansible_navigator.actions.collections._parse' /usr/share/ansible/collections/ansible_collections/redhat/rhel_system_roles/roles/keylime_server/meta/argument_specs.yml Failed to find argument_specs.yml for role in redhat.rhel_system_roles.
2026-07-06T03:20:23.433476+00:00 ERROR 'ansible_navigator.actions.collections._parse' /usr/share/ansible/collections/ansible_collections/redhat/rhel_system_roles/roles/certificate/meta/argument_specs.yml Failed to find argument_specs.yml for role in redhat.rhel_system_roles.
2026-07-06T03:20:23.433491+00:00 ERROR 'ansible_navigator.actions.collections._parse' /usr/share/ansible/collections/ansible_collections/redhat/rhel_system_roles/roles/nbde_client/meta/argument_specs.yml Failed to find argument_specs.yml for role in redhat.rhel_system_roles.
2026-07-06T03:20:23.433506+00:00 ERROR 'ansible_navigator.actions.collections._parse' /usr/share/ansible/collections/ansible_collections/redhat/rhel_system_roles/roles/sudo/meta/argument_specs.yml Failed to find argument_specs.yml for role in redhat.rhel_system_roles.
2026-07-06T03:20:23.433520+00:00 ERROR 'ansible_navigator.actions.collections._parse' /usr/share/ansible/collections/ansible_collections/redhat/rhel_system_roles/roles/sshd/meta/argument_specs.yml Failed to find argument_specs.yml for role in redhat.rhel_system_roles.
2026-07-06T03:20:23.433534+00:00 ERROR 'ansible_navigator.actions.collections._parse' /usr/share/ansible/collections/ansible_collections/redhat/rhel_system_roles/roles/private_metrics_subrole_repository/meta/argument_specs.yml Failed to find argument_specs.yml for role in redhat.rhel_system_roles.
2026-07-06T03:20:23.433549+00:00 ERROR 'ansible_navigator.actions.collections._parse' /usr/share/ansible/collections/ansible_collections/redhat/rhel_system_roles/roles/private_metrics_subrole_elasticsearch/meta/argument_specs.yml Failed to find argument_specs.yml for role in redhat.rhel_system_roles.
2026-07-06T03:20:23.433564+00:00 ERROR 'ansible_navigator.actions.collections._parse' /usr/share/ansible/collections/ansible_collections/redhat/rhel_system_roles/roles/systemd/meta/argument_specs.yml Failed to find argument_specs.yml for role in redhat.rhel_system_roles.
2026-07-06T03:20:23.433578+00:00 ERROR 'ansible_navigator.actions.collections._parse' /usr/share/ansible/collections/ansible_collections/redhat/rhel_system_roles/roles/private_metrics_subrole_bpftrace/meta/argument_specs.yml Failed to find argument_specs.yml for role in redhat.rhel_system_roles.
2026-07-06T03:20:23.433593+00:00 ERROR 'ansible_navigator.actions.collections._parse' /usr/share/ansible/collections/ansible_collections/redhat/rhel_system_roles/roles/firewall/meta/argument_specs.yml Failed to find argument_specs.yml for role in redhat.rhel_system_roles.
2026-07-06T03:20:23.433607+00:00 ERROR 'ansible_navigator.actions.collections._parse' /usr/share/ansible/collections/ansible_collections/redhat/rhel_system_roles/roles/vpn/meta/argument_specs.yml Failed to find argument_specs.yml for role in redhat.rhel_system_roles.
2026-07-06T03:20:23.433622+00:00 ERROR 'ansible_navigator.actions.collections._parse' /usr/share/ansible/collections/ansible_collections/redhat/rhel_system_roles/roles/network/meta/argument_specs.yml Failed to find argument_specs.yml for role in redhat.rhel_system_roles.
2026-07-06T03:20:23.433636+00:00 ERROR 'ansible_navigator.actions.collections._parse' /usr/share/ansible/collections/ansible_collections/redhat/rhel_system_roles/roles/private_metrics_subrole_spark/meta/argument_specs.yml Failed to find argument_specs.yml for role in redhat.rhel_system_roles.
2026-07-06T03:20:23.433651+00:00 ERROR 'ansible_navigator.actions.collections._parse' /usr/share/ansible/collections/ansible_collections/redhat/rhel_system_roles/roles/private_metrics_subrole_pcp/meta/argument_specs.yml Failed to find argument_specs.yml for role in redhat.rhel_system_roles.
2026-07-06T03:20:23.433668+00:00 ERROR 'ansible_navigator.actions.collections._parse' /usr/share/ansible/collections/ansible_collections/redhat/rhel_system_roles/roles/metrics/meta/argument_specs.yml Failed to find argument_specs.yml for role in redhat.rhel_system_roles.
2026-07-06T03:20:23.433693+00:00 ERROR 'ansible_navigator.actions.collections._parse' /usr/share/ansible/collections/ansible_collections/redhat/rhel_system_roles/roles/crypto_policies/meta/argument_specs.yml Failed to find argument_specs.yml for role in redhat.rhel_system_roles.
2026-07-06T03:20:23.433711+00:00 ERROR 'ansible_navigator.actions.collections._parse' /usr/share/ansible/collections/ansible_collections/redhat/rhel_system_roles/roles/journald/meta/argument_specs.yml Failed to find argument_specs.yml for role in redhat.rhel_system_roles.
2026-07-06T03:20:23.433727+00:00 ERROR 'ansible_navigator.actions.collections._parse' /usr/share/ansible/collections/ansible_collections/redhat/rhel_system_roles/roles/postgresql/meta/argument_specs.yml Failed to find argument_specs.yml for role in redhat.rhel_system_roles.
2026-07-06T03:20:23.433741+00:00 ERROR 'ansible_navigator.actions.collections._parse' /usr/share/ansible/collections/ansible_collections/redhat/rhel_system_roles/roles/logging/meta/argument_specs.yml Failed to find argument_specs.yml for role in redhat.rhel_system_roles.
2026-07-06T03:20:23.433756+00:00 ERROR 'ansible_navigator.actions.collections._parse' /usr/share/ansible/collections/ansible_collections/redhat/rhel_system_roles/roles/selinux/meta/argument_specs.yml Failed to find argument_specs.yml for role in redhat.rhel_system_roles.
2026-07-06T03:20:23.433770+00:00 ERROR 'ansible_navigator.actions.collections._parse' /usr/share/ansible/collections/ansible_collections/redhat/rhel_system_roles/roles/aide/meta/argument_specs.yml Failed to find argument_specs.yml for role in redhat.rhel_system_roles.
2026-07-06T03:20:23.433784+00:00 ERROR 'ansible_navigator.actions.collections._parse' /usr/share/ansible/collections/ansible_collections/redhat/rhel_system_roles/roles/timesync/meta/argument_specs.yml Failed to find argument_specs.yml for role in redhat.rhel_system_roles.
2026-07-06T03:20:23.433798+00:00 ERROR 'ansible_navigator.actions.collections._parse' /usr/share/ansible/collections/ansible_collections/redhat/rhel_system_roles/roles/private_metrics_subrole_postfix/meta/argument_specs.yml Failed to find argument_specs.yml for role in redhat.rhel_system_roles.
2026-07-06T03:20:23.433813+00:00 ERROR 'ansible_navigator.actions.collections._parse' /usr/share/ansible/collections/ansible_collections/redhat/rhel_system_roles/roles/ha_cluster/meta/argument_specs.yml Failed to find argument_specs.yml for role in redhat.rhel_system_roles.
2026-07-06T03:20:23.433827+00:00 ERROR 'ansible_navigator.actions.collections._parse' /usr/share/ansible/collections/ansible_collections/redhat/rhel_system_roles/roles/kdump/meta/argument_specs.yml Failed to find argument_specs.yml for role in redhat.rhel_system_roles.
2026-07-06T03:20:23.433842+00:00 ERROR 'ansible_navigator.actions.collections._parse' /usr/share/ansible/collections/ansible_collections/redhat/rhel_system_roles/roles/kernel_settings/meta/argument_specs.yml Failed to find argument_specs.yml for role in redhat.rhel_system_roles.
2026-07-06T03:20:23.433856+00:00 ERROR 'ansible_navigator.actions.collections._parse' /usr/share/ansible/collections/ansible_collections/redhat/rhel_system_roles/roles/ad_integration/meta/argument_specs.yml Failed to find argument_specs.yml for role in redhat.rhel_system_roles.
2026-07-06T03:20:23.433870+00:00 ERROR 'ansible_navigator.actions.collections._parse' /usr/share/ansible/collections/ansible_collections/redhat/rhel_system_roles/roles/private_logging_subrole_rsyslog/meta/argument_specs.yml Failed to find argument_specs.yml for role in redhat.rhel_system_roles.
2026-07-06T03:20:23.433885+00:00 ERROR 'ansible_navigator.actions.collections._parse' /usr/share/ansible/collections/ansible_collections/redhat/rhel_system_roles/roles/snapshot/meta/argument_specs.yml Failed to find argument_specs.yml for role in redhat.rhel_system_roles.
2026-07-06T03:20:23.433899+00:00 ERROR 'ansible_navigator.actions.collections._parse' /usr/share/ansible/collections/ansible_collections/redhat/rhel_system_roles/roles/fapolicyd/meta/argument_specs.yml Failed to find argument_specs.yml for role in redhat.rhel_system_roles.
2026-07-06T03:20:23.433913+00:00 ERROR 'ansible_navigator.actions.collections._parse' /usr/share/ansible/collections/ansible_collections/redhat/insights/roles/compliance/meta/argument_specs.yml Failed to find argument_specs.yml for role in redhat.insights.
2026-07-06T03:20:23.433929+00:00 ERROR 'ansible_navigator.actions.collections._parse' /usr/share/ansible/collections/ansible_collections/redhat/insights/roles/insights_client/meta/argument_specs.yml Failed to find argument_specs.yml for role in redhat.insights.
2026-07-06T03:20:23.433953+00:00 ERROR 'ansible_navigator.actions.collections._parse' /usr/share/ansible/collections/ansible_collections/redhat/satellite/roles/compute_profiles/meta/argument_specs.yml Failed to find argument_specs.yml for role in redhat.satellite.
2026-07-06T03:20:23.433975+00:00 ERROR 'ansible_navigator.actions.collections._parse' /usr/share/ansible/collections/ansible_collections/redhat/satellite/roles/compute_profiles/meta/main.yml Failed to find main.yml for role in redhat.satellite.
2026-07-06T03:20:23.433999+00:00 ERROR 'ansible_navigator.actions.collections._parse' /usr/share/ansible/collections/ansible_collections/redhat/satellite/roles/content_views/meta/argument_specs.yml Failed to find argument_specs.yml for role in redhat.satellite.
2026-07-06T03:20:23.434015+00:00 ERROR 'ansible_navigator.actions.collections._parse' /usr/share/ansible/collections/ansible_collections/redhat/satellite/roles/content_views/meta/main.yml Failed to find main.yml for role in redhat.satellite.
2026-07-06T03:20:23.434030+00:00 ERROR 'ansible_navigator.actions.collections._parse' /usr/share/ansible/collections/ansible_collections/redhat/satellite/roles/activation_keys/meta/argument_specs.yml Failed to find argument_specs.yml for role in redhat.satellite.
2026-07-06T03:20:23.434045+00:00 ERROR 'ansible_navigator.actions.collections._parse' /usr/share/ansible/collections/ansible_collections/redhat/satellite/roles/activation_keys/meta/main.yml Failed to find main.yml for role in redhat.satellite.
2026-07-06T03:20:23.434059+00:00 ERROR 'ansible_navigator.actions.collections._parse' /usr/share/ansible/collections/ansible_collections/redhat/satellite/roles/sync_plans/meta/argument_specs.yml Failed to find argument_specs.yml for role in redhat.satellite.
2026-07-06T03:20:23.434074+00:00 ERROR 'ansible_navigator.actions.collections._parse' /usr/share/ansible/collections/ansible_collections/redhat/satellite/roles/sync_plans/meta/main.yml Failed to find main.yml for role in redhat.satellite.
2026-07-06T03:20:23.434088+00:00 ERROR 'ansible_navigator.actions.collections._parse' /usr/share/ansible/collections/ansible_collections/redhat/satellite/roles/content_rhel/meta/argument_specs.yml Failed to find argument_specs.yml for role in redhat.satellite.
2026-07-06T03:20:23.434103+00:00 ERROR 'ansible_navigator.actions.collections._parse' /usr/share/ansible/collections/ansible_collections/redhat/satellite/roles/content_rhel/meta/main.yml Failed to find main.yml for role in redhat.satellite.
2026-07-06T03:20:23.434117+00:00 ERROR 'ansible_navigator.actions.collections._parse' /usr/share/ansible/collections/ansible_collections/redhat/satellite/roles/convert2rhel/meta/argument_specs.yml Failed to find argument_specs.yml for role in redhat.satellite.
2026-07-06T03:20:23.434132+00:00 ERROR 'ansible_navigator.actions.collections._parse' /usr/share/ansible/collections/ansible_collections/redhat/satellite/roles/convert2rhel/meta/main.yml Failed to find main.yml for role in redhat.satellite.
2026-07-06T03:20:23.434146+00:00 ERROR 'ansible_navigator.actions.collections._parse' /usr/share/ansible/collections/ansible_collections/redhat/satellite/roles/repositories/meta/argument_specs.yml Failed to find argument_specs.yml for role in redhat.satellite.
2026-07-06T03:20:23.434160+00:00 ERROR 'ansible_navigator.actions.collections._parse' /usr/share/ansible/collections/ansible_collections/redhat/satellite/roles/repositories/meta/main.yml Failed to find main.yml for role in redhat.satellite.
2026-07-06T03:20:23.434175+00:00 ERROR 'ansible_navigator.actions.collections._parse' /usr/share/ansible/collections/ansible_collections/redhat/satellite/roles/manifest/meta/argument_specs.yml Failed to find argument_specs.yml for role in redhat.satellite.
2026-07-06T03:20:23.434192+00:00 ERROR 'ansible_navigator.actions.collections._parse' /usr/share/ansible/collections/ansible_collections/redhat/satellite/roles/manifest/meta/main.yml Failed to find main.yml for role in redhat.satellite.
2026-07-06T03:20:23.434206+00:00 ERROR 'ansible_navigator.actions.collections._parse' /usr/share/ansible/collections/ansible_collections/redhat/satellite/roles/auth_sources_ldap/meta/argument_specs.yml Failed to find argument_specs.yml for role in redhat.satellite.
2026-07-06T03:20:23.434221+00:00 ERROR 'ansible_navigator.actions.collections._parse' /usr/share/ansible/collections/ansible_collections/redhat/satellite/roles/auth_sources_ldap/meta/main.yml Failed to find main.yml for role in redhat.satellite.
2026-07-06T03:20:23.434235+00:00 ERROR 'ansible_navigator.actions.collections._parse' /usr/share/ansible/collections/ansible_collections/redhat/satellite/roles/content_credentials/meta/argument_specs.yml Failed to find argument_specs.yml for role in redhat.satellite.
2026-07-06T03:20:23.434249+00:00 ERROR 'ansible_navigator.actions.collections._parse' /usr/share/ansible/collections/ansible_collections/redhat/satellite/roles/content_credentials/meta/main.yml Failed to find main.yml for role in redhat.satellite.
2026-07-06T03:20:23.434263+00:00 ERROR 'ansible_navigator.actions.collections._parse' /usr/share/ansible/collections/ansible_collections/redhat/satellite/roles/content_view_version_cleanup/meta/argument_specs.yml Failed to find argument_specs.yml for role in redhat.satellite.
2026-07-06T03:20:23.434278+00:00 ERROR 'ansible_navigator.actions.collections._parse' /usr/share/ansible/collections/ansible_collections/redhat/satellite/roles/content_view_version_cleanup/meta/main.yml Failed to find main.yml for role in redhat.satellite.
2026-07-06T03:20:23.434292+00:00 ERROR 'ansible_navigator.actions.collections._parse' /usr/share/ansible/collections/ansible_collections/redhat/satellite/roles/hostgroups/meta/argument_specs.yml Failed to find argument_specs.yml for role in redhat.satellite.
2026-07-06T03:20:23.434307+00:00 ERROR 'ansible_navigator.actions.collections._parse' /usr/share/ansible/collections/ansible_collections/redhat/satellite/roles/hostgroups/meta/main.yml Failed to find main.yml for role in redhat.satellite.
2026-07-06T03:20:23.434320+00:00 ERROR 'ansible_navigator.actions.collections._parse' /usr/share/ansible/collections/ansible_collections/redhat/satellite/roles/settings/meta/argument_specs.yml Failed to find argument_specs.yml for role in redhat.satellite.
2026-07-06T03:20:23.434335+00:00 ERROR 'ansible_navigator.actions.collections._parse' /usr/share/ansible/collections/ansible_collections/redhat/satellite/roles/settings/meta/main.yml Failed to find main.yml for role in redhat.satellite.
2026-07-06T03:20:23.434349+00:00 ERROR 'ansible_navigator.actions.collections._parse' /usr/share/ansible/collections/ansible_collections/redhat/satellite/roles/compute_resources/meta/argument_specs.yml Failed to find argument_specs.yml for role in redhat.satellite.
2026-07-06T03:20:23.434363+00:00 ERROR 'ansible_navigator.actions.collections._parse' /usr/share/ansible/collections/ansible_collections/redhat/satellite/roles/compute_resources/meta/main.yml Failed to find main.yml for role in redhat.satellite.
2026-07-06T03:20:23.434399+00:00 ERROR 'ansible_navigator.actions.collections._parse' /usr/share/ansible/collections/ansible_collections/redhat/satellite/roles/provisioning_templates/meta/argument_specs.yml Failed to find argument_specs.yml for role in redhat.satellite.
2026-07-06T03:20:23.434414+00:00 ERROR 'ansible_navigator.actions.collections._parse' /usr/share/ansible/collections/ansible_collections/redhat/satellite/roles/provisioning_templates/meta/main.yml Failed to find main.yml for role in redhat.satellite.
2026-07-06T03:20:23.434429+00:00 ERROR 'ansible_navigator.actions.collections._parse' /usr/share/ansible/collections/ansible_collections/redhat/satellite/roles/content_view_publish/meta/argument_specs.yml Failed to find argument_specs.yml for role in redhat.satellite.
2026-07-06T03:20:23.434446+00:00 ERROR 'ansible_navigator.actions.collections._parse' /usr/share/ansible/collections/ansible_collections/redhat/satellite/roles/content_view_publish/meta/main.yml Failed to find main.yml for role in redhat.satellite.
2026-07-06T03:20:23.434460+00:00 ERROR 'ansible_navigator.actions.collections._parse' /usr/share/ansible/collections/ansible_collections/redhat/satellite/roles/operatingsystems/meta/argument_specs.yml Failed to find argument_specs.yml for role in redhat.satellite.
2026-07-06T03:20:23.434475+00:00 ERROR 'ansible_navigator.actions.collections._parse' /usr/share/ansible/collections/ansible_collections/redhat/satellite/roles/operatingsystems/meta/main.yml Failed to find main.yml for role in redhat.satellite.
2026-07-06T03:20:23.434489+00:00 ERROR 'ansible_navigator.actions.collections._parse' /usr/share/ansible/collections/ansible_collections/redhat/satellite/roles/subnets/meta/argument_specs.yml Failed to find argument_specs.yml for role in redhat.satellite.
2026-07-06T03:20:23.434504+00:00 ERROR 'ansible_navigator.actions.collections._parse' /usr/share/ansible/collections/ansible_collections/redhat/satellite/roles/subnets/meta/main.yml Failed to find main.yml for role in redhat.satellite.
2026-07-06T03:20:23.434518+00:00 ERROR 'ansible_navigator.actions.collections._parse' /usr/share/ansible/collections/ansible_collections/redhat/satellite/roles/organizations/meta/argument_specs.yml Failed to find argument_specs.yml for role in redhat.satellite.
2026-07-06T03:20:23.434534+00:00 ERROR 'ansible_navigator.actions.collections._parse' /usr/share/ansible/collections/ansible_collections/redhat/satellite/roles/organizations/meta/main.yml Failed to find main.yml for role in redhat.satellite.
2026-07-06T03:20:23.434548+00:00 ERROR 'ansible_navigator.actions.collections._parse' /usr/share/ansible/collections/ansible_collections/redhat/satellite/roles/lifecycle_environments/meta/argument_specs.yml Failed to find argument_specs.yml for role in redhat.satellite.
2026-07-06T03:20:23.434562+00:00 ERROR 'ansible_navigator.actions.collections._parse' /usr/share/ansible/collections/ansible_collections/redhat/satellite/roles/lifecycle_environments/meta/main.yml Failed to find main.yml for role in redhat.satellite.
2026-07-06T03:20:23.434577+00:00 ERROR 'ansible_navigator.actions.collections._parse' /usr/share/ansible/collections/ansible_collections/redhat/satellite/roles/domains/meta/argument_specs.yml Failed to find argument_specs.yml for role in redhat.satellite.
2026-07-06T03:20:23.434591+00:00 ERROR 'ansible_navigator.actions.collections._parse' /usr/share/ansible/collections/ansible_collections/redhat/satellite/roles/domains/meta/main.yml Failed to find main.yml for role in redhat.satellite.
2026-07-06T03:25:43.825744+00:00 ERROR 'ansible_navigator.actions.collections._parse' /workspaces/ansible/collections/ansible_collections/community/cassandra/roles/cassandra_firewall/meta/argument_specs.yml Failed to find argument_specs.yml for role in community.cassandra.
2026-07-06T03:25:43.826570+00:00 ERROR 'ansible_navigator.actions.collections._parse' /workspaces/ansible/collections/ansible_collections/community/cassandra/roles/cassandra_install/meta/argument_specs.yml Failed to find argument_specs.yml for role in community.cassandra.
2026-07-06T03:25:43.826672+00:00 ERROR 'ansible_navigator.actions.collections._parse' /workspaces/ansible/collections/ansible_collections/community/cassandra/roles/cassandra_linux/meta/argument_specs.yml Failed to find argument_specs.yml for role in community.cassandra.
2026-07-06T03:25:43.826730+00:00 ERROR 'ansible_navigator.actions.collections._parse' /workspaces/ansible/collections/ansible_collections/community/cassandra/roles/cassandra_repository/meta/argument_specs.yml Failed to find argument_specs.yml for role in community.cassandra.
2026-07-06T03:25:43.826760+00:00 ERROR 'ansible_navigator.actions.collections._parse' /workspaces/ansible/collections/ansible_collections/community/grafana/roles/grafana/meta/argument_specs.yml Failed to find argument_specs.yml for role in community.grafana.
2026-07-06T03:25:43.826794+00:00 ERROR 'ansible_navigator.actions.collections._parse' /workspaces/ansible/collections/ansible_collections/redhatofficial/rhel_hardening_roles/roles/rhel9_stig_gui/meta/argument_specs.yml Failed to find argument_specs.yml for role in redhatofficial.rhel_hardening_roles.
2026-07-06T03:25:43.826820+00:00 ERROR 'ansible_navigator.actions.collections._parse' /workspaces/ansible/collections/ansible_collections/redhatofficial/rhel_hardening_roles/roles/rhel9_stig/meta/argument_specs.yml Failed to find argument_specs.yml for role in redhatofficial.rhel_hardening_roles.
2026-07-06T03:25:43.826854+00:00 ERROR 'ansible_navigator.actions.collections._parse' /workspaces/ansible/collections/ansible_collections/redhatofficial/rhel_hardening_roles/roles/rhel9_pci_dss/meta/argument_specs.yml Failed to find argument_specs.yml for role in redhatofficial.rhel_hardening_roles.
2026-07-06T03:25:43.826901+00:00 ERROR 'ansible_navigator.actions.collections._parse' /workspaces/ansible/collections/ansible_collections/redhatofficial/rhel_hardening_roles/roles/rhel9_ospp/meta/argument_specs.yml Failed to find argument_specs.yml for role in redhatofficial.rhel_hardening_roles.
2026-07-06T03:25:43.826923+00:00 ERROR 'ansible_navigator.actions.collections._parse' /workspaces/ansible/collections/ansible_collections/redhatofficial/rhel_hardening_roles/roles/rhel9_ism_o/meta/argument_specs.yml Failed to find argument_specs.yml for role in redhatofficial.rhel_hardening_roles.
2026-07-06T03:25:43.826941+00:00 ERROR 'ansible_navigator.actions.collections._parse' /workspaces/ansible/collections/ansible_collections/redhatofficial/rhel_hardening_roles/roles/rhel9_hipaa/meta/argument_specs.yml Failed to find argument_specs.yml for role in redhatofficial.rhel_hardening_roles.
2026-07-06T03:25:43.826958+00:00 ERROR 'ansible_navigator.actions.collections._parse' /workspaces/ansible/collections/ansible_collections/redhatofficial/rhel_hardening_roles/roles/rhel9_e8/meta/argument_specs.yml Failed to find argument_specs.yml for role in redhatofficial.rhel_hardening_roles.
2026-07-06T03:25:43.826975+00:00 ERROR 'ansible_navigator.actions.collections._parse' /workspaces/ansible/collections/ansible_collections/redhatofficial/rhel_hardening_roles/roles/rhel9_cui/meta/argument_specs.yml Failed to find argument_specs.yml for role in redhatofficial.rhel_hardening_roles.
2026-07-06T03:25:43.826990+00:00 ERROR 'ansible_navigator.actions.collections._parse' /workspaces/ansible/collections/ansible_collections/redhatofficial/rhel_hardening_roles/roles/rhel9_cis_workstation_l2/meta/argument_specs.yml Failed to find argument_specs.yml for role in redhatofficial.rhel_hardening_roles.
2026-07-06T03:25:43.827015+00:00 ERROR 'ansible_navigator.actions.collections._parse' /workspaces/ansible/collections/ansible_collections/redhatofficial/rhel_hardening_roles/roles/rhel9_cis_workstation_l1/meta/argument_specs.yml Failed to find argument_specs.yml for role in redhatofficial.rhel_hardening_roles.
2026-07-06T03:25:43.827032+00:00 ERROR 'ansible_navigator.actions.collections._parse' /workspaces/ansible/collections/ansible_collections/redhatofficial/rhel_hardening_roles/roles/rhel9_cis_server_l1/meta/argument_specs.yml Failed to find argument_specs.yml for role in redhatofficial.rhel_hardening_roles.
2026-07-06T03:25:43.827049+00:00 ERROR 'ansible_navigator.actions.collections._parse' /workspaces/ansible/collections/ansible_collections/redhatofficial/rhel_hardening_roles/roles/rhel9_cis/meta/argument_specs.yml Failed to find argument_specs.yml for role in redhatofficial.rhel_hardening_roles.
2026-07-06T03:25:43.827064+00:00 ERROR 'ansible_navigator.actions.collections._parse' /workspaces/ansible/collections/ansible_collections/redhatofficial/rhel_hardening_roles/roles/rhel9_ccn_intermediate/meta/argument_specs.yml Failed to find argument_specs.yml for role in redhatofficial.rhel_hardening_roles.
2026-07-06T03:25:43.827081+00:00 ERROR 'ansible_navigator.actions.collections._parse' /workspaces/ansible/collections/ansible_collections/redhatofficial/rhel_hardening_roles/roles/rhel9_ccn_basic/meta/argument_specs.yml Failed to find argument_specs.yml for role in redhatofficial.rhel_hardening_roles.
2026-07-06T03:25:43.827102+00:00 ERROR 'ansible_navigator.actions.collections._parse' /workspaces/ansible/collections/ansible_collections/redhatofficial/rhel_hardening_roles/roles/rhel9_ccn_advanced/meta/argument_specs.yml Failed to find argument_specs.yml for role in redhatofficial.rhel_hardening_roles.
2026-07-06T03:25:43.827118+00:00 ERROR 'ansible_navigator.actions.collections._parse' /workspaces/ansible/collections/ansible_collections/redhatofficial/rhel_hardening_roles/roles/rhel9_bsi/meta/argument_specs.yml Failed to find argument_specs.yml for role in redhatofficial.rhel_hardening_roles.
2026-07-06T03:25:43.827132+00:00 ERROR 'ansible_navigator.actions.collections._parse' /workspaces/ansible/collections/ansible_collections/redhatofficial/rhel_hardening_roles/roles/rhel9_anssi_bp28_minimal/meta/argument_specs.yml Failed to find argument_specs.yml for role in redhatofficial.rhel_hardening_roles.
2026-07-06T03:25:43.827147+00:00 ERROR 'ansible_navigator.actions.collections._parse' /workspaces/ansible/collections/ansible_collections/redhatofficial/rhel_hardening_roles/roles/rhel9_anssi_bp28_intermediary/meta/argument_specs.yml Failed to find argument_specs.yml for role in redhatofficial.rhel_hardening_roles.
2026-07-06T03:25:43.827162+00:00 ERROR 'ansible_navigator.actions.collections._parse' /workspaces/ansible/collections/ansible_collections/redhatofficial/rhel_hardening_roles/roles/rhel9_anssi_bp28_high/meta/argument_specs.yml Failed to find argument_specs.yml for role in redhatofficial.rhel_hardening_roles.
2026-07-06T03:25:43.827177+00:00 ERROR 'ansible_navigator.actions.collections._parse' /workspaces/ansible/collections/ansible_collections/redhatofficial/rhel_hardening_roles/roles/rhel9_anssi_bp28_enhanced/meta/argument_specs.yml Failed to find argument_specs.yml for role in redhatofficial.rhel_hardening_roles.
2026-07-06T03:25:43.827193+00:00 ERROR 'ansible_navigator.actions.collections._parse' /workspaces/ansible/collections/ansible_collections/redhatofficial/rhel_hardening_roles/roles/rhel8_stig_gui/meta/argument_specs.yml Failed to find argument_specs.yml for role in redhatofficial.rhel_hardening_roles.
2026-07-06T03:25:43.827208+00:00 ERROR 'ansible_navigator.actions.collections._parse' /workspaces/ansible/collections/ansible_collections/redhatofficial/rhel_hardening_roles/roles/rhel8_stig/meta/argument_specs.yml Failed to find argument_specs.yml for role in redhatofficial.rhel_hardening_roles.
2026-07-06T03:25:43.827223+00:00 ERROR 'ansible_navigator.actions.collections._parse' /workspaces/ansible/collections/ansible_collections/redhatofficial/rhel_hardening_roles/roles/rhel8_pci_dss/meta/argument_specs.yml Failed to find argument_specs.yml for role in redhatofficial.rhel_hardening_roles.
2026-07-06T03:25:43.827238+00:00 ERROR 'ansible_navigator.actions.collections._parse' /workspaces/ansible/collections/ansible_collections/redhatofficial/rhel_hardening_roles/roles/rhel8_ospp/meta/argument_specs.yml Failed to find argument_specs.yml for role in redhatofficial.rhel_hardening_roles.
2026-07-06T03:25:43.827253+00:00 ERROR 'ansible_navigator.actions.collections._parse' /workspaces/ansible/collections/ansible_collections/redhatofficial/rhel_hardening_roles/roles/rhel8_ism_o/meta/argument_specs.yml Failed to find argument_specs.yml for role in redhatofficial.rhel_hardening_roles.
2026-07-06T03:25:43.827268+00:00 ERROR 'ansible_navigator.actions.collections._parse' /workspaces/ansible/collections/ansible_collections/redhatofficial/rhel_hardening_roles/roles/rhel8_hipaa/meta/argument_specs.yml Failed to find argument_specs.yml for role in redhatofficial.rhel_hardening_roles.
2026-07-06T03:25:43.827283+00:00 ERROR 'ansible_navigator.actions.collections._parse' /workspaces/ansible/collections/ansible_collections/redhatofficial/rhel_hardening_roles/roles/rhel8_e8/meta/argument_specs.yml Failed to find argument_specs.yml for role in redhatofficial.rhel_hardening_roles.
2026-07-06T03:25:43.827300+00:00 ERROR 'ansible_navigator.actions.collections._parse' /workspaces/ansible/collections/ansible_collections/redhatofficial/rhel_hardening_roles/roles/rhel8_cui/meta/argument_specs.yml Failed to find argument_specs.yml for role in redhatofficial.rhel_hardening_roles.
2026-07-06T03:25:43.827317+00:00 ERROR 'ansible_navigator.actions.collections._parse' /workspaces/ansible/collections/ansible_collections/redhatofficial/rhel_hardening_roles/roles/rhel8_cis_workstation_l2/meta/argument_specs.yml Failed to find argument_specs.yml for role in redhatofficial.rhel_hardening_roles.
2026-07-06T03:25:43.827333+00:00 ERROR 'ansible_navigator.actions.collections._parse' /workspaces/ansible/collections/ansible_collections/redhatofficial/rhel_hardening_roles/roles/rhel8_cis_workstation_l1/meta/argument_specs.yml Failed to find argument_specs.yml for role in redhatofficial.rhel_hardening_roles.
2026-07-06T03:25:43.827352+00:00 ERROR 'ansible_navigator.actions.collections._parse' /workspaces/ansible/collections/ansible_collections/redhatofficial/rhel_hardening_roles/roles/rhel8_cis_server_l1/meta/argument_specs.yml Failed to find argument_specs.yml for role in redhatofficial.rhel_hardening_roles.
2026-07-06T03:25:43.827380+00:00 ERROR 'ansible_navigator.actions.collections._parse' /workspaces/ansible/collections/ansible_collections/redhatofficial/rhel_hardening_roles/roles/rhel8_cis/meta/argument_specs.yml Failed to find argument_specs.yml for role in redhatofficial.rhel_hardening_roles.
2026-07-06T03:25:43.827399+00:00 ERROR 'ansible_navigator.actions.collections._parse' /workspaces/ansible/collections/ansible_collections/redhatofficial/rhel_hardening_roles/roles/rhel8_anssi_bp28_minimal/meta/argument_specs.yml Failed to find argument_specs.yml for role in redhatofficial.rhel_hardening_roles.
2026-07-06T03:25:43.827414+00:00 ERROR 'ansible_navigator.actions.collections._parse' /workspaces/ansible/collections/ansible_collections/redhatofficial/rhel_hardening_roles/roles/rhel8_anssi_bp28_intermediary/meta/argument_specs.yml Failed to find argument_specs.yml for role in redhatofficial.rhel_hardening_roles.
2026-07-06T03:25:43.827429+00:00 ERROR 'ansible_navigator.actions.collections._parse' /workspaces/ansible/collections/ansible_collections/redhatofficial/rhel_hardening_roles/roles/rhel8_anssi_bp28_high/meta/argument_specs.yml Failed to find argument_specs.yml for role in redhatofficial.rhel_hardening_roles.
2026-07-06T03:25:43.827445+00:00 ERROR 'ansible_navigator.actions.collections._parse' /workspaces/ansible/collections/ansible_collections/redhatofficial/rhel_hardening_roles/roles/rhel8_anssi_bp28_enhanced/meta/argument_specs.yml Failed to find argument_specs.yml for role in redhatofficial.rhel_hardening_roles.
2026-07-06T03:25:43.827460+00:00 ERROR 'ansible_navigator.actions.collections._parse' /workspaces/ansible/collections/ansible_collections/redhatofficial/rhel_hardening_roles/roles/rhel10_stig_gui/meta/argument_specs.yml Failed to find argument_specs.yml for role in redhatofficial.rhel_hardening_roles.
2026-07-06T03:25:43.827476+00:00 ERROR 'ansible_navigator.actions.collections._parse' /workspaces/ansible/collections/ansible_collections/redhatofficial/rhel_hardening_roles/roles/rhel10_stig/meta/argument_specs.yml Failed to find argument_specs.yml for role in redhatofficial.rhel_hardening_roles.
2026-07-06T03:25:43.827490+00:00 ERROR 'ansible_navigator.actions.collections._parse' /workspaces/ansible/collections/ansible_collections/redhatofficial/rhel_hardening_roles/roles/rhel10_pci_dss/meta/argument_specs.yml Failed to find argument_specs.yml for role in redhatofficial.rhel_hardening_roles.
2026-07-06T03:25:43.827505+00:00 ERROR 'ansible_navigator.actions.collections._parse' /workspaces/ansible/collections/ansible_collections/redhatofficial/rhel_hardening_roles/roles/rhel10_ospp/meta/argument_specs.yml Failed to find argument_specs.yml for role in redhatofficial.rhel_hardening_roles.
2026-07-06T03:25:43.827523+00:00 ERROR 'ansible_navigator.actions.collections._parse' /workspaces/ansible/collections/ansible_collections/redhatofficial/rhel_hardening_roles/roles/rhel10_ism_o_top_secret/meta/argument_specs.yml Failed to find argument_specs.yml for role in redhatofficial.rhel_hardening_roles.
2026-07-06T03:25:43.827538+00:00 ERROR 'ansible_navigator.actions.collections._parse' /workspaces/ansible/collections/ansible_collections/redhatofficial/rhel_hardening_roles/roles/rhel10_ism_o_secret/meta/argument_specs.yml Failed to find argument_specs.yml for role in redhatofficial.rhel_hardening_roles.
2026-07-06T03:25:43.827553+00:00 ERROR 'ansible_navigator.actions.collections._parse' /workspaces/ansible/collections/ansible_collections/redhatofficial/rhel_hardening_roles/roles/rhel10_ism_o/meta/argument_specs.yml Failed to find argument_specs.yml for role in redhatofficial.rhel_hardening_roles.
2026-07-06T03:25:43.827567+00:00 ERROR 'ansible_navigator.actions.collections._parse' /workspaces/ansible/collections/ansible_collections/redhatofficial/rhel_hardening_roles/roles/rhel10_hipaa/meta/argument_specs.yml Failed to find argument_specs.yml for role in redhatofficial.rhel_hardening_roles.
2026-07-06T03:25:43.827581+00:00 ERROR 'ansible_navigator.actions.collections._parse' /workspaces/ansible/collections/ansible_collections/redhatofficial/rhel_hardening_roles/roles/rhel10_e8/meta/argument_specs.yml Failed to find argument_specs.yml for role in redhatofficial.rhel_hardening_roles.
2026-07-06T03:25:43.827595+00:00 ERROR 'ansible_navigator.actions.collections._parse' /workspaces/ansible/collections/ansible_collections/redhatofficial/rhel_hardening_roles/roles/rhel10_cis_workstation_l2/meta/argument_specs.yml Failed to find argument_specs.yml for role in redhatofficial.rhel_hardening_roles.
2026-07-06T03:25:43.827610+00:00 ERROR 'ansible_navigator.actions.collections._parse' /workspaces/ansible/collections/ansible_collections/redhatofficial/rhel_hardening_roles/roles/rhel10_cis_workstation_l1/meta/argument_specs.yml Failed to find argument_specs.yml for role in redhatofficial.rhel_hardening_roles.
2026-07-06T03:25:43.827624+00:00 ERROR 'ansible_navigator.actions.collections._parse' /workspaces/ansible/collections/ansible_collections/redhatofficial/rhel_hardening_roles/roles/rhel10_cis_server_l1/meta/argument_specs.yml Failed to find argument_specs.yml for role in redhatofficial.rhel_hardening_roles.
2026-07-06T03:25:43.827638+00:00 ERROR 'ansible_navigator.actions.collections._parse' /workspaces/ansible/collections/ansible_collections/redhatofficial/rhel_hardening_roles/roles/rhel10_cis/meta/argument_specs.yml Failed to find argument_specs.yml for role in redhatofficial.rhel_hardening_roles.
2026-07-06T03:25:43.827652+00:00 ERROR 'ansible_navigator.actions.collections._parse' /workspaces/ansible/collections/ansible_collections/redhatofficial/rhel_hardening_roles/roles/rhel10_bsi/meta/argument_specs.yml Failed to find argument_specs.yml for role in redhatofficial.rhel_hardening_roles.
2026-07-06T03:25:43.827666+00:00 ERROR 'ansible_navigator.actions.collections._parse' /workspaces/ansible/collections/ansible_collections/redhatofficial/rhel_hardening_roles/roles/rhel10_anssi_bp28_minimal/meta/argument_specs.yml Failed to find argument_specs.yml for role in redhatofficial.rhel_hardening_roles.
2026-07-06T03:25:43.827689+00:00 ERROR 'ansible_navigator.actions.collections._parse' /workspaces/ansible/collections/ansible_collections/redhatofficial/rhel_hardening_roles/roles/rhel10_anssi_bp28_intermediary/meta/argument_specs.yml Failed to find argument_specs.yml for role in redhatofficial.rhel_hardening_roles.
2026-07-06T03:25:43.827704+00:00 ERROR 'ansible_navigator.actions.collections._parse' /workspaces/ansible/collections/ansible_collections/redhatofficial/rhel_hardening_roles/roles/rhel10_anssi_bp28_high/meta/argument_specs.yml Failed to find argument_specs.yml for role in redhatofficial.rhel_hardening_roles.
2026-07-06T03:25:43.827719+00:00 ERROR 'ansible_navigator.actions.collections._parse' /workspaces/ansible/collections/ansible_collections/redhatofficial/rhel_hardening_roles/roles/rhel10_anssi_bp28_enhanced/meta/argument_specs.yml Failed to find argument_specs.yml for role in redhatofficial.rhel_hardening_roles.
2026-07-06T03:25:43.827737+00:00 ERROR 'ansible_navigator.actions.collections._parse' /usr/share/ansible/collections/ansible_collections/cloud/terraform/roles/git_plan/meta/main.yml Failed to find main.yml for role in cloud.terraform.
2026-07-06T03:25:43.827752+00:00 ERROR 'ansible_navigator.actions.collections._parse' /usr/share/ansible/collections/ansible_collections/cloud/terraform/roles/inventory_from_outputs/meta/main.yml Failed to find main.yml for role in cloud.terraform.
2026-07-06T03:25:43.827768+00:00 ERROR 'ansible_navigator.actions.collections._parse' /usr/share/ansible/collections/ansible_collections/redhat/sap_install/roles/sap_ha_install_hana_hsr/meta/argument_specs.yml Failed to find argument_specs.yml for role in redhat.sap_install.
2026-07-06T03:25:43.827782+00:00 ERROR 'ansible_navigator.actions.collections._parse' /usr/share/ansible/collections/ansible_collections/redhat/sap_install/roles/sap_swpm/meta/argument_specs.yml Failed to find argument_specs.yml for role in redhat.sap_install.
2026-07-06T03:25:43.827796+00:00 ERROR 'ansible_navigator.actions.collections._parse' /usr/share/ansible/collections/ansible_collections/redhat/sap_install/roles/sap_hana_preconfigure/meta/argument_specs.yml Failed to find argument_specs.yml for role in redhat.sap_install.
2026-07-06T03:25:43.827811+00:00 ERROR 'ansible_navigator.actions.collections._parse' /usr/share/ansible/collections/ansible_collections/redhat/sap_install/roles/sap_netweaver_preconfigure/meta/argument_specs.yml Failed to find argument_specs.yml for role in redhat.sap_install.
2026-07-06T03:25:43.827825+00:00 ERROR 'ansible_navigator.actions.collections._parse' /usr/share/ansible/collections/ansible_collections/redhat/sap_install/roles/sap_general_preconfigure/meta/argument_specs.yml Failed to find argument_specs.yml for role in redhat.sap_install.
2026-07-06T03:25:43.827839+00:00 ERROR 'ansible_navigator.actions.collections._parse' /usr/share/ansible/collections/ansible_collections/redhat/redhat_csp_download/roles/redhat_csp_download/meta/argument_specs.yml Failed to find argument_specs.yml for role in redhat.redhat_csp_download.
2026-07-06T03:25:43.827854+00:00 ERROR 'ansible_navigator.actions.collections._parse' /usr/share/ansible/collections/ansible_collections/redhat/redhat_csp_download/roles/redhat_csp_download/meta/main.yml Failed to find main.yml for role in redhat.redhat_csp_download.
2026-07-06T03:25:43.827868+00:00 ERROR 'ansible_navigator.actions.collections._parse' /usr/share/ansible/collections/ansible_collections/redhat/rhv/roles/vm_infra/meta/argument_specs.yml Failed to find argument_specs.yml for role in redhat.rhv.
2026-07-06T03:25:43.827882+00:00 ERROR 'ansible_navigator.actions.collections._parse' /usr/share/ansible/collections/ansible_collections/redhat/rhv/roles/vm_infra/meta/main.yml Failed to find main.yml for role in redhat.rhv.
2026-07-06T03:25:43.827896+00:00 ERROR 'ansible_navigator.actions.collections._parse' /usr/share/ansible/collections/ansible_collections/redhat/rhv/roles/image_template/meta/argument_specs.yml Failed to find argument_specs.yml for role in redhat.rhv.
2026-07-06T03:25:43.827910+00:00 ERROR 'ansible_navigator.actions.collections._parse' /usr/share/ansible/collections/ansible_collections/redhat/rhv/roles/image_template/meta/main.yml Failed to find main.yml for role in redhat.rhv.
2026-07-06T03:25:43.827924+00:00 ERROR 'ansible_navigator.actions.collections._parse' /usr/share/ansible/collections/ansible_collections/redhat/rhv/roles/repositories/meta/argument_specs.yml Failed to find argument_specs.yml for role in redhat.rhv.
2026-07-06T03:25:43.827938+00:00 ERROR 'ansible_navigator.actions.collections._parse' /usr/share/ansible/collections/ansible_collections/redhat/rhv/roles/repositories/meta/main.yml Failed to find main.yml for role in redhat.rhv.
2026-07-06T03:25:43.827952+00:00 ERROR 'ansible_navigator.actions.collections._parse' /usr/share/ansible/collections/ansible_collections/redhat/rhv/roles/engine_setup/meta/argument_specs.yml Failed to find argument_specs.yml for role in redhat.rhv.
2026-07-06T03:25:43.827968+00:00 ERROR 'ansible_navigator.actions.collections._parse' /usr/share/ansible/collections/ansible_collections/redhat/rhv/roles/engine_setup/meta/main.yml Failed to find main.yml for role in redhat.rhv.
2026-07-06T03:25:43.828342+00:00 ERROR 'ansible_navigator.actions.collections._parse' /usr/share/ansible/collections/ansible_collections/redhat/rhv/roles/cluster_upgrade/meta/argument_specs.yml Failed to find argument_specs.yml for role in redhat.rhv.
2026-07-06T03:25:43.828363+00:00 ERROR 'ansible_navigator.actions.collections._parse' /usr/share/ansible/collections/ansible_collections/redhat/rhv/roles/cluster_upgrade/meta/main.yml Failed to find main.yml for role in redhat.rhv.
2026-07-06T03:25:43.828466+00:00 ERROR 'ansible_navigator.actions.collections._parse' /usr/share/ansible/collections/ansible_collections/redhat/rhv/roles/shutdown_env/meta/argument_specs.yml Failed to find argument_specs.yml for role in redhat.rhv.
2026-07-06T03:25:43.828484+00:00 ERROR 'ansible_navigator.actions.collections._parse' /usr/share/ansible/collections/ansible_collections/redhat/rhv/roles/shutdown_env/meta/main.yml Failed to find main.yml for role in redhat.rhv.
2026-07-06T03:25:43.828500+00:00 ERROR 'ansible_navigator.actions.collections._parse' /usr/share/ansible/collections/ansible_collections/redhat/rhv/roles/hosted_engine_setup/meta/argument_specs.yml Failed to find argument_specs.yml for role in redhat.rhv.
2026-07-06T03:25:43.828515+00:00 ERROR 'ansible_navigator.actions.collections._parse' /usr/share/ansible/collections/ansible_collections/redhat/rhv/roles/hosted_engine_setup/meta/main.yml Failed to find main.yml for role in redhat.rhv.
2026-07-06T03:25:43.828531+00:00 ERROR 'ansible_navigator.actions.collections._parse' /usr/share/ansible/collections/ansible_collections/redhat/rhv/roles/remove_stale_lun/meta/argument_specs.yml Failed to find argument_specs.yml for role in redhat.rhv.
2026-07-06T03:25:43.828546+00:00 ERROR 'ansible_navigator.actions.collections._parse' /usr/share/ansible/collections/ansible_collections/redhat/rhv/roles/remove_stale_lun/meta/main.yml Failed to find main.yml for role in redhat.rhv.
2026-07-06T03:25:43.828561+00:00 ERROR 'ansible_navigator.actions.collections._parse' /usr/share/ansible/collections/ansible_collections/redhat/rhv/roles/infra/meta/argument_specs.yml Failed to find argument_specs.yml for role in redhat.rhv.
2026-07-06T03:25:43.828575+00:00 ERROR 'ansible_navigator.actions.collections._parse' /usr/share/ansible/collections/ansible_collections/redhat/rhv/roles/infra/meta/main.yml Failed to find main.yml for role in redhat.rhv.
2026-07-06T03:25:43.828590+00:00 ERROR 'ansible_navigator.actions.collections._parse' /usr/share/ansible/collections/ansible_collections/redhat/rhv/roles/disaster_recovery/meta/argument_specs.yml Failed to find argument_specs.yml for role in redhat.rhv.
2026-07-06T03:25:43.828605+00:00 ERROR 'ansible_navigator.actions.collections._parse' /usr/share/ansible/collections/ansible_collections/redhat/rhv/roles/disaster_recovery/meta/main.yml Failed to find main.yml for role in redhat.rhv.
2026-07-06T03:25:43.828619+00:00 ERROR 'ansible_navigator.actions.collections._parse' /usr/share/ansible/collections/ansible_collections/redhat/rhel_idm/roles/ipasmartcard_server/meta/argument_specs.yml Failed to find argument_specs.yml for role in redhat.rhel_idm.
2026-07-06T03:25:43.828634+00:00 ERROR 'ansible_navigator.actions.collections._parse' /usr/share/ansible/collections/ansible_collections/redhat/rhel_idm/roles/ipabackup/meta/argument_specs.yml Failed to find argument_specs.yml for role in redhat.rhel_idm.
2026-07-06T03:25:43.828647+00:00 ERROR 'ansible_navigator.actions.collections._parse' /usr/share/ansible/collections/ansible_collections/redhat/rhel_idm/roles/ipareplica/meta/argument_specs.yml Failed to find argument_specs.yml for role in redhat.rhel_idm.
2026-07-06T03:25:43.828667+00:00 ERROR 'ansible_navigator.actions.collections._parse' /usr/share/ansible/collections/ansible_collections/redhat/rhel_idm/roles/ipasmartcard_client/meta/argument_specs.yml Failed to find argument_specs.yml for role in redhat.rhel_idm.
2026-07-06T03:25:43.828693+00:00 ERROR 'ansible_navigator.actions.collections._parse' /usr/share/ansible/collections/ansible_collections/redhat/rhel_idm/roles/ipaserver/meta/argument_specs.yml Failed to find argument_specs.yml for role in redhat.rhel_idm.
2026-07-06T03:25:43.828708+00:00 ERROR 'ansible_navigator.actions.collections._parse' /usr/share/ansible/collections/ansible_collections/redhat/rhel_idm/roles/ipaclient/meta/argument_specs.yml Failed to find argument_specs.yml for role in redhat.rhel_idm.
2026-07-06T03:25:43.828722+00:00 ERROR 'ansible_navigator.actions.collections._parse' /usr/share/ansible/collections/ansible_collections/redhat/satellite_operations/roles/capsule_certs_generate/meta/argument_specs.yml Failed to find argument_specs.yml for role in redhat.satellite_operations.
2026-07-06T03:25:43.828736+00:00 ERROR 'ansible_navigator.actions.collections._parse' /usr/share/ansible/collections/ansible_collections/redhat/satellite_operations/roles/capsule_certs_generate/meta/main.yml Failed to find main.yml for role in redhat.satellite_operations.
2026-07-06T03:25:43.828750+00:00 ERROR 'ansible_navigator.actions.collections._parse' /usr/share/ansible/collections/ansible_collections/redhat/satellite_operations/roles/backup/meta/argument_specs.yml Failed to find argument_specs.yml for role in redhat.satellite_operations.
2026-07-06T03:25:43.828763+00:00 ERROR 'ansible_navigator.actions.collections._parse' /usr/share/ansible/collections/ansible_collections/redhat/satellite_operations/roles/backup/meta/main.yml Failed to find main.yml for role in redhat.satellite_operations.
2026-07-06T03:25:43.828778+00:00 ERROR 'ansible_navigator.actions.collections._parse' /usr/share/ansible/collections/ansible_collections/redhat/satellite_operations/roles/installer/meta/argument_specs.yml Failed to find argument_specs.yml for role in redhat.satellite_operations.
2026-07-06T03:25:43.828792+00:00 ERROR 'ansible_navigator.actions.collections._parse' /usr/share/ansible/collections/ansible_collections/redhat/satellite_operations/roles/installer/meta/main.yml Failed to find main.yml for role in redhat.satellite_operations.
2026-07-06T03:25:43.828806+00:00 ERROR 'ansible_navigator.actions.collections._parse' /usr/share/ansible/collections/ansible_collections/redhat/satellite_operations/roles/cloud_connector/meta/argument_specs.yml Failed to find argument_specs.yml for role in redhat.satellite_operations.
2026-07-06T03:25:43.828820+00:00 ERROR 'ansible_navigator.actions.collections._parse' /usr/share/ansible/collections/ansible_collections/redhat/satellite_operations/roles/cloud_connector/meta/main.yml Failed to find main.yml for role in redhat.satellite_operations.
2026-07-06T03:25:43.828833+00:00 ERROR 'ansible_navigator.actions.collections._parse' /usr/share/ansible/collections/ansible_collections/redhat/rhel_system_roles/roles/private_metrics_subrole_grafana/meta/argument_specs.yml Failed to find argument_specs.yml for role in redhat.rhel_system_roles.
2026-07-06T03:25:43.828847+00:00 ERROR 'ansible_navigator.actions.collections._parse' /usr/share/ansible/collections/ansible_collections/redhat/rhel_system_roles/roles/private_metrics_subrole_keyserver/meta/argument_specs.yml Failed to find argument_specs.yml for role in redhat.rhel_system_roles.
2026-07-06T03:25:43.828861+00:00 ERROR 'ansible_navigator.actions.collections._parse' /usr/share/ansible/collections/ansible_collections/redhat/rhel_system_roles/roles/storage/meta/argument_specs.yml Failed to find argument_specs.yml for role in redhat.rhel_system_roles.
2026-07-06T03:25:43.828876+00:00 ERROR 'ansible_navigator.actions.collections._parse' /usr/share/ansible/collections/ansible_collections/redhat/rhel_system_roles/roles/rhc/meta/argument_specs.yml Failed to find argument_specs.yml for role in redhat.rhel_system_roles.
2026-07-06T03:25:43.828893+00:00 ERROR 'ansible_navigator.actions.collections._parse' /usr/share/ansible/collections/ansible_collections/redhat/rhel_system_roles/roles/podman/meta/argument_specs.yml Failed to find argument_specs.yml for role in redhat.rhel_system_roles.
2026-07-06T03:25:43.828907+00:00 ERROR 'ansible_navigator.actions.collections._parse' /usr/share/ansible/collections/ansible_collections/redhat/rhel_system_roles/roles/nbde_server/meta/argument_specs.yml Failed to find argument_specs.yml for role in redhat.rhel_system_roles.
2026-07-06T03:25:43.828921+00:00 ERROR 'ansible_navigator.actions.collections._parse' /usr/share/ansible/collections/ansible_collections/redhat/rhel_system_roles/roles/private_metrics_subrole_mssql/meta/argument_specs.yml Failed to find argument_specs.yml for role in redhat.rhel_system_roles.
2026-07-06T03:25:43.828935+00:00 ERROR 'ansible_navigator.actions.collections._parse' /usr/share/ansible/collections/ansible_collections/redhat/rhel_system_roles/roles/cockpit/meta/argument_specs.yml Failed to find argument_specs.yml for role in redhat.rhel_system_roles.
2026-07-06T03:25:43.828948+00:00 ERROR 'ansible_navigator.actions.collections._parse' /usr/share/ansible/collections/ansible_collections/redhat/rhel_system_roles/roles/postfix/meta/argument_specs.yml Failed to find argument_specs.yml for role in redhat.rhel_system_roles.
2026-07-06T03:25:43.828962+00:00 ERROR 'ansible_navigator.actions.collections._parse' /usr/share/ansible/collections/ansible_collections/redhat/rhel_system_roles/roles/tlog/meta/argument_specs.yml Failed to find argument_specs.yml for role in redhat.rhel_system_roles.
2026-07-06T03:25:43.828976+00:00 ERROR 'ansible_navigator.actions.collections._parse' /usr/share/ansible/collections/ansible_collections/redhat/rhel_system_roles/roles/ssh/meta/argument_specs.yml Failed to find argument_specs.yml for role in redhat.rhel_system_roles.
2026-07-06T03:25:43.828990+00:00 ERROR 'ansible_navigator.actions.collections._parse' /usr/share/ansible/collections/ansible_collections/redhat/rhel_system_roles/roles/bootloader/meta/argument_specs.yml Failed to find argument_specs.yml for role in redhat.rhel_system_roles.
2026-07-06T03:25:43.829003+00:00 ERROR 'ansible_navigator.actions.collections._parse' /usr/share/ansible/collections/ansible_collections/redhat/rhel_system_roles/roles/keylime_server/meta/argument_specs.yml Failed to find argument_specs.yml for role in redhat.rhel_system_roles.
2026-07-06T03:25:43.829020+00:00 ERROR 'ansible_navigator.actions.collections._parse' /usr/share/ansible/collections/ansible_collections/redhat/rhel_system_roles/roles/certificate/meta/argument_specs.yml Failed to find argument_specs.yml for role in redhat.rhel_system_roles.
2026-07-06T03:25:43.829042+00:00 ERROR 'ansible_navigator.actions.collections._parse' /usr/share/ansible/collections/ansible_collections/redhat/rhel_system_roles/roles/nbde_client/meta/argument_specs.yml Failed to find argument_specs.yml for role in redhat.rhel_system_roles.
2026-07-06T03:25:43.829062+00:00 ERROR 'ansible_navigator.actions.collections._parse' /usr/share/ansible/collections/ansible_collections/redhat/rhel_system_roles/roles/sudo/meta/argument_specs.yml Failed to find argument_specs.yml for role in redhat.rhel_system_roles.
2026-07-06T03:25:43.829083+00:00 ERROR 'ansible_navigator.actions.collections._parse' /usr/share/ansible/collections/ansible_collections/redhat/rhel_system_roles/roles/sshd/meta/argument_specs.yml Failed to find argument_specs.yml for role in redhat.rhel_system_roles.
2026-07-06T03:25:43.829105+00:00 ERROR 'ansible_navigator.actions.collections._parse' /usr/share/ansible/collections/ansible_collections/redhat/rhel_system_roles/roles/private_metrics_subrole_repository/meta/argument_specs.yml Failed to find argument_specs.yml for role in redhat.rhel_system_roles.
2026-07-06T03:25:43.829126+00:00 ERROR 'ansible_navigator.actions.collections._parse' /usr/share/ansible/collections/ansible_collections/redhat/rhel_system_roles/roles/private_metrics_subrole_elasticsearch/meta/argument_specs.yml Failed to find argument_specs.yml for role in redhat.rhel_system_roles.
2026-07-06T03:25:43.829152+00:00 ERROR 'ansible_navigator.actions.collections._parse' /usr/share/ansible/collections/ansible_collections/redhat/rhel_system_roles/roles/systemd/meta/argument_specs.yml Failed to find argument_specs.yml for role in redhat.rhel_system_roles.
2026-07-06T03:25:43.829172+00:00 ERROR 'ansible_navigator.actions.collections._parse' /usr/share/ansible/collections/ansible_collections/redhat/rhel_system_roles/roles/private_metrics_subrole_bpftrace/meta/argument_specs.yml Failed to find argument_specs.yml for role in redhat.rhel_system_roles.
2026-07-06T03:25:43.829196+00:00 ERROR 'ansible_navigator.actions.collections._parse' /usr/share/ansible/collections/ansible_collections/redhat/rhel_system_roles/roles/firewall/meta/argument_specs.yml Failed to find argument_specs.yml for role in redhat.rhel_system_roles.
2026-07-06T03:25:43.829217+00:00 ERROR 'ansible_navigator.actions.collections._parse' /usr/share/ansible/collections/ansible_collections/redhat/rhel_system_roles/roles/vpn/meta/argument_specs.yml Failed to find argument_specs.yml for role in redhat.rhel_system_roles.
2026-07-06T03:25:43.829236+00:00 ERROR 'ansible_navigator.actions.collections._parse' /usr/share/ansible/collections/ansible_collections/redhat/rhel_system_roles/roles/network/meta/argument_specs.yml Failed to find argument_specs.yml for role in redhat.rhel_system_roles.
2026-07-06T03:25:43.829251+00:00 ERROR 'ansible_navigator.actions.collections._parse' /usr/share/ansible/collections/ansible_collections/redhat/rhel_system_roles/roles/private_metrics_subrole_spark/meta/argument_specs.yml Failed to find argument_specs.yml for role in redhat.rhel_system_roles.
2026-07-06T03:25:43.829266+00:00 ERROR 'ansible_navigator.actions.collections._parse' /usr/share/ansible/collections/ansible_collections/redhat/rhel_system_roles/roles/private_metrics_subrole_pcp/meta/argument_specs.yml Failed to find argument_specs.yml for role in redhat.rhel_system_roles.
2026-07-06T03:25:43.829283+00:00 ERROR 'ansible_navigator.actions.collections._parse' /usr/share/ansible/collections/ansible_collections/redhat/rhel_system_roles/roles/metrics/meta/argument_specs.yml Failed to find argument_specs.yml for role in redhat.rhel_system_roles.
2026-07-06T03:25:43.829296+00:00 ERROR 'ansible_navigator.actions.collections._parse' /usr/share/ansible/collections/ansible_collections/redhat/rhel_system_roles/roles/crypto_policies/meta/argument_specs.yml Failed to find argument_specs.yml for role in redhat.rhel_system_roles.
2026-07-06T03:25:43.829311+00:00 ERROR 'ansible_navigator.actions.collections._parse' /usr/share/ansible/collections/ansible_collections/redhat/rhel_system_roles/roles/journald/meta/argument_specs.yml Failed to find argument_specs.yml for role in redhat.rhel_system_roles.
2026-07-06T03:25:43.829325+00:00 ERROR 'ansible_navigator.actions.collections._parse' /usr/share/ansible/collections/ansible_collections/redhat/rhel_system_roles/roles/postgresql/meta/argument_specs.yml Failed to find argument_specs.yml for role in redhat.rhel_system_roles.
2026-07-06T03:25:43.829348+00:00 ERROR 'ansible_navigator.actions.collections._parse' /usr/share/ansible/collections/ansible_collections/redhat/rhel_system_roles/roles/logging/meta/argument_specs.yml Failed to find argument_specs.yml for role in redhat.rhel_system_roles.
2026-07-06T03:25:43.829362+00:00 ERROR 'ansible_navigator.actions.collections._parse' /usr/share/ansible/collections/ansible_collections/redhat/rhel_system_roles/roles/selinux/meta/argument_specs.yml Failed to find argument_specs.yml for role in redhat.rhel_system_roles.
2026-07-06T03:25:43.829395+00:00 ERROR 'ansible_navigator.actions.collections._parse' /usr/share/ansible/collections/ansible_collections/redhat/rhel_system_roles/roles/aide/meta/argument_specs.yml Failed to find argument_specs.yml for role in redhat.rhel_system_roles.
2026-07-06T03:25:43.829410+00:00 ERROR 'ansible_navigator.actions.collections._parse' /usr/share/ansible/collections/ansible_collections/redhat/rhel_system_roles/roles/timesync/meta/argument_specs.yml Failed to find argument_specs.yml for role in redhat.rhel_system_roles.
2026-07-06T03:25:43.829428+00:00 ERROR 'ansible_navigator.actions.collections._parse' /usr/share/ansible/collections/ansible_collections/redhat/rhel_system_roles/roles/private_metrics_subrole_postfix/meta/argument_specs.yml Failed to find argument_specs.yml for role in redhat.rhel_system_roles.
2026-07-06T03:25:43.829442+00:00 ERROR 'ansible_navigator.actions.collections._parse' /usr/share/ansible/collections/ansible_collections/redhat/rhel_system_roles/roles/ha_cluster/meta/argument_specs.yml Failed to find argument_specs.yml for role in redhat.rhel_system_roles.
2026-07-06T03:25:43.829456+00:00 ERROR 'ansible_navigator.actions.collections._parse' /usr/share/ansible/collections/ansible_collections/redhat/rhel_system_roles/roles/kdump/meta/argument_specs.yml Failed to find argument_specs.yml for role in redhat.rhel_system_roles.
2026-07-06T03:25:43.829470+00:00 ERROR 'ansible_navigator.actions.collections._parse' /usr/share/ansible/collections/ansible_collections/redhat/rhel_system_roles/roles/kernel_settings/meta/argument_specs.yml Failed to find argument_specs.yml for role in redhat.rhel_system_roles.
2026-07-06T03:25:43.829484+00:00 ERROR 'ansible_navigator.actions.collections._parse' /usr/share/ansible/collections/ansible_collections/redhat/rhel_system_roles/roles/ad_integration/meta/argument_specs.yml Failed to find argument_specs.yml for role in redhat.rhel_system_roles.
2026-07-06T03:25:43.829499+00:00 ERROR 'ansible_navigator.actions.collections._parse' /usr/share/ansible/collections/ansible_collections/redhat/rhel_system_roles/roles/private_logging_subrole_rsyslog/meta/argument_specs.yml Failed to find argument_specs.yml for role in redhat.rhel_system_roles.
2026-07-06T03:25:43.829513+00:00 ERROR 'ansible_navigator.actions.collections._parse' /usr/share/ansible/collections/ansible_collections/redhat/rhel_system_roles/roles/snapshot/meta/argument_specs.yml Failed to find argument_specs.yml for role in redhat.rhel_system_roles.
2026-07-06T03:25:43.829528+00:00 ERROR 'ansible_navigator.actions.collections._parse' /usr/share/ansible/collections/ansible_collections/redhat/rhel_system_roles/roles/fapolicyd/meta/argument_specs.yml Failed to find argument_specs.yml for role in redhat.rhel_system_roles.
2026-07-06T03:25:43.829543+00:00 ERROR 'ansible_navigator.actions.collections._parse' /usr/share/ansible/collections/ansible_collections/redhat/insights/roles/compliance/meta/argument_specs.yml Failed to find argument_specs.yml for role in redhat.insights.
2026-07-06T03:25:43.829558+00:00 ERROR 'ansible_navigator.actions.collections._parse' /usr/share/ansible/collections/ansible_collections/redhat/insights/roles/insights_client/meta/argument_specs.yml Failed to find argument_specs.yml for role in redhat.insights.
2026-07-06T03:25:43.829573+00:00 ERROR 'ansible_navigator.actions.collections._parse' /usr/share/ansible/collections/ansible_collections/redhat/satellite/roles/compute_profiles/meta/argument_specs.yml Failed to find argument_specs.yml for role in redhat.satellite.
2026-07-06T03:25:43.829588+00:00 ERROR 'ansible_navigator.actions.collections._parse' /usr/share/ansible/collections/ansible_collections/redhat/satellite/roles/compute_profiles/meta/main.yml Failed to find main.yml for role in redhat.satellite.
2026-07-06T03:25:43.829603+00:00 ERROR 'ansible_navigator.actions.collections._parse' /usr/share/ansible/collections/ansible_collections/redhat/satellite/roles/content_views/meta/argument_specs.yml Failed to find argument_specs.yml for role in redhat.satellite.
2026-07-06T03:25:43.829618+00:00 ERROR 'ansible_navigator.actions.collections._parse' /usr/share/ansible/collections/ansible_collections/redhat/satellite/roles/content_views/meta/main.yml Failed to find main.yml for role in redhat.satellite.
2026-07-06T03:25:43.829633+00:00 ERROR 'ansible_navigator.actions.collections._parse' /usr/share/ansible/collections/ansible_collections/redhat/satellite/roles/activation_keys/meta/argument_specs.yml Failed to find argument_specs.yml for role in redhat.satellite.
2026-07-06T03:25:43.829651+00:00 ERROR 'ansible_navigator.actions.collections._parse' /usr/share/ansible/collections/ansible_collections/redhat/satellite/roles/activation_keys/meta/main.yml Failed to find main.yml for role in redhat.satellite.
2026-07-06T03:25:43.829666+00:00 ERROR 'ansible_navigator.actions.collections._parse' /usr/share/ansible/collections/ansible_collections/redhat/satellite/roles/sync_plans/meta/argument_specs.yml Failed to find argument_specs.yml for role in redhat.satellite.
2026-07-06T03:25:43.829689+00:00 ERROR 'ansible_navigator.actions.collections._parse' /usr/share/ansible/collections/ansible_collections/redhat/satellite/roles/sync_plans/meta/main.yml Failed to find main.yml for role in redhat.satellite.
2026-07-06T03:25:43.829705+00:00 ERROR 'ansible_navigator.actions.collections._parse' /usr/share/ansible/collections/ansible_collections/redhat/satellite/roles/content_rhel/meta/argument_specs.yml Failed to find argument_specs.yml for role in redhat.satellite.
2026-07-06T03:25:43.829720+00:00 ERROR 'ansible_navigator.actions.collections._parse' /usr/share/ansible/collections/ansible_collections/redhat/satellite/roles/content_rhel/meta/main.yml Failed to find main.yml for role in redhat.satellite.
2026-07-06T03:25:43.829735+00:00 ERROR 'ansible_navigator.actions.collections._parse' /usr/share/ansible/collections/ansible_collections/redhat/satellite/roles/convert2rhel/meta/argument_specs.yml Failed to find argument_specs.yml for role in redhat.satellite.
2026-07-06T03:25:43.829750+00:00 ERROR 'ansible_navigator.actions.collections._parse' /usr/share/ansible/collections/ansible_collections/redhat/satellite/roles/convert2rhel/meta/main.yml Failed to find main.yml for role in redhat.satellite.
2026-07-06T03:25:43.829764+00:00 ERROR 'ansible_navigator.actions.collections._parse' /usr/share/ansible/collections/ansible_collections/redhat/satellite/roles/repositories/meta/argument_specs.yml Failed to find argument_specs.yml for role in redhat.satellite.
2026-07-06T03:25:43.829779+00:00 ERROR 'ansible_navigator.actions.collections._parse' /usr/share/ansible/collections/ansible_collections/redhat/satellite/roles/repositories/meta/main.yml Failed to find main.yml for role in redhat.satellite.
2026-07-06T03:25:43.829794+00:00 ERROR 'ansible_navigator.actions.collections._parse' /usr/share/ansible/collections/ansible_collections/redhat/satellite/roles/manifest/meta/argument_specs.yml Failed to find argument_specs.yml for role in redhat.satellite.
2026-07-06T03:25:43.829808+00:00 ERROR 'ansible_navigator.actions.collections._parse' /usr/share/ansible/collections/ansible_collections/redhat/satellite/roles/manifest/meta/main.yml Failed to find main.yml for role in redhat.satellite.
2026-07-06T03:25:43.829822+00:00 ERROR 'ansible_navigator.actions.collections._parse' /usr/share/ansible/collections/ansible_collections/redhat/satellite/roles/auth_sources_ldap/meta/argument_specs.yml Failed to find argument_specs.yml for role in redhat.satellite.
2026-07-06T03:25:43.829837+00:00 ERROR 'ansible_navigator.actions.collections._parse' /usr/share/ansible/collections/ansible_collections/redhat/satellite/roles/auth_sources_ldap/meta/main.yml Failed to find main.yml for role in redhat.satellite.
2026-07-06T03:25:43.829851+00:00 ERROR 'ansible_navigator.actions.collections._parse' /usr/share/ansible/collections/ansible_collections/redhat/satellite/roles/content_credentials/meta/argument_specs.yml Failed to find argument_specs.yml for role in redhat.satellite.
2026-07-06T03:25:43.829866+00:00 ERROR 'ansible_navigator.actions.collections._parse' /usr/share/ansible/collections/ansible_collections/redhat/satellite/roles/content_credentials/meta/main.yml Failed to find main.yml for role in redhat.satellite.
2026-07-06T03:25:43.829880+00:00 ERROR 'ansible_navigator.actions.collections._parse' /usr/share/ansible/collections/ansible_collections/redhat/satellite/roles/content_view_version_cleanup/meta/argument_specs.yml Failed to find argument_specs.yml for role in redhat.satellite.
2026-07-06T03:25:43.829923+00:00 ERROR 'ansible_navigator.actions.collections._parse' /usr/share/ansible/collections/ansible_collections/redhat/satellite/roles/content_view_version_cleanup/meta/main.yml Failed to find main.yml for role in redhat.satellite.
2026-07-06T03:25:43.829955+00:00 ERROR 'ansible_navigator.actions.collections._parse' /usr/share/ansible/collections/ansible_collections/redhat/satellite/roles/hostgroups/meta/argument_specs.yml Failed to find argument_specs.yml for role in redhat.satellite.
2026-07-06T03:25:43.829970+00:00 ERROR 'ansible_navigator.actions.collections._parse' /usr/share/ansible/collections/ansible_collections/redhat/satellite/roles/hostgroups/meta/main.yml Failed to find main.yml for role in redhat.satellite.
2026-07-06T03:25:43.829985+00:00 ERROR 'ansible_navigator.actions.collections._parse' /usr/share/ansible/collections/ansible_collections/redhat/satellite/roles/settings/meta/argument_specs.yml Failed to find argument_specs.yml for role in redhat.satellite.
2026-07-06T03:25:43.830000+00:00 ERROR 'ansible_navigator.actions.collections._parse' /usr/share/ansible/collections/ansible_collections/redhat/satellite/roles/settings/meta/main.yml Failed to find main.yml for role in redhat.satellite.
2026-07-06T03:25:43.830014+00:00 ERROR 'ansible_navigator.actions.collections._parse' /usr/share/ansible/collections/ansible_collections/redhat/satellite/roles/compute_resources/meta/argument_specs.yml Failed to find argument_specs.yml for role in redhat.satellite.
2026-07-06T03:25:43.830028+00:00 ERROR 'ansible_navigator.actions.collections._parse' /usr/share/ansible/collections/ansible_collections/redhat/satellite/roles/compute_resources/meta/main.yml Failed to find main.yml for role in redhat.satellite.
2026-07-06T03:25:43.830043+00:00 ERROR 'ansible_navigator.actions.collections._parse' /usr/share/ansible/collections/ansible_collections/redhat/satellite/roles/provisioning_templates/meta/argument_specs.yml Failed to find argument_specs.yml for role in redhat.satellite.
2026-07-06T03:25:43.830057+00:00 ERROR 'ansible_navigator.actions.collections._parse' /usr/share/ansible/collections/ansible_collections/redhat/satellite/roles/provisioning_templates/meta/main.yml Failed to find main.yml for role in redhat.satellite.
2026-07-06T03:25:43.830072+00:00 ERROR 'ansible_navigator.actions.collections._parse' /usr/share/ansible/collections/ansible_collections/redhat/satellite/roles/content_view_publish/meta/argument_specs.yml Failed to find argument_specs.yml for role in redhat.satellite.
2026-07-06T03:25:43.830086+00:00 ERROR 'ansible_navigator.actions.collections._parse' /usr/share/ansible/collections/ansible_collections/redhat/satellite/roles/content_view_publish/meta/main.yml Failed to find main.yml for role in redhat.satellite.
2026-07-06T03:25:43.830101+00:00 ERROR 'ansible_navigator.actions.collections._parse' /usr/share/ansible/collections/ansible_collections/redhat/satellite/roles/operatingsystems/meta/argument_specs.yml Failed to find argument_specs.yml for role in redhat.satellite.
2026-07-06T03:25:43.830115+00:00 ERROR 'ansible_navigator.actions.collections._parse' /usr/share/ansible/collections/ansible_collections/redhat/satellite/roles/operatingsystems/meta/main.yml Failed to find main.yml for role in redhat.satellite.
2026-07-06T03:25:43.830130+00:00 ERROR 'ansible_navigator.actions.collections._parse' /usr/share/ansible/collections/ansible_collections/redhat/satellite/roles/subnets/meta/argument_specs.yml Failed to find argument_specs.yml for role in redhat.satellite.
2026-07-06T03:25:43.830143+00:00 ERROR 'ansible_navigator.actions.collections._parse' /usr/share/ansible/collections/ansible_collections/redhat/satellite/roles/subnets/meta/main.yml Failed to find main.yml for role in redhat.satellite.
2026-07-06T03:25:43.830158+00:00 ERROR 'ansible_navigator.actions.collections._parse' /usr/share/ansible/collections/ansible_collections/redhat/satellite/roles/organizations/meta/argument_specs.yml Failed to find argument_specs.yml for role in redhat.satellite.
2026-07-06T03:25:43.830176+00:00 ERROR 'ansible_navigator.actions.collections._parse' /usr/share/ansible/collections/ansible_collections/redhat/satellite/roles/organizations/meta/main.yml Failed to find main.yml for role in redhat.satellite.
2026-07-06T03:25:43.830191+00:00 ERROR 'ansible_navigator.actions.collections._parse' /usr/share/ansible/collections/ansible_collections/redhat/satellite/roles/lifecycle_environments/meta/argument_specs.yml Failed to find argument_specs.yml for role in redhat.satellite.
2026-07-06T03:25:43.830206+00:00 ERROR 'ansible_navigator.actions.collections._parse' /usr/share/ansible/collections/ansible_collections/redhat/satellite/roles/lifecycle_environments/meta/main.yml Failed to find main.yml for role in redhat.satellite.
2026-07-06T03:25:43.830221+00:00 ERROR 'ansible_navigator.actions.collections._parse' /usr/share/ansible/collections/ansible_collections/redhat/satellite/roles/domains/meta/argument_specs.yml Failed to find argument_specs.yml for role in redhat.satellite.
2026-07-06T03:25:43.830235+00:00 ERROR 'ansible_navigator.actions.collections._parse' /usr/share/ansible/collections/ansible_collections/redhat/satellite/roles/domains/meta/main.yml Failed to find main.yml for role in redhat.satellite.
2026-07-06T03:30:21.185378+00:00 ERROR 'ansible_navigator.actions.collections._build_collection_content_menu' error loading plugin doc {'path': 'plugins/inventory/aws_ec2.py', 'type': 'inventory'}
Traceback (most recent call last):
  File "/usr/lib/python3.11/site-packages/ansible_navigator/actions/collections.py", line 324, in _build_collection_content_menu
    plugin = loaded["plugin"]
             ~~~~~~^^^^^^^^^^
KeyError: 'plugin'
2026-07-07T02:38:27.566350+00:00 ERROR 'ansible_navigator.actions.collections._parse' /workspaces/ansible/collections/ansible_collections/community/cassandra/roles/cassandra_firewall/meta/argument_specs.yml Failed to find argument_specs.yml for role in community.cassandra.
2026-07-07T02:38:27.568166+00:00 ERROR 'ansible_navigator.actions.collections._parse' /workspaces/ansible/collections/ansible_collections/community/cassandra/roles/cassandra_install/meta/argument_specs.yml Failed to find argument_specs.yml for role in community.cassandra.
2026-07-07T02:38:27.568257+00:00 ERROR 'ansible_navigator.actions.collections._parse' /workspaces/ansible/collections/ansible_collections/community/cassandra/roles/cassandra_linux/meta/argument_specs.yml Failed to find argument_specs.yml for role in community.cassandra.
2026-07-07T02:38:27.568286+00:00 ERROR 'ansible_navigator.actions.collections._parse' /workspaces/ansible/collections/ansible_collections/community/cassandra/roles/cassandra_repository/meta/argument_specs.yml Failed to find argument_specs.yml for role in community.cassandra.
2026-07-07T02:38:27.568336+00:00 ERROR 'ansible_navigator.actions.collections._parse' /workspaces/ansible/collections/ansible_collections/community/grafana/roles/grafana/meta/argument_specs.yml Failed to find argument_specs.yml for role in community.grafana.
2026-07-07T02:38:27.568367+00:00 ERROR 'ansible_navigator.actions.collections._parse' /workspaces/ansible/collections/ansible_collections/redhatofficial/rhel_hardening_roles/roles/rhel9_stig_gui/meta/argument_specs.yml Failed to find argument_specs.yml for role in redhatofficial.rhel_hardening_roles.
2026-07-07T02:38:27.568391+00:00 ERROR 'ansible_navigator.actions.collections._parse' /workspaces/ansible/collections/ansible_collections/redhatofficial/rhel_hardening_roles/roles/rhel9_stig/meta/argument_specs.yml Failed to find argument_specs.yml for role in redhatofficial.rhel_hardening_roles.
2026-07-07T02:38:27.568431+00:00 ERROR 'ansible_navigator.actions.collections._parse' /workspaces/ansible/collections/ansible_collections/redhatofficial/rhel_hardening_roles/roles/rhel9_pci_dss/meta/argument_specs.yml Failed to find argument_specs.yml for role in redhatofficial.rhel_hardening_roles.
2026-07-07T02:38:27.568477+00:00 ERROR 'ansible_navigator.actions.collections._parse' /workspaces/ansible/collections/ansible_collections/redhatofficial/rhel_hardening_roles/roles/rhel9_ospp/meta/argument_specs.yml Failed to find argument_specs.yml for role in redhatofficial.rhel_hardening_roles.
2026-07-07T02:38:27.568511+00:00 ERROR 'ansible_navigator.actions.collections._parse' /workspaces/ansible/collections/ansible_collections/redhatofficial/rhel_hardening_roles/roles/rhel9_ism_o/meta/argument_specs.yml Failed to find argument_specs.yml for role in redhatofficial.rhel_hardening_roles.
2026-07-07T02:38:27.568532+00:00 ERROR 'ansible_navigator.actions.collections._parse' /workspaces/ansible/collections/ansible_collections/redhatofficial/rhel_hardening_roles/roles/rhel9_hipaa/meta/argument_specs.yml Failed to find argument_specs.yml for role in redhatofficial.rhel_hardening_roles.
2026-07-07T02:38:27.568549+00:00 ERROR 'ansible_navigator.actions.collections._parse' /workspaces/ansible/collections/ansible_collections/redhatofficial/rhel_hardening_roles/roles/rhel9_e8/meta/argument_specs.yml Failed to find argument_specs.yml for role in redhatofficial.rhel_hardening_roles.
2026-07-07T02:38:27.568567+00:00 ERROR 'ansible_navigator.actions.collections._parse' /workspaces/ansible/collections/ansible_collections/redhatofficial/rhel_hardening_roles/roles/rhel9_cui/meta/argument_specs.yml Failed to find argument_specs.yml for role in redhatofficial.rhel_hardening_roles.
2026-07-07T02:38:27.568582+00:00 ERROR 'ansible_navigator.actions.collections._parse' /workspaces/ansible/collections/ansible_collections/redhatofficial/rhel_hardening_roles/roles/rhel9_cis_workstation_l2/meta/argument_specs.yml Failed to find argument_specs.yml for role in redhatofficial.rhel_hardening_roles.
2026-07-07T02:38:27.568605+00:00 ERROR 'ansible_navigator.actions.collections._parse' /workspaces/ansible/collections/ansible_collections/redhatofficial/rhel_hardening_roles/roles/rhel9_cis_workstation_l1/meta/argument_specs.yml Failed to find argument_specs.yml for role in redhatofficial.rhel_hardening_roles.
2026-07-07T02:38:27.568622+00:00 ERROR 'ansible_navigator.actions.collections._parse' /workspaces/ansible/collections/ansible_collections/redhatofficial/rhel_hardening_roles/roles/rhel9_cis_server_l1/meta/argument_specs.yml Failed to find argument_specs.yml for role in redhatofficial.rhel_hardening_roles.
2026-07-07T02:38:27.568638+00:00 ERROR 'ansible_navigator.actions.collections._parse' /workspaces/ansible/collections/ansible_collections/redhatofficial/rhel_hardening_roles/roles/rhel9_cis/meta/argument_specs.yml Failed to find argument_specs.yml for role in redhatofficial.rhel_hardening_roles.
2026-07-07T02:38:27.568681+00:00 ERROR 'ansible_navigator.actions.collections._parse' /workspaces/ansible/collections/ansible_collections/redhatofficial/rhel_hardening_roles/roles/rhel9_ccn_intermediate/meta/argument_specs.yml Failed to find argument_specs.yml for role in redhatofficial.rhel_hardening_roles.
2026-07-07T02:38:27.568705+00:00 ERROR 'ansible_navigator.actions.collections._parse' /workspaces/ansible/collections/ansible_collections/redhatofficial/rhel_hardening_roles/roles/rhel9_ccn_basic/meta/argument_specs.yml Failed to find argument_specs.yml for role in redhatofficial.rhel_hardening_roles.
2026-07-07T02:38:27.568724+00:00 ERROR 'ansible_navigator.actions.collections._parse' /workspaces/ansible/collections/ansible_collections/redhatofficial/rhel_hardening_roles/roles/rhel9_ccn_advanced/meta/argument_specs.yml Failed to find argument_specs.yml for role in redhatofficial.rhel_hardening_roles.
2026-07-07T02:38:27.568741+00:00 ERROR 'ansible_navigator.actions.collections._parse' /workspaces/ansible/collections/ansible_collections/redhatofficial/rhel_hardening_roles/roles/rhel9_bsi/meta/argument_specs.yml Failed to find argument_specs.yml for role in redhatofficial.rhel_hardening_roles.
2026-07-07T02:38:27.568759+00:00 ERROR 'ansible_navigator.actions.collections._parse' /workspaces/ansible/collections/ansible_collections/redhatofficial/rhel_hardening_roles/roles/rhel9_anssi_bp28_minimal/meta/argument_specs.yml Failed to find argument_specs.yml for role in redhatofficial.rhel_hardening_roles.
2026-07-07T02:38:27.568794+00:00 ERROR 'ansible_navigator.actions.collections._parse' /workspaces/ansible/collections/ansible_collections/redhatofficial/rhel_hardening_roles/roles/rhel9_anssi_bp28_intermediary/meta/argument_specs.yml Failed to find argument_specs.yml for role in redhatofficial.rhel_hardening_roles.
2026-07-07T02:38:27.568829+00:00 ERROR 'ansible_navigator.actions.collections._parse' /workspaces/ansible/collections/ansible_collections/redhatofficial/rhel_hardening_roles/roles/rhel9_anssi_bp28_high/meta/argument_specs.yml Failed to find argument_specs.yml for role in redhatofficial.rhel_hardening_roles.
2026-07-07T02:38:27.568847+00:00 ERROR 'ansible_navigator.actions.collections._parse' /workspaces/ansible/collections/ansible_collections/redhatofficial/rhel_hardening_roles/roles/rhel9_anssi_bp28_enhanced/meta/argument_specs.yml Failed to find argument_specs.yml for role in redhatofficial.rhel_hardening_roles.
2026-07-07T02:38:27.568864+00:00 ERROR 'ansible_navigator.actions.collections._parse' /workspaces/ansible/collections/ansible_collections/redhatofficial/rhel_hardening_roles/roles/rhel8_stig_gui/meta/argument_specs.yml Failed to find argument_specs.yml for role in redhatofficial.rhel_hardening_roles.
2026-07-07T02:38:27.568881+00:00 ERROR 'ansible_navigator.actions.collections._parse' /workspaces/ansible/collections/ansible_collections/redhatofficial/rhel_hardening_roles/roles/rhel8_stig/meta/argument_specs.yml Failed to find argument_specs.yml for role in redhatofficial.rhel_hardening_roles.
2026-07-07T02:38:27.568897+00:00 ERROR 'ansible_navigator.actions.collections._parse' /workspaces/ansible/collections/ansible_collections/redhatofficial/rhel_hardening_roles/roles/rhel8_pci_dss/meta/argument_specs.yml Failed to find argument_specs.yml for role in redhatofficial.rhel_hardening_roles.
2026-07-07T02:38:27.568915+00:00 ERROR 'ansible_navigator.actions.collections._parse' /workspaces/ansible/collections/ansible_collections/redhatofficial/rhel_hardening_roles/roles/rhel8_ospp/meta/argument_specs.yml Failed to find argument_specs.yml for role in redhatofficial.rhel_hardening_roles.
2026-07-07T02:38:27.568932+00:00 ERROR 'ansible_navigator.actions.collections._parse' /workspaces/ansible/collections/ansible_collections/redhatofficial/rhel_hardening_roles/roles/rhel8_ism_o/meta/argument_specs.yml Failed to find argument_specs.yml for role in redhatofficial.rhel_hardening_roles.
2026-07-07T02:38:27.568947+00:00 ERROR 'ansible_navigator.actions.collections._parse' /workspaces/ansible/collections/ansible_collections/redhatofficial/rhel_hardening_roles/roles/rhel8_hipaa/meta/argument_specs.yml Failed to find argument_specs.yml for role in redhatofficial.rhel_hardening_roles.
2026-07-07T02:38:27.568965+00:00 ERROR 'ansible_navigator.actions.collections._parse' /workspaces/ansible/collections/ansible_collections/redhatofficial/rhel_hardening_roles/roles/rhel8_e8/meta/argument_specs.yml Failed to find argument_specs.yml for role in redhatofficial.rhel_hardening_roles.
2026-07-07T02:38:27.568981+00:00 ERROR 'ansible_navigator.actions.collections._parse' /workspaces/ansible/collections/ansible_collections/redhatofficial/rhel_hardening_roles/roles/rhel8_cui/meta/argument_specs.yml Failed to find argument_specs.yml for role in redhatofficial.rhel_hardening_roles.
2026-07-07T02:38:27.568998+00:00 ERROR 'ansible_navigator.actions.collections._parse' /workspaces/ansible/collections/ansible_collections/redhatofficial/rhel_hardening_roles/roles/rhel8_cis_workstation_l2/meta/argument_specs.yml Failed to find argument_specs.yml for role in redhatofficial.rhel_hardening_roles.
2026-07-07T02:38:27.569014+00:00 ERROR 'ansible_navigator.actions.collections._parse' /workspaces/ansible/collections/ansible_collections/redhatofficial/rhel_hardening_roles/roles/rhel8_cis_workstation_l1/meta/argument_specs.yml Failed to find argument_specs.yml for role in redhatofficial.rhel_hardening_roles.
2026-07-07T02:38:27.569052+00:00 ERROR 'ansible_navigator.actions.collections._parse' /workspaces/ansible/collections/ansible_collections/redhatofficial/rhel_hardening_roles/roles/rhel8_cis_server_l1/meta/argument_specs.yml Failed to find argument_specs.yml for role in redhatofficial.rhel_hardening_roles.
2026-07-07T02:38:27.569071+00:00 ERROR 'ansible_navigator.actions.collections._parse' /workspaces/ansible/collections/ansible_collections/redhatofficial/rhel_hardening_roles/roles/rhel8_cis/meta/argument_specs.yml Failed to find argument_specs.yml for role in redhatofficial.rhel_hardening_roles.
2026-07-07T02:38:27.569087+00:00 ERROR 'ansible_navigator.actions.collections._parse' /workspaces/ansible/collections/ansible_collections/redhatofficial/rhel_hardening_roles/roles/rhel8_anssi_bp28_minimal/meta/argument_specs.yml Failed to find argument_specs.yml for role in redhatofficial.rhel_hardening_roles.
2026-07-07T02:38:27.569110+00:00 ERROR 'ansible_navigator.actions.collections._parse' /workspaces/ansible/collections/ansible_collections/redhatofficial/rhel_hardening_roles/roles/rhel8_anssi_bp28_intermediary/meta/argument_specs.yml Failed to find argument_specs.yml for role in redhatofficial.rhel_hardening_roles.
2026-07-07T02:38:27.569126+00:00 ERROR 'ansible_navigator.actions.collections._parse' /workspaces/ansible/collections/ansible_collections/redhatofficial/rhel_hardening_roles/roles/rhel8_anssi_bp28_high/meta/argument_specs.yml Failed to find argument_specs.yml for role in redhatofficial.rhel_hardening_roles.
2026-07-07T02:38:27.569144+00:00 ERROR 'ansible_navigator.actions.collections._parse' /workspaces/ansible/collections/ansible_collections/redhatofficial/rhel_hardening_roles/roles/rhel8_anssi_bp28_enhanced/meta/argument_specs.yml Failed to find argument_specs.yml for role in redhatofficial.rhel_hardening_roles.
2026-07-07T02:38:27.569169+00:00 ERROR 'ansible_navigator.actions.collections._parse' /workspaces/ansible/collections/ansible_collections/redhatofficial/rhel_hardening_roles/roles/rhel10_stig_gui/meta/argument_specs.yml Failed to find argument_specs.yml for role in redhatofficial.rhel_hardening_roles.
2026-07-07T02:38:27.569187+00:00 ERROR 'ansible_navigator.actions.collections._parse' /workspaces/ansible/collections/ansible_collections/redhatofficial/rhel_hardening_roles/roles/rhel10_stig/meta/argument_specs.yml Failed to find argument_specs.yml for role in redhatofficial.rhel_hardening_roles.
2026-07-07T02:38:27.569203+00:00 ERROR 'ansible_navigator.actions.collections._parse' /workspaces/ansible/collections/ansible_collections/redhatofficial/rhel_hardening_roles/roles/rhel10_pci_dss/meta/argument_specs.yml Failed to find argument_specs.yml for role in redhatofficial.rhel_hardening_roles.
2026-07-07T02:38:27.569219+00:00 ERROR 'ansible_navigator.actions.collections._parse' /workspaces/ansible/collections/ansible_collections/redhatofficial/rhel_hardening_roles/roles/rhel10_ospp/meta/argument_specs.yml Failed to find argument_specs.yml for role in redhatofficial.rhel_hardening_roles.
2026-07-07T02:38:27.569236+00:00 ERROR 'ansible_navigator.actions.collections._parse' /workspaces/ansible/collections/ansible_collections/redhatofficial/rhel_hardening_roles/roles/rhel10_ism_o_top_secret/meta/argument_specs.yml Failed to find argument_specs.yml for role in redhatofficial.rhel_hardening_roles.
2026-07-07T02:38:27.569253+00:00 ERROR 'ansible_navigator.actions.collections._parse' /workspaces/ansible/collections/ansible_collections/redhatofficial/rhel_hardening_roles/roles/rhel10_ism_o_secret/meta/argument_specs.yml Failed to find argument_specs.yml for role in redhatofficial.rhel_hardening_roles.
2026-07-07T02:38:27.569270+00:00 ERROR 'ansible_navigator.actions.collections._parse' /workspaces/ansible/collections/ansible_collections/redhatofficial/rhel_hardening_roles/roles/rhel10_ism_o/meta/argument_specs.yml Failed to find argument_specs.yml for role in redhatofficial.rhel_hardening_roles.
2026-07-07T02:38:27.569287+00:00 ERROR 'ansible_navigator.actions.collections._parse' /workspaces/ansible/collections/ansible_collections/redhatofficial/rhel_hardening_roles/roles/rhel10_hipaa/meta/argument_specs.yml Failed to find argument_specs.yml for role in redhatofficial.rhel_hardening_roles.
2026-07-07T02:38:27.569307+00:00 ERROR 'ansible_navigator.actions.collections._parse' /workspaces/ansible/collections/ansible_collections/redhatofficial/rhel_hardening_roles/roles/rhel10_e8/meta/argument_specs.yml Failed to find argument_specs.yml for role in redhatofficial.rhel_hardening_roles.
2026-07-07T02:38:27.569357+00:00 ERROR 'ansible_navigator.actions.collections._parse' /workspaces/ansible/collections/ansible_collections/redhatofficial/rhel_hardening_roles/roles/rhel10_cis_workstation_l2/meta/argument_specs.yml Failed to find argument_specs.yml for role in redhatofficial.rhel_hardening_roles.
2026-07-07T02:38:27.569384+00:00 ERROR 'ansible_navigator.actions.collections._parse' /workspaces/ansible/collections/ansible_collections/redhatofficial/rhel_hardening_roles/roles/rhel10_cis_workstation_l1/meta/argument_specs.yml Failed to find argument_specs.yml for role in redhatofficial.rhel_hardening_roles.
2026-07-07T02:38:27.569406+00:00 ERROR 'ansible_navigator.actions.collections._parse' /workspaces/ansible/collections/ansible_collections/redhatofficial/rhel_hardening_roles/roles/rhel10_cis_server_l1/meta/argument_specs.yml Failed to find argument_specs.yml for role in redhatofficial.rhel_hardening_roles.
2026-07-07T02:38:27.569428+00:00 ERROR 'ansible_navigator.actions.collections._parse' /workspaces/ansible/collections/ansible_collections/redhatofficial/rhel_hardening_roles/roles/rhel10_cis/meta/argument_specs.yml Failed to find argument_specs.yml for role in redhatofficial.rhel_hardening_roles.
2026-07-07T02:38:27.569453+00:00 ERROR 'ansible_navigator.actions.collections._parse' /workspaces/ansible/collections/ansible_collections/redhatofficial/rhel_hardening_roles/roles/rhel10_bsi/meta/argument_specs.yml Failed to find argument_specs.yml for role in redhatofficial.rhel_hardening_roles.
2026-07-07T02:38:27.569477+00:00 ERROR 'ansible_navigator.actions.collections._parse' /workspaces/ansible/collections/ansible_collections/redhatofficial/rhel_hardening_roles/roles/rhel10_anssi_bp28_minimal/meta/argument_specs.yml Failed to find argument_specs.yml for role in redhatofficial.rhel_hardening_roles.
2026-07-07T02:38:27.569502+00:00 ERROR 'ansible_navigator.actions.collections._parse' /workspaces/ansible/collections/ansible_collections/redhatofficial/rhel_hardening_roles/roles/rhel10_anssi_bp28_intermediary/meta/argument_specs.yml Failed to find argument_specs.yml for role in redhatofficial.rhel_hardening_roles.
2026-07-07T02:38:27.569529+00:00 ERROR 'ansible_navigator.actions.collections._parse' /workspaces/ansible/collections/ansible_collections/redhatofficial/rhel_hardening_roles/roles/rhel10_anssi_bp28_high/meta/argument_specs.yml Failed to find argument_specs.yml for role in redhatofficial.rhel_hardening_roles.
2026-07-07T02:38:27.569551+00:00 ERROR 'ansible_navigator.actions.collections._parse' /workspaces/ansible/collections/ansible_collections/redhatofficial/rhel_hardening_roles/roles/rhel10_anssi_bp28_enhanced/meta/argument_specs.yml Failed to find argument_specs.yml for role in redhatofficial.rhel_hardening_roles.
2026-07-07T02:38:27.569567+00:00 ERROR 'ansible_navigator.actions.collections._parse' /usr/share/ansible/collections/ansible_collections/cloud/terraform/roles/git_plan/meta/main.yml Failed to find main.yml for role in cloud.terraform.
2026-07-07T02:38:27.569583+00:00 ERROR 'ansible_navigator.actions.collections._parse' /usr/share/ansible/collections/ansible_collections/cloud/terraform/roles/inventory_from_outputs/meta/main.yml Failed to find main.yml for role in cloud.terraform.
2026-07-07T02:38:27.569600+00:00 ERROR 'ansible_navigator.actions.collections._parse' /usr/share/ansible/collections/ansible_collections/redhat/sap_install/roles/sap_ha_install_hana_hsr/meta/argument_specs.yml Failed to find argument_specs.yml for role in redhat.sap_install.
2026-07-07T02:38:27.569616+00:00 ERROR 'ansible_navigator.actions.collections._parse' /usr/share/ansible/collections/ansible_collections/redhat/sap_install/roles/sap_swpm/meta/argument_specs.yml Failed to find argument_specs.yml for role in redhat.sap_install.
2026-07-07T02:38:27.569642+00:00 ERROR 'ansible_navigator.actions.collections._parse' /usr/share/ansible/collections/ansible_collections/redhat/sap_install/roles/sap_hana_preconfigure/meta/argument_specs.yml Failed to find argument_specs.yml for role in redhat.sap_install.
2026-07-07T02:38:27.569676+00:00 ERROR 'ansible_navigator.actions.collections._parse' /usr/share/ansible/collections/ansible_collections/redhat/sap_install/roles/sap_netweaver_preconfigure/meta/argument_specs.yml Failed to find argument_specs.yml for role in redhat.sap_install.
2026-07-07T02:38:27.569693+00:00 ERROR 'ansible_navigator.actions.collections._parse' /usr/share/ansible/collections/ansible_collections/redhat/sap_install/roles/sap_general_preconfigure/meta/argument_specs.yml Failed to find argument_specs.yml for role in redhat.sap_install.
2026-07-07T02:38:27.569709+00:00 ERROR 'ansible_navigator.actions.collections._parse' /usr/share/ansible/collections/ansible_collections/redhat/redhat_csp_download/roles/redhat_csp_download/meta/argument_specs.yml Failed to find argument_specs.yml for role in redhat.redhat_csp_download.
2026-07-07T02:38:27.569725+00:00 ERROR 'ansible_navigator.actions.collections._parse' /usr/share/ansible/collections/ansible_collections/redhat/redhat_csp_download/roles/redhat_csp_download/meta/main.yml Failed to find main.yml for role in redhat.redhat_csp_download.
2026-07-07T02:38:27.569740+00:00 ERROR 'ansible_navigator.actions.collections._parse' /usr/share/ansible/collections/ansible_collections/redhat/rhv/roles/vm_infra/meta/argument_specs.yml Failed to find argument_specs.yml for role in redhat.rhv.
2026-07-07T02:38:27.569756+00:00 ERROR 'ansible_navigator.actions.collections._parse' /usr/share/ansible/collections/ansible_collections/redhat/rhv/roles/vm_infra/meta/main.yml Failed to find main.yml for role in redhat.rhv.
2026-07-07T02:38:27.569771+00:00 ERROR 'ansible_navigator.actions.collections._parse' /usr/share/ansible/collections/ansible_collections/redhat/rhv/roles/image_template/meta/argument_specs.yml Failed to find argument_specs.yml for role in redhat.rhv.
2026-07-07T02:38:27.569786+00:00 ERROR 'ansible_navigator.actions.collections._parse' /usr/share/ansible/collections/ansible_collections/redhat/rhv/roles/image_template/meta/main.yml Failed to find main.yml for role in redhat.rhv.
2026-07-07T02:38:27.569802+00:00 ERROR 'ansible_navigator.actions.collections._parse' /usr/share/ansible/collections/ansible_collections/redhat/rhv/roles/repositories/meta/argument_specs.yml Failed to find argument_specs.yml for role in redhat.rhv.
2026-07-07T02:38:27.569817+00:00 ERROR 'ansible_navigator.actions.collections._parse' /usr/share/ansible/collections/ansible_collections/redhat/rhv/roles/repositories/meta/main.yml Failed to find main.yml for role in redhat.rhv.
2026-07-07T02:38:27.569832+00:00 ERROR 'ansible_navigator.actions.collections._parse' /usr/share/ansible/collections/ansible_collections/redhat/rhv/roles/engine_setup/meta/argument_specs.yml Failed to find argument_specs.yml for role in redhat.rhv.
2026-07-07T02:38:27.569847+00:00 ERROR 'ansible_navigator.actions.collections._parse' /usr/share/ansible/collections/ansible_collections/redhat/rhv/roles/engine_setup/meta/main.yml Failed to find main.yml for role in redhat.rhv.
2026-07-07T02:38:27.569862+00:00 ERROR 'ansible_navigator.actions.collections._parse' /usr/share/ansible/collections/ansible_collections/redhat/rhv/roles/cluster_upgrade/meta/argument_specs.yml Failed to find argument_specs.yml for role in redhat.rhv.
2026-07-07T02:38:27.569877+00:00 ERROR 'ansible_navigator.actions.collections._parse' /usr/share/ansible/collections/ansible_collections/redhat/rhv/roles/cluster_upgrade/meta/main.yml Failed to find main.yml for role in redhat.rhv.
2026-07-07T02:38:27.569894+00:00 ERROR 'ansible_navigator.actions.collections._parse' /usr/share/ansible/collections/ansible_collections/redhat/rhv/roles/shutdown_env/meta/argument_specs.yml Failed to find argument_specs.yml for role in redhat.rhv.
2026-07-07T02:38:27.569909+00:00 ERROR 'ansible_navigator.actions.collections._parse' /usr/share/ansible/collections/ansible_collections/redhat/rhv/roles/shutdown_env/meta/main.yml Failed to find main.yml for role in redhat.rhv.
2026-07-07T02:38:27.569927+00:00 ERROR 'ansible_navigator.actions.collections._parse' /usr/share/ansible/collections/ansible_collections/redhat/rhv/roles/hosted_engine_setup/meta/argument_specs.yml Failed to find argument_specs.yml for role in redhat.rhv.
2026-07-07T02:38:27.569943+00:00 ERROR 'ansible_navigator.actions.collections._parse' /usr/share/ansible/collections/ansible_collections/redhat/rhv/roles/hosted_engine_setup/meta/main.yml Failed to find main.yml for role in redhat.rhv.
2026-07-07T02:38:27.569958+00:00 ERROR 'ansible_navigator.actions.collections._parse' /usr/share/ansible/collections/ansible_collections/redhat/rhv/roles/remove_stale_lun/meta/argument_specs.yml Failed to find argument_specs.yml for role in redhat.rhv.
2026-07-07T02:38:27.569973+00:00 ERROR 'ansible_navigator.actions.collections._parse' /usr/share/ansible/collections/ansible_collections/redhat/rhv/roles/remove_stale_lun/meta/main.yml Failed to find main.yml for role in redhat.rhv.
2026-07-07T02:38:27.569989+00:00 ERROR 'ansible_navigator.actions.collections._parse' /usr/share/ansible/collections/ansible_collections/redhat/rhv/roles/infra/meta/argument_specs.yml Failed to find argument_specs.yml for role in redhat.rhv.
2026-07-07T02:38:27.570004+00:00 ERROR 'ansible_navigator.actions.collections._parse' /usr/share/ansible/collections/ansible_collections/redhat/rhv/roles/infra/meta/main.yml Failed to find main.yml for role in redhat.rhv.
2026-07-07T02:38:27.570019+00:00 ERROR 'ansible_navigator.actions.collections._parse' /usr/share/ansible/collections/ansible_collections/redhat/rhv/roles/disaster_recovery/meta/argument_specs.yml Failed to find argument_specs.yml for role in redhat.rhv.
2026-07-07T02:38:27.570034+00:00 ERROR 'ansible_navigator.actions.collections._parse' /usr/share/ansible/collections/ansible_collections/redhat/rhv/roles/disaster_recovery/meta/main.yml Failed to find main.yml for role in redhat.rhv.
2026-07-07T02:38:27.570049+00:00 ERROR 'ansible_navigator.actions.collections._parse' /usr/share/ansible/collections/ansible_collections/redhat/rhel_idm/roles/ipasmartcard_server/meta/argument_specs.yml Failed to find argument_specs.yml for role in redhat.rhel_idm.
2026-07-07T02:38:27.570064+00:00 ERROR 'ansible_navigator.actions.collections._parse' /usr/share/ansible/collections/ansible_collections/redhat/rhel_idm/roles/ipabackup/meta/argument_specs.yml Failed to find argument_specs.yml for role in redhat.rhel_idm.
2026-07-07T02:38:27.570078+00:00 ERROR 'ansible_navigator.actions.collections._parse' /usr/share/ansible/collections/ansible_collections/redhat/rhel_idm/roles/ipareplica/meta/argument_specs.yml Failed to find argument_specs.yml for role in redhat.rhel_idm.
2026-07-07T02:38:27.570093+00:00 ERROR 'ansible_navigator.actions.collections._parse' /usr/share/ansible/collections/ansible_collections/redhat/rhel_idm/roles/ipasmartcard_client/meta/argument_specs.yml Failed to find argument_specs.yml for role in redhat.rhel_idm.
2026-07-07T02:38:27.570109+00:00 ERROR 'ansible_navigator.actions.collections._parse' /usr/share/ansible/collections/ansible_collections/redhat/rhel_idm/roles/ipaserver/meta/argument_specs.yml Failed to find argument_specs.yml for role in redhat.rhel_idm.
2026-07-07T02:38:27.570125+00:00 ERROR 'ansible_navigator.actions.collections._parse' /usr/share/ansible/collections/ansible_collections/redhat/rhel_idm/roles/ipaclient/meta/argument_specs.yml Failed to find argument_specs.yml for role in redhat.rhel_idm.
2026-07-07T02:38:27.570140+00:00 ERROR 'ansible_navigator.actions.collections._parse' /usr/share/ansible/collections/ansible_collections/redhat/satellite_operations/roles/capsule_certs_generate/meta/argument_specs.yml Failed to find argument_specs.yml for role in redhat.satellite_operations.
2026-07-07T02:38:27.570154+00:00 ERROR 'ansible_navigator.actions.collections._parse' /usr/share/ansible/collections/ansible_collections/redhat/satellite_operations/roles/capsule_certs_generate/meta/main.yml Failed to find main.yml for role in redhat.satellite_operations.
2026-07-07T02:38:27.570171+00:00 ERROR 'ansible_navigator.actions.collections._parse' /usr/share/ansible/collections/ansible_collections/redhat/satellite_operations/roles/backup/meta/argument_specs.yml Failed to find argument_specs.yml for role in redhat.satellite_operations.
2026-07-07T02:38:27.570187+00:00 ERROR 'ansible_navigator.actions.collections._parse' /usr/share/ansible/collections/ansible_collections/redhat/satellite_operations/roles/backup/meta/main.yml Failed to find main.yml for role in redhat.satellite_operations.
2026-07-07T02:38:27.570202+00:00 ERROR 'ansible_navigator.actions.collections._parse' /usr/share/ansible/collections/ansible_collections/redhat/satellite_operations/roles/installer/meta/argument_specs.yml Failed to find argument_specs.yml for role in redhat.satellite_operations.
2026-07-07T02:38:27.570217+00:00 ERROR 'ansible_navigator.actions.collections._parse' /usr/share/ansible/collections/ansible_collections/redhat/satellite_operations/roles/installer/meta/main.yml Failed to find main.yml for role in redhat.satellite_operations.
2026-07-07T02:38:27.570232+00:00 ERROR 'ansible_navigator.actions.collections._parse' /usr/share/ansible/collections/ansible_collections/redhat/satellite_operations/roles/cloud_connector/meta/argument_specs.yml Failed to find argument_specs.yml for role in redhat.satellite_operations.
2026-07-07T02:38:27.570246+00:00 ERROR 'ansible_navigator.actions.collections._parse' /usr/share/ansible/collections/ansible_collections/redhat/satellite_operations/roles/cloud_connector/meta/main.yml Failed to find main.yml for role in redhat.satellite_operations.
2026-07-07T02:38:27.570261+00:00 ERROR 'ansible_navigator.actions.collections._parse' /usr/share/ansible/collections/ansible_collections/redhat/rhel_system_roles/roles/private_metrics_subrole_grafana/meta/argument_specs.yml Failed to find argument_specs.yml for role in redhat.rhel_system_roles.
2026-07-07T02:38:27.570276+00:00 ERROR 'ansible_navigator.actions.collections._parse' /usr/share/ansible/collections/ansible_collections/redhat/rhel_system_roles/roles/private_metrics_subrole_keyserver/meta/argument_specs.yml Failed to find argument_specs.yml for role in redhat.rhel_system_roles.
2026-07-07T02:38:27.570291+00:00 ERROR 'ansible_navigator.actions.collections._parse' /usr/share/ansible/collections/ansible_collections/redhat/rhel_system_roles/roles/storage/meta/argument_specs.yml Failed to find argument_specs.yml for role in redhat.rhel_system_roles.
2026-07-07T02:38:27.570307+00:00 ERROR 'ansible_navigator.actions.collections._parse' /usr/share/ansible/collections/ansible_collections/redhat/rhel_system_roles/roles/rhc/meta/argument_specs.yml Failed to find argument_specs.yml for role in redhat.rhel_system_roles.
2026-07-07T02:38:27.570341+00:00 ERROR 'ansible_navigator.actions.collections._parse' /usr/share/ansible/collections/ansible_collections/redhat/rhel_system_roles/roles/podman/meta/argument_specs.yml Failed to find argument_specs.yml for role in redhat.rhel_system_roles.
2026-07-07T02:38:27.570358+00:00 ERROR 'ansible_navigator.actions.collections._parse' /usr/share/ansible/collections/ansible_collections/redhat/rhel_system_roles/roles/nbde_server/meta/argument_specs.yml Failed to find argument_specs.yml for role in redhat.rhel_system_roles.
2026-07-07T02:38:27.570380+00:00 ERROR 'ansible_navigator.actions.collections._parse' /usr/share/ansible/collections/ansible_collections/redhat/rhel_system_roles/roles/private_metrics_subrole_mssql/meta/argument_specs.yml Failed to find argument_specs.yml for role in redhat.rhel_system_roles.
2026-07-07T02:38:27.570403+00:00 ERROR 'ansible_navigator.actions.collections._parse' /usr/share/ansible/collections/ansible_collections/redhat/rhel_system_roles/roles/cockpit/meta/argument_specs.yml Failed to find argument_specs.yml for role in redhat.rhel_system_roles.
2026-07-07T02:38:27.570424+00:00 ERROR 'ansible_navigator.actions.collections._parse' /usr/share/ansible/collections/ansible_collections/redhat/rhel_system_roles/roles/postfix/meta/argument_specs.yml Failed to find argument_specs.yml for role in redhat.rhel_system_roles.
2026-07-07T02:38:27.570459+00:00 ERROR 'ansible_navigator.actions.collections._parse' /usr/share/ansible/collections/ansible_collections/redhat/rhel_system_roles/roles/tlog/meta/argument_specs.yml Failed to find argument_specs.yml for role in redhat.rhel_system_roles.
2026-07-07T02:38:27.570476+00:00 ERROR 'ansible_navigator.actions.collections._parse' /usr/share/ansible/collections/ansible_collections/redhat/rhel_system_roles/roles/ssh/meta/argument_specs.yml Failed to find argument_specs.yml for role in redhat.rhel_system_roles.
2026-07-07T02:38:27.570491+00:00 ERROR 'ansible_navigator.actions.collections._parse' /usr/share/ansible/collections/ansible_collections/redhat/rhel_system_roles/roles/bootloader/meta/argument_specs.yml Failed to find argument_specs.yml for role in redhat.rhel_system_roles.
2026-07-07T02:38:27.570506+00:00 ERROR 'ansible_navigator.actions.collections._parse' /usr/share/ansible/collections/ansible_collections/redhat/rhel_system_roles/roles/keylime_server/meta/argument_specs.yml Failed to find argument_specs.yml for role in redhat.rhel_system_roles.
2026-07-07T02:38:27.570522+00:00 ERROR 'ansible_navigator.actions.collections._parse' /usr/share/ansible/collections/ansible_collections/redhat/rhel_system_roles/roles/certificate/meta/argument_specs.yml Failed to find argument_specs.yml for role in redhat.rhel_system_roles.
2026-07-07T02:38:27.570537+00:00 ERROR 'ansible_navigator.actions.collections._parse' /usr/share/ansible/collections/ansible_collections/redhat/rhel_system_roles/roles/nbde_client/meta/argument_specs.yml Failed to find argument_specs.yml for role in redhat.rhel_system_roles.
2026-07-07T02:38:27.570552+00:00 ERROR 'ansible_navigator.actions.collections._parse' /usr/share/ansible/collections/ansible_collections/redhat/rhel_system_roles/roles/sudo/meta/argument_specs.yml Failed to find argument_specs.yml for role in redhat.rhel_system_roles.
2026-07-07T02:38:27.570567+00:00 ERROR 'ansible_navigator.actions.collections._parse' /usr/share/ansible/collections/ansible_collections/redhat/rhel_system_roles/roles/sshd/meta/argument_specs.yml Failed to find argument_specs.yml for role in redhat.rhel_system_roles.
2026-07-07T02:38:27.570582+00:00 ERROR 'ansible_navigator.actions.collections._parse' /usr/share/ansible/collections/ansible_collections/redhat/rhel_system_roles/roles/private_metrics_subrole_repository/meta/argument_specs.yml Failed to find argument_specs.yml for role in redhat.rhel_system_roles.
2026-07-07T02:38:27.570598+00:00 ERROR 'ansible_navigator.actions.collections._parse' /usr/share/ansible/collections/ansible_collections/redhat/rhel_system_roles/roles/private_metrics_subrole_elasticsearch/meta/argument_specs.yml Failed to find argument_specs.yml for role in redhat.rhel_system_roles.
2026-07-07T02:38:27.570613+00:00 ERROR 'ansible_navigator.actions.collections._parse' /usr/share/ansible/collections/ansible_collections/redhat/rhel_system_roles/roles/systemd/meta/argument_specs.yml Failed to find argument_specs.yml for role in redhat.rhel_system_roles.
2026-07-07T02:38:27.570628+00:00 ERROR 'ansible_navigator.actions.collections._parse' /usr/share/ansible/collections/ansible_collections/redhat/rhel_system_roles/roles/private_metrics_subrole_bpftrace/meta/argument_specs.yml Failed to find argument_specs.yml for role in redhat.rhel_system_roles.
2026-07-07T02:38:27.570642+00:00 ERROR 'ansible_navigator.actions.collections._parse' /usr/share/ansible/collections/ansible_collections/redhat/rhel_system_roles/roles/firewall/meta/argument_specs.yml Failed to find argument_specs.yml for role in redhat.rhel_system_roles.
2026-07-07T02:38:27.570670+00:00 ERROR 'ansible_navigator.actions.collections._parse' /usr/share/ansible/collections/ansible_collections/redhat/rhel_system_roles/roles/vpn/meta/argument_specs.yml Failed to find argument_specs.yml for role in redhat.rhel_system_roles.
2026-07-07T02:38:27.570688+00:00 ERROR 'ansible_navigator.actions.collections._parse' /usr/share/ansible/collections/ansible_collections/redhat/rhel_system_roles/roles/network/meta/argument_specs.yml Failed to find argument_specs.yml for role in redhat.rhel_system_roles.
2026-07-07T02:38:27.570704+00:00 ERROR 'ansible_navigator.actions.collections._parse' /usr/share/ansible/collections/ansible_collections/redhat/rhel_system_roles/roles/private_metrics_subrole_spark/meta/argument_specs.yml Failed to find argument_specs.yml for role in redhat.rhel_system_roles.
2026-07-07T02:38:27.570720+00:00 ERROR 'ansible_navigator.actions.collections._parse' /usr/share/ansible/collections/ansible_collections/redhat/rhel_system_roles/roles/private_metrics_subrole_pcp/meta/argument_specs.yml Failed to find argument_specs.yml for role in redhat.rhel_system_roles.
2026-07-07T02:38:27.570737+00:00 ERROR 'ansible_navigator.actions.collections._parse' /usr/share/ansible/collections/ansible_collections/redhat/rhel_system_roles/roles/metrics/meta/argument_specs.yml Failed to find argument_specs.yml for role in redhat.rhel_system_roles.
2026-07-07T02:38:27.570754+00:00 ERROR 'ansible_navigator.actions.collections._parse' /usr/share/ansible/collections/ansible_collections/redhat/rhel_system_roles/roles/crypto_policies/meta/argument_specs.yml Failed to find argument_specs.yml for role in redhat.rhel_system_roles.
2026-07-07T02:38:27.570768+00:00 ERROR 'ansible_navigator.actions.collections._parse' /usr/share/ansible/collections/ansible_collections/redhat/rhel_system_roles/roles/journald/meta/argument_specs.yml Failed to find argument_specs.yml for role in redhat.rhel_system_roles.
2026-07-07T02:38:27.570783+00:00 ERROR 'ansible_navigator.actions.collections._parse' /usr/share/ansible/collections/ansible_collections/redhat/rhel_system_roles/roles/postgresql/meta/argument_specs.yml Failed to find argument_specs.yml for role in redhat.rhel_system_roles.
2026-07-07T02:38:27.570798+00:00 ERROR 'ansible_navigator.actions.collections._parse' /usr/share/ansible/collections/ansible_collections/redhat/rhel_system_roles/roles/logging/meta/argument_specs.yml Failed to find argument_specs.yml for role in redhat.rhel_system_roles.
2026-07-07T02:38:27.570813+00:00 ERROR 'ansible_navigator.actions.collections._parse' /usr/share/ansible/collections/ansible_collections/redhat/rhel_system_roles/roles/selinux/meta/argument_specs.yml Failed to find argument_specs.yml for role in redhat.rhel_system_roles.
2026-07-07T02:38:27.570828+00:00 ERROR 'ansible_navigator.actions.collections._parse' /usr/share/ansible/collections/ansible_collections/redhat/rhel_system_roles/roles/aide/meta/argument_specs.yml Failed to find argument_specs.yml for role in redhat.rhel_system_roles.
2026-07-07T02:38:27.570844+00:00 ERROR 'ansible_navigator.actions.collections._parse' /usr/share/ansible/collections/ansible_collections/redhat/rhel_system_roles/roles/timesync/meta/argument_specs.yml Failed to find argument_specs.yml for role in redhat.rhel_system_roles.
2026-07-07T02:38:27.570859+00:00 ERROR 'ansible_navigator.actions.collections._parse' /usr/share/ansible/collections/ansible_collections/redhat/rhel_system_roles/roles/private_metrics_subrole_postfix/meta/argument_specs.yml Failed to find argument_specs.yml for role in redhat.rhel_system_roles.
2026-07-07T02:38:27.570873+00:00 ERROR 'ansible_navigator.actions.collections._parse' /usr/share/ansible/collections/ansible_collections/redhat/rhel_system_roles/roles/ha_cluster/meta/argument_specs.yml Failed to find argument_specs.yml for role in redhat.rhel_system_roles.
2026-07-07T02:38:27.570889+00:00 ERROR 'ansible_navigator.actions.collections._parse' /usr/share/ansible/collections/ansible_collections/redhat/rhel_system_roles/roles/kdump/meta/argument_specs.yml Failed to find argument_specs.yml for role in redhat.rhel_system_roles.
2026-07-07T02:38:27.570904+00:00 ERROR 'ansible_navigator.actions.collections._parse' /usr/share/ansible/collections/ansible_collections/redhat/rhel_system_roles/roles/kernel_settings/meta/argument_specs.yml Failed to find argument_specs.yml for role in redhat.rhel_system_roles.
2026-07-07T02:38:27.570921+00:00 ERROR 'ansible_navigator.actions.collections._parse' /usr/share/ansible/collections/ansible_collections/redhat/rhel_system_roles/roles/ad_integration/meta/argument_specs.yml Failed to find argument_specs.yml for role in redhat.rhel_system_roles.
2026-07-07T02:38:27.570937+00:00 ERROR 'ansible_navigator.actions.collections._parse' /usr/share/ansible/collections/ansible_collections/redhat/rhel_system_roles/roles/private_logging_subrole_rsyslog/meta/argument_specs.yml Failed to find argument_specs.yml for role in redhat.rhel_system_roles.
2026-07-07T02:38:27.570952+00:00 ERROR 'ansible_navigator.actions.collections._parse' /usr/share/ansible/collections/ansible_collections/redhat/rhel_system_roles/roles/snapshot/meta/argument_specs.yml Failed to find argument_specs.yml for role in redhat.rhel_system_roles.
2026-07-07T02:38:27.570967+00:00 ERROR 'ansible_navigator.actions.collections._parse' /usr/share/ansible/collections/ansible_collections/redhat/rhel_system_roles/roles/fapolicyd/meta/argument_specs.yml Failed to find argument_specs.yml for role in redhat.rhel_system_roles.
2026-07-07T02:38:27.570983+00:00 ERROR 'ansible_navigator.actions.collections._parse' /usr/share/ansible/collections/ansible_collections/redhat/insights/roles/compliance/meta/argument_specs.yml Failed to find argument_specs.yml for role in redhat.insights.
2026-07-07T02:38:27.570998+00:00 ERROR 'ansible_navigator.actions.collections._parse' /usr/share/ansible/collections/ansible_collections/redhat/insights/roles/insights_client/meta/argument_specs.yml Failed to find argument_specs.yml for role in redhat.insights.
2026-07-07T02:38:27.571012+00:00 ERROR 'ansible_navigator.actions.collections._parse' /usr/share/ansible/collections/ansible_collections/redhat/satellite/roles/compute_profiles/meta/argument_specs.yml Failed to find argument_specs.yml for role in redhat.satellite.
2026-07-07T02:38:27.571027+00:00 ERROR 'ansible_navigator.actions.collections._parse' /usr/share/ansible/collections/ansible_collections/redhat/satellite/roles/compute_profiles/meta/main.yml Failed to find main.yml for role in redhat.satellite.
2026-07-07T02:38:27.571043+00:00 ERROR 'ansible_navigator.actions.collections._parse' /usr/share/ansible/collections/ansible_collections/redhat/satellite/roles/content_views/meta/argument_specs.yml Failed to find argument_specs.yml for role in redhat.satellite.
2026-07-07T02:38:27.571058+00:00 ERROR 'ansible_navigator.actions.collections._parse' /usr/share/ansible/collections/ansible_collections/redhat/satellite/roles/content_views/meta/main.yml Failed to find main.yml for role in redhat.satellite.
2026-07-07T02:38:27.571073+00:00 ERROR 'ansible_navigator.actions.collections._parse' /usr/share/ansible/collections/ansible_collections/redhat/satellite/roles/activation_keys/meta/argument_specs.yml Failed to find argument_specs.yml for role in redhat.satellite.
2026-07-07T02:38:27.571087+00:00 ERROR 'ansible_navigator.actions.collections._parse' /usr/share/ansible/collections/ansible_collections/redhat/satellite/roles/activation_keys/meta/main.yml Failed to find main.yml for role in redhat.satellite.
2026-07-07T02:38:27.571102+00:00 ERROR 'ansible_navigator.actions.collections._parse' /usr/share/ansible/collections/ansible_collections/redhat/satellite/roles/sync_plans/meta/argument_specs.yml Failed to find argument_specs.yml for role in redhat.satellite.
2026-07-07T02:38:27.571116+00:00 ERROR 'ansible_navigator.actions.collections._parse' /usr/share/ansible/collections/ansible_collections/redhat/satellite/roles/sync_plans/meta/main.yml Failed to find main.yml for role in redhat.satellite.
2026-07-07T02:38:27.571132+00:00 ERROR 'ansible_navigator.actions.collections._parse' /usr/share/ansible/collections/ansible_collections/redhat/satellite/roles/content_rhel/meta/argument_specs.yml Failed to find argument_specs.yml for role in redhat.satellite.
2026-07-07T02:38:27.571147+00:00 ERROR 'ansible_navigator.actions.collections._parse' /usr/share/ansible/collections/ansible_collections/redhat/satellite/roles/content_rhel/meta/main.yml Failed to find main.yml for role in redhat.satellite.
2026-07-07T02:38:27.571165+00:00 ERROR 'ansible_navigator.actions.collections._parse' /usr/share/ansible/collections/ansible_collections/redhat/satellite/roles/convert2rhel/meta/argument_specs.yml Failed to find argument_specs.yml for role in redhat.satellite.
2026-07-07T02:38:27.571181+00:00 ERROR 'ansible_navigator.actions.collections._parse' /usr/share/ansible/collections/ansible_collections/redhat/satellite/roles/convert2rhel/meta/main.yml Failed to find main.yml for role in redhat.satellite.
2026-07-07T02:38:27.571197+00:00 ERROR 'ansible_navigator.actions.collections._parse' /usr/share/ansible/collections/ansible_collections/redhat/satellite/roles/repositories/meta/argument_specs.yml Failed to find argument_specs.yml for role in redhat.satellite.
2026-07-07T02:38:27.571220+00:00 ERROR 'ansible_navigator.actions.collections._parse' /usr/share/ansible/collections/ansible_collections/redhat/satellite/roles/repositories/meta/main.yml Failed to find main.yml for role in redhat.satellite.
2026-07-07T02:38:27.571243+00:00 ERROR 'ansible_navigator.actions.collections._parse' /usr/share/ansible/collections/ansible_collections/redhat/satellite/roles/manifest/meta/argument_specs.yml Failed to find argument_specs.yml for role in redhat.satellite.
2026-07-07T02:38:27.571265+00:00 ERROR 'ansible_navigator.actions.collections._parse' /usr/share/ansible/collections/ansible_collections/redhat/satellite/roles/manifest/meta/main.yml Failed to find main.yml for role in redhat.satellite.
2026-07-07T02:38:27.571281+00:00 ERROR 'ansible_navigator.actions.collections._parse' /usr/share/ansible/collections/ansible_collections/redhat/satellite/roles/auth_sources_ldap/meta/argument_specs.yml Failed to find argument_specs.yml for role in redhat.satellite.
2026-07-07T02:38:27.571297+00:00 ERROR 'ansible_navigator.actions.collections._parse' /usr/share/ansible/collections/ansible_collections/redhat/satellite/roles/auth_sources_ldap/meta/main.yml Failed to find main.yml for role in redhat.satellite.
2026-07-07T02:38:27.572115+00:00 ERROR 'ansible_navigator.actions.collections._parse' /usr/share/ansible/collections/ansible_collections/redhat/satellite/roles/content_credentials/meta/argument_specs.yml Failed to find argument_specs.yml for role in redhat.satellite.
2026-07-07T02:38:27.572190+00:00 ERROR 'ansible_navigator.actions.collections._parse' /usr/share/ansible/collections/ansible_collections/redhat/satellite/roles/content_credentials/meta/main.yml Failed to find main.yml for role in redhat.satellite.
2026-07-07T02:38:27.572211+00:00 ERROR 'ansible_navigator.actions.collections._parse' /usr/share/ansible/collections/ansible_collections/redhat/satellite/roles/content_view_version_cleanup/meta/argument_specs.yml Failed to find argument_specs.yml for role in redhat.satellite.
2026-07-07T02:38:27.572228+00:00 ERROR 'ansible_navigator.actions.collections._parse' /usr/share/ansible/collections/ansible_collections/redhat/satellite/roles/content_view_version_cleanup/meta/main.yml Failed to find main.yml for role in redhat.satellite.
2026-07-07T02:38:27.572245+00:00 ERROR 'ansible_navigator.actions.collections._parse' /usr/share/ansible/collections/ansible_collections/redhat/satellite/roles/hostgroups/meta/argument_specs.yml Failed to find argument_specs.yml for role in redhat.satellite.
2026-07-07T02:38:27.572262+00:00 ERROR 'ansible_navigator.actions.collections._parse' /usr/share/ansible/collections/ansible_collections/redhat/satellite/roles/hostgroups/meta/main.yml Failed to find main.yml for role in redhat.satellite.
2026-07-07T02:38:27.572278+00:00 ERROR 'ansible_navigator.actions.collections._parse' /usr/share/ansible/collections/ansible_collections/redhat/satellite/roles/settings/meta/argument_specs.yml Failed to find argument_specs.yml for role in redhat.satellite.
2026-07-07T02:38:27.572294+00:00 ERROR 'ansible_navigator.actions.collections._parse' /usr/share/ansible/collections/ansible_collections/redhat/satellite/roles/settings/meta/main.yml Failed to find main.yml for role in redhat.satellite.
2026-07-07T02:38:27.572331+00:00 ERROR 'ansible_navigator.actions.collections._parse' /usr/share/ansible/collections/ansible_collections/redhat/satellite/roles/compute_resources/meta/argument_specs.yml Failed to find argument_specs.yml for role in redhat.satellite.
2026-07-07T02:38:27.572351+00:00 ERROR 'ansible_navigator.actions.collections._parse' /usr/share/ansible/collections/ansible_collections/redhat/satellite/roles/compute_resources/meta/main.yml Failed to find main.yml for role in redhat.satellite.
2026-07-07T02:38:27.572366+00:00 ERROR 'ansible_navigator.actions.collections._parse' /usr/share/ansible/collections/ansible_collections/redhat/satellite/roles/provisioning_templates/meta/argument_specs.yml Failed to find argument_specs.yml for role in redhat.satellite.
2026-07-07T02:38:27.572382+00:00 ERROR 'ansible_navigator.actions.collections._parse' /usr/share/ansible/collections/ansible_collections/redhat/satellite/roles/provisioning_templates/meta/main.yml Failed to find main.yml for role in redhat.satellite.
2026-07-07T02:38:27.572399+00:00 ERROR 'ansible_navigator.actions.collections._parse' /usr/share/ansible/collections/ansible_collections/redhat/satellite/roles/content_view_publish/meta/argument_specs.yml Failed to find argument_specs.yml for role in redhat.satellite.
2026-07-07T02:38:27.572415+00:00 ERROR 'ansible_navigator.actions.collections._parse' /usr/share/ansible/collections/ansible_collections/redhat/satellite/roles/content_view_publish/meta/main.yml Failed to find main.yml for role in redhat.satellite.
2026-07-07T02:38:27.572430+00:00 ERROR 'ansible_navigator.actions.collections._parse' /usr/share/ansible/collections/ansible_collections/redhat/satellite/roles/operatingsystems/meta/argument_specs.yml Failed to find argument_specs.yml for role in redhat.satellite.
2026-07-07T02:38:27.572446+00:00 ERROR 'ansible_navigator.actions.collections._parse' /usr/share/ansible/collections/ansible_collections/redhat/satellite/roles/operatingsystems/meta/main.yml Failed to find main.yml for role in redhat.satellite.
2026-07-07T02:38:27.572461+00:00 ERROR 'ansible_navigator.actions.collections._parse' /usr/share/ansible/collections/ansible_collections/redhat/satellite/roles/subnets/meta/argument_specs.yml Failed to find argument_specs.yml for role in redhat.satellite.
2026-07-07T02:38:27.572476+00:00 ERROR 'ansible_navigator.actions.collections._parse' /usr/share/ansible/collections/ansible_collections/redhat/satellite/roles/subnets/meta/main.yml Failed to find main.yml for role in redhat.satellite.
2026-07-07T02:38:27.572492+00:00 ERROR 'ansible_navigator.actions.collections._parse' /usr/share/ansible/collections/ansible_collections/redhat/satellite/roles/organizations/meta/argument_specs.yml Failed to find argument_specs.yml for role in redhat.satellite.
2026-07-07T02:38:27.572509+00:00 ERROR 'ansible_navigator.actions.collections._parse' /usr/share/ansible/collections/ansible_collections/redhat/satellite/roles/organizations/meta/main.yml Failed to find main.yml for role in redhat.satellite.
2026-07-07T02:38:27.572525+00:00 ERROR 'ansible_navigator.actions.collections._parse' /usr/share/ansible/collections/ansible_collections/redhat/satellite/roles/lifecycle_environments/meta/argument_specs.yml Failed to find argument_specs.yml for role in redhat.satellite.
2026-07-07T02:38:27.572540+00:00 ERROR 'ansible_navigator.actions.collections._parse' /usr/share/ansible/collections/ansible_collections/redhat/satellite/roles/lifecycle_environments/meta/main.yml Failed to find main.yml for role in redhat.satellite.
2026-07-07T02:38:27.572557+00:00 ERROR 'ansible_navigator.actions.collections._parse' /usr/share/ansible/collections/ansible_collections/redhat/satellite/roles/domains/meta/argument_specs.yml Failed to find argument_specs.yml for role in redhat.satellite.
2026-07-07T02:38:27.572572+00:00 ERROR 'ansible_navigator.actions.collections._parse' /usr/share/ansible/collections/ansible_collections/redhat/satellite/roles/domains/meta/main.yml Failed to find main.yml for role in redhat.satellite.
